task_id,timestamp,task_type,amount,deadline_hours,is_recurring,time_of_day,day_of_week,intervention_label,_generating_rule
synth_00000,2026-01-01T08:00:00,appointment,0.0,1.2,0,8,1,1,non_financial_but_imminent
synth_00001,2026-01-01T17:00:00,paperwork,0.0,54.2,0,17,0,0,non_financial_low_risk
synth_00002,2026-01-01T22:00:00,bill_payment,54.64,44.2,0,22,5,0,low_amount
synth_00003,2026-01-01T05:00:00,bill_payment,129.96,97.7,0,5,5,0,low_amount
synth_00004,2026-01-01T11:00:00,bill_payment,15.31,5.2,0,11,6,1,deadline_override
synth_00005,2026-01-01T02:00:00,bill_payment,30.15,6.4,0,2,4,0,low_amount
synth_00006,2026-01-01T11:00:00,appointment,0.0,104.0,0,11,4,0,non_financial_low_risk
synth_00007,2026-01-01T03:00:00,bill_payment,567.37,202.3,0,3,3,0,low_amount
synth_00008,2026-01-01T11:00:00,appointment,0.0,21.8,0,11,2,0,non_financial_low_risk
synth_00009,2026-01-01T12:00:00,bill_payment,190.27,62.7,1,12,2,0,recurring_suppressed
synth_00010,2026-01-01T21:00:00,appointment,0.0,39.1,0,21,2,0,non_financial_low_risk
synth_00011,2026-01-01T01:00:00,paperwork,0.0,12.5,0,1,6,0,non_financial_low_risk
synth_00012,2026-01-01T20:00:00,bill_payment,418.36,51.1,0,20,3,0,low_amount
synth_00013,2026-01-01T18:00:00,bill_payment,404.56,66.0,0,18,3,0,low_amount
synth_00014,2026-01-01T15:00:00,reminder,0.0,7.1,0,15,0,0,non_financial_low_risk
synth_00015,2026-01-01T05:00:00,reminder,0.0,8.0,0,5,6,0,non_financial_low_risk
synth_00016,2026-01-01T19:00:00,appointment,0.0,23.3,0,19,3,0,non_financial_low_risk
synth_00017,2026-01-01T00:00:00,reminder,0.0,94.6,0,0,5,0,non_financial_low_risk
synth_00018,2026-01-01T08:00:00,appointment,0.0,37.0,0,8,6,0,non_financial_low_risk
synth_00019,2026-01-01T08:00:00,bill_payment,118.47,147.6,0,8,4,0,low_amount
synth_00020,2026-01-02T20:00:00,appointment,0.0,5.4,0,20,2,0,non_financial_low_risk
synth_00021,2026-01-02T11:00:00,appointment,0.0,10.6,0,11,6,0,non_financial_low_risk
synth_00022,2026-01-02T00:00:00,reminder,0.0,122.7,0,0,4,0,non_financial_low_risk
synth_00023,2026-01-02T02:00:00,bill_payment,366.43,2.9,0,2,0,1,deadline_override
synth_00024,2026-01-02T17:00:00,paperwork,0.0,183.2,0,17,6,0,non_financial_low_risk
synth_00025,2026-01-02T05:00:00,appointment,0.0,140.9,0,5,2,0,non_financial_low_risk
synth_00026,2026-01-02T17:00:00,appointment,0.0,160.0,0,17,6,0,non_financial_low_risk
synth_00027,2026-01-02T07:00:00,bill_payment,245.51,35.0,1,7,0,0,recurring_suppressed
synth_00028,2026-01-02T07:00:00,appointment,0.0,12.6,0,7,0,0,non_financial_low_risk
synth_00029,2026-01-02T01:00:00,appointment,0.0,12.5,0,1,6,0,non_financial_low_risk
synth_00030,2026-01-02T15:00:00,appointment,0.0,15.7,0,15,1,0,non_financial_low_risk
synth_00031,2026-01-02T18:00:00,paperwork,0.0,102.7,0,18,3,0,non_financial_low_risk
synth_00032,2026-01-02T03:00:00,appointment,0.0,25.1,0,3,0,0,non_financial_low_risk
synth_00033,2026-01-02T20:00:00,bill_payment,43.29,2.7,0,20,0,1,deadline_override
synth_00034,2026-01-02T03:00:00,paperwork,0.0,77.4,0,3,1,0,non_financial_low_risk
synth_00035,2026-01-02T05:00:00,appointment,0.0,7.2,0,5,2,0,non_financial_low_risk
synth_00036,2026-01-02T17:00:00,reminder,0.0,3.8,0,17,0,0,non_financial_low_risk
synth_00037,2026-01-02T02:00:00,reminder,0.0,86.8,0,2,6,0,non_financial_low_risk
synth_00038,2026-01-02T12:00:00,bill_payment,143.39,24.6,1,12,0,0,recurring_suppressed
synth_00039,2026-01-02T17:00:00,bill_payment,396.87,26.4,0,17,5,0,low_amount
synth_00040,2026-01-03T18:00:00,bill_payment,205.69,66.2,1,18,3,0,recurring_suppressed
synth_00041,2026-01-03T16:00:00,reminder,0.0,8.2,0,16,0,0,non_financial_low_risk
synth_00042,2026-01-03T01:00:00,bill_payment,10,40.5,0,1,4,0,low_amount
synth_00043,2026-01-03T10:00:00,appointment,0.0,40.0,0,10,2,0,non_financial_low_risk
synth_00044,2026-01-03T12:00:00,paperwork,0.0,13.1,0,12,1,0,non_financial_low_risk
synth_00045,2026-01-03T18:00:00,bill_payment,36.67,3.6,0,18,0,1,deadline_override
synth_00046,2026-01-03T19:00:00,bill_payment,110.79,86.1,0,19,6,0,low_amount
synth_00047,2026-01-03T04:00:00,bill_payment,348.66,52.3,0,4,2,0,low_amount
synth_00048,2026-01-03T06:00:00,bill_payment,170.38,44.6,0,6,5,0,low_amount
synth_00049,2026-01-03T13:00:00,bill_payment,118.08,89.8,1,13,6,0,recurring_suppressed
synth_00050,2026-01-03T17:00:00,bill_payment,607.82,14.6,0,17,5,0,low_amount
synth_00051,2026-01-03T04:00:00,bill_payment,794.28,86.4,0,4,3,0,low_amount
synth_00052,2026-01-03T13:00:00,bill_payment,71.59,5.2,0,13,4,1,deadline_override
synth_00053,2026-01-03T05:00:00,reminder,0.0,13.0,0,5,6,0,non_financial_low_risk
synth_00054,2026-01-03T23:00:00,reminder,0.0,1.2,0,23,2,1,non_financial_but_imminent
synth_00055,2026-01-03T22:00:00,bill_payment,497.79,13.7,1,22,0,0,recurring_suppressed
synth_00056,2026-01-03T07:00:00,bill_payment,138.5,120.3,0,7,1,1,low_amount
synth_00057,2026-01-03T20:00:00,bill_payment,13.61,163.6,1,20,4,0,recurring_suppressed
synth_00058,2026-01-03T00:00:00,reminder,0.0,36.9,0,0,0,0,non_financial_low_risk
synth_00059,2026-01-03T03:00:00,bill_payment,37.96,27.5,0,3,3,0,low_amount
synth_00060,2026-01-04T21:00:00,bill_payment,32.31,35.2,0,21,5,0,low_amount
synth_00061,2026-01-04T13:00:00,paperwork,0.0,10.5,0,13,0,0,non_financial_low_risk
synth_00062,2026-01-04T21:00:00,reminder,0.0,46.8,0,21,6,0,non_financial_low_risk
synth_00063,2026-01-04T21:00:00,reminder,0.0,34.0,0,21,3,0,non_financial_low_risk
synth_00064,2026-01-04T06:00:00,appointment,0.0,38.8,0,6,3,0,non_financial_low_risk
synth_00065,2026-01-04T00:00:00,bill_payment,261.62,40.4,0,0,2,0,low_amount
synth_00066,2026-01-04T06:00:00,bill_payment,229.78,30.0,0,6,4,0,low_amount
synth_00067,2026-01-04T05:00:00,reminder,0.0,76.3,0,5,5,0,non_financial_low_risk
synth_00068,2026-01-04T10:00:00,appointment,0.0,48.1,0,10,0,0,non_financial_low_risk
synth_00069,2026-01-04T07:00:00,paperwork,0.0,53.6,0,7,6,0,non_financial_low_risk
synth_00070,2026-01-04T13:00:00,bill_payment,59.3,91.0,1,13,5,0,recurring_suppressed
synth_00071,2026-01-04T12:00:00,paperwork,0.0,23.3,0,12,1,0,non_financial_low_risk
synth_00072,2026-01-04T03:00:00,appointment,0.0,107.1,0,3,6,0,non_financial_low_risk
synth_00073,2026-01-04T03:00:00,bill_payment,891.43,2.5,1,3,3,1,deadline_override
synth_00074,2026-01-04T17:00:00,appointment,0.0,36.4,0,17,4,0,non_financial_low_risk
synth_00075,2026-01-04T23:00:00,paperwork,0.0,28.1,0,23,4,0,non_financial_low_risk
synth_00076,2026-01-04T05:00:00,reminder,0.0,28.3,0,5,5,0,non_financial_low_risk
synth_00077,2026-01-04T20:00:00,appointment,0.0,66.9,0,20,2,0,non_financial_low_risk
synth_00078,2026-01-04T08:00:00,appointment,0.0,47.3,0,8,3,0,non_financial_low_risk
synth_00079,2026-01-04T07:00:00,bill_payment,78.79,37.3,1,7,3,0,recurring_suppressed
synth_00080,2026-01-05T13:00:00,paperwork,0.0,3.2,0,13,2,0,non_financial_low_risk
synth_00081,2026-01-05T22:00:00,bill_payment,57.16,112.9,0,22,0,0,low_amount
synth_00082,2026-01-05T00:00:00,paperwork,0.0,23.0,0,0,2,0,non_financial_low_risk
synth_00083,2026-01-05T15:00:00,bill_payment,194.77,77.2,0,15,1,0,low_amount
synth_00084,2026-01-05T21:00:00,appointment,0.0,23.6,0,21,5,0,non_financial_low_risk
synth_00085,2026-01-05T04:00:00,paperwork,0.0,88.1,0,4,4,0,non_financial_low_risk
synth_00086,2026-01-05T21:00:00,reminder,0.0,43.0,0,21,0,0,non_financial_low_risk
synth_00087,2026-01-05T14:00:00,bill_payment,345.86,14.5,0,14,2,0,low_amount
synth_00088,2026-01-05T13:00:00,reminder,0.0,15.7,0,13,2,0,non_financial_low_risk
synth_00089,2026-01-05T01:00:00,appointment,0.0,66.4,0,1,2,0,non_financial_low_risk
synth_00090,2026-01-05T03:00:00,bill_payment,804.77,13.1,0,3,4,1,high_amount
synth_00091,2026-01-05T11:00:00,appointment,0.0,14.2,0,11,1,0,non_financial_low_risk
synth_00092,2026-01-05T05:00:00,reminder,0.0,60.8,0,5,2,0,non_financial_low_risk
synth_00093,2026-01-05T22:00:00,bill_payment,49.41,152.4,0,22,1,0,low_amount
synth_00094,2026-01-05T03:00:00,appointment,0.0,47.4,0,3,5,0,non_financial_low_risk
synth_00095,2026-01-05T03:00:00,reminder,0.0,44.0,0,3,6,0,non_financial_low_risk
synth_00096,2026-01-05T13:00:00,paperwork,0.0,20.5,0,13,5,0,non_financial_low_risk
synth_00097,2026-01-05T13:00:00,appointment,0.0,20.0,0,13,6,0,non_financial_low_risk
synth_00098,2026-01-05T05:00:00,bill_payment,13.48,29.6,1,5,5,0,recurring_suppressed
synth_00099,2026-01-05T17:00:00,appointment,0.0,45.9,0,17,6,0,non_financial_low_risk
synth_00100,2026-01-06T02:00:00,bill_payment,269.32,91.6,0,2,2,0,low_amount
synth_00101,2026-01-06T10:00:00,bill_payment,125.1,22.9,1,10,1,0,recurring_suppressed
synth_00102,2026-01-06T17:00:00,bill_payment,78.8,43.5,0,17,0,0,low_amount
synth_00103,2026-01-06T15:00:00,bill_payment,65.22,38.9,1,15,5,0,recurring_suppressed
synth_00104,2026-01-06T21:00:00,bill_payment,40.82,24.9,1,21,4,0,recurring_suppressed
synth_00105,2026-01-06T23:00:00,appointment,0.0,20.2,0,23,4,0,non_financial_low_risk
synth_00106,2026-01-06T08:00:00,paperwork,0.0,15.2,0,8,1,0,non_financial_low_risk
synth_00107,2026-01-06T06:00:00,bill_payment,31.6,68.9,1,6,5,0,recurring_suppressed
synth_00108,2026-01-06T16:00:00,paperwork,0.0,180.3,0,16,4,0,non_financial_low_risk
synth_00109,2026-01-06T17:00:00,bill_payment,70.3,9.5,1,17,1,0,recurring_suppressed
synth_00110,2026-01-06T22:00:00,reminder,0.0,38.7,0,22,1,0,non_financial_low_risk
synth_00111,2026-01-06T00:00:00,paperwork,0.0,5.2,0,0,4,0,non_financial_low_risk
synth_00112,2026-01-06T01:00:00,appointment,0.0,20.0,0,1,2,0,non_financial_low_risk
synth_00113,2026-01-06T12:00:00,appointment,0.0,82.9,0,12,3,0,non_financial_low_risk
synth_00114,2026-01-06T04:00:00,appointment,0.0,2.6,0,4,6,0,non_financial_low_risk
synth_00115,2026-01-06T16:00:00,bill_payment,527.2,75.1,1,16,3,0,recurring_suppressed
synth_00116,2026-01-06T06:00:00,bill_payment,56.31,45.2,0,6,5,0,low_amount
synth_00117,2026-01-06T05:00:00,appointment,0.0,8.2,0,5,4,0,non_financial_low_risk
synth_00118,2026-01-06T22:00:00,bill_payment,117.93,16.5,1,22,2,0,recurring_suppressed
synth_00119,2026-01-06T08:00:00,appointment,0.0,55.8,0,8,6,0,non_financial_low_risk
synth_00120,2026-01-07T06:00:00,appointment,0.0,78.2,0,6,3,0,non_financial_low_risk
synth_00121,2026-01-07T09:00:00,bill_payment,60.22,7.4,1,9,4,0,recurring_suppressed
synth_00122,2026-01-07T03:00:00,appointment,0.0,16.3,0,3,3,0,non_financial_low_risk
synth_00123,2026-01-07T16:00:00,appointment,0.0,137.2,0,16,4,0,non_financial_low_risk
synth_00124,2026-01-07T02:00:00,bill_payment,32.18,18.7,1,2,1,0,recurring_suppressed
synth_00125,2026-01-07T00:00:00,paperwork,0.0,41.1,0,0,6,0,non_financial_low_risk
synth_00126,2026-01-07T18:00:00,bill_payment,126.5,118.9,1,18,3,0,recurring_suppressed
synth_00127,2026-01-07T11:00:00,appointment,0.0,4.6,0,11,3,0,non_financial_low_risk
synth_00128,2026-01-07T10:00:00,appointment,0.0,93.6,0,10,3,0,non_financial_low_risk
synth_00129,2026-01-07T12:00:00,bill_payment,176.51,18.1,0,12,6,0,low_amount
synth_00130,2026-01-07T17:00:00,reminder,0.0,51.5,0,17,3,0,non_financial_low_risk
synth_00131,2026-01-07T06:00:00,bill_payment,50.86,47.1,0,6,2,0,low_amount
synth_00132,2026-01-07T22:00:00,reminder,0.0,27.7,0,22,3,0,non_financial_low_risk
synth_00133,2026-01-07T07:00:00,reminder,0.0,45.1,0,7,5,0,non_financial_low_risk
synth_00134,2026-01-07T02:00:00,appointment,0.0,38.6,0,2,1,0,non_financial_low_risk
synth_00135,2026-01-07T03:00:00,reminder,0.0,29.7,0,3,5,0,non_financial_low_risk
synth_00136,2026-01-07T16:00:00,appointment,0.0,60.5,0,16,5,0,non_financial_low_risk
synth_00137,2026-01-07T07:00:00,paperwork,0.0,188.4,0,7,3,0,non_financial_low_risk
synth_00138,2026-01-07T08:00:00,bill_payment,749.11,101.5,0,8,6,0,low_amount
synth_00139,2026-01-07T09:00:00,bill_payment,784.22,82.5,1,9,6,0,recurring_suppressed
synth_00140,2026-01-08T04:00:00,reminder,0.0,32.3,0,4,3,0,non_financial_low_risk
synth_00141,2026-01-08T06:00:00,bill_payment,183.94,29.2,0,6,5,0,low_amount
synth_00142,2026-01-08T12:00:00,bill_payment,464.14,18.4,0,12,3,0,low_amount
synth_00143,2026-01-08T04:00:00,paperwork,0.0,50.7,0,4,3,0,non_financial_low_risk
synth_00144,2026-01-08T03:00:00,bill_payment,552.58,5.1,0,3,4,1,deadline_override
synth_00145,2026-01-08T02:00:00,bill_payment,305.77,46.9,0,2,6,0,low_amount
synth_00146,2026-01-08T10:00:00,appointment,0.0,36.6,0,10,5,0,non_financial_low_risk
synth_00147,2026-01-08T01:00:00,paperwork,0.0,98.8,0,1,4,0,non_financial_low_risk
synth_00148,2026-01-08T07:00:00,appointment,0.0,121.8,0,7,5,0,non_financial_low_risk
synth_00149,2026-01-08T22:00:00,reminder,0.0,68.6,0,22,6,0,non_financial_low_risk
synth_00150,2026-01-08T07:00:00,bill_payment,104.47,21.3,0,7,4,0,low_amount
synth_00151,2026-01-08T05:00:00,appointment,0.0,9.5,0,5,0,0,non_financial_low_risk
synth_00152,2026-01-08T20:00:00,bill_payment,295.29,42.0,1,20,2,0,recurring_suppressed
synth_00153,2026-01-08T14:00:00,appointment,0.0,110.0,0,14,2,0,non_financial_low_risk
synth_00154,2026-01-08T13:00:00,bill_payment,125.46,42.5,0,13,5,0,low_amount
synth_00155,2026-01-08T12:00:00,paperwork,0.0,10.7,0,12,6,0,non_financial_low_risk
synth_00156,2026-01-08T21:00:00,bill_payment,204.22,236.1,1,21,3,0,recurring_suppressed
synth_00157,2026-01-08T23:00:00,appointment,0.0,55.6,0,23,0,0,non_financial_low_risk
synth_00158,2026-01-08T09:00:00,paperwork,0.0,85.9,0,9,6,0,non_financial_low_risk
synth_00159,2026-01-08T20:00:00,appointment,0.0,20.8,0,20,1,0,non_financial_low_risk
synth_00160,2026-01-09T21:00:00,appointment,0.0,61.3,0,21,5,0,non_financial_low_risk
synth_00161,2026-01-09T20:00:00,appointment,0.0,112.2,0,20,0,0,non_financial_low_risk
synth_00162,2026-01-09T23:00:00,bill_payment,260.1,4.5,1,23,3,1,deadline_override
synth_00163,2026-01-09T05:00:00,bill_payment,2014.98,36.3,0,5,2,1,high_amount
synth_00164,2026-01-09T09:00:00,reminder,0.0,164.3,0,9,5,0,non_financial_low_risk
synth_00165,2026-01-09T02:00:00,paperwork,0.0,30.3,0,2,1,0,non_financial_low_risk
synth_00166,2026-01-09T17:00:00,bill_payment,412.38,24.3,0,17,2,0,low_amount
synth_00167,2026-01-09T08:00:00,bill_payment,89.37,22.1,0,8,4,0,low_amount
synth_00168,2026-01-09T21:00:00,appointment,0.0,22.3,0,21,1,0,non_financial_low_risk
synth_00169,2026-01-09T10:00:00,appointment,0.0,137.6,0,10,4,0,non_financial_low_risk
synth_00170,2026-01-09T09:00:00,bill_payment,78.98,7.2,0,9,3,0,low_amount
synth_00171,2026-01-09T22:00:00,bill_payment,166.65,22.3,0,22,4,0,low_amount
synth_00172,2026-01-09T13:00:00,paperwork,0.0,8.1,0,13,5,0,non_financial_low_risk
synth_00173,2026-01-09T08:00:00,appointment,0.0,25.2,0,8,0,0,non_financial_low_risk
synth_00174,2026-01-09T11:00:00,bill_payment,129.46,21.6,0,11,4,0,low_amount
synth_00175,2026-01-09T08:00:00,appointment,0.0,3.0,0,8,1,0,non_financial_low_risk
synth_00176,2026-01-09T02:00:00,reminder,0.0,83.4,0,2,5,0,non_financial_low_risk
synth_00177,2026-01-09T01:00:00,appointment,0.0,170.1,0,1,6,0,non_financial_low_risk
synth_00178,2026-01-09T06:00:00,reminder,0.0,74.2,0,6,0,0,non_financial_low_risk
synth_00179,2026-01-09T07:00:00,appointment,0.0,42.4,0,7,2,0,non_financial_low_risk
synth_00180,2026-01-10T08:00:00,paperwork,0.0,43.5,0,8,6,0,non_financial_low_risk
synth_00181,2026-01-10T05:00:00,reminder,0.0,37.3,0,5,0,0,non_financial_low_risk
synth_00182,2026-01-10T23:00:00,bill_payment,71.43,9.2,1,23,3,0,recurring_suppressed
synth_00183,2026-01-10T11:00:00,paperwork,0.0,31.0,0,11,4,0,non_financial_low_risk
synth_00184,2026-01-10T19:00:00,appointment,0.0,12.0,0,19,0,0,non_financial_low_risk
synth_00185,2026-01-10T09:00:00,reminder,0.0,51.6,0,9,3,0,non_financial_low_risk
synth_00186,2026-01-10T02:00:00,bill_payment,126.98,59.8,0,2,2,0,low_amount
synth_00187,2026-01-10T19:00:00,bill_payment,46.66,38.2,0,19,4,0,low_amount
synth_00188,2026-01-10T22:00:00,appointment,0.0,27.0,0,22,0,0,non_financial_low_risk
synth_00189,2026-01-10T23:00:00,appointment,0.0,70.3,0,23,6,0,non_financial_low_risk
synth_00190,2026-01-10T10:00:00,appointment,0.0,12.5,0,10,6,0,non_financial_low_risk
synth_00191,2026-01-10T04:00:00,bill_payment,39.14,52.5,0,4,5,0,low_amount
synth_00192,2026-01-10T10:00:00,bill_payment,559.02,42.4,0,10,5,0,low_amount
synth_00193,2026-01-10T09:00:00,bill_payment,517.74,97.2,0,9,4,0,low_amount
synth_00194,2026-01-10T11:00:00,bill_payment,150.89,31.6,0,11,6,0,low_amount
synth_00195,2026-01-10T19:00:00,bill_payment,86.49,26.9,0,19,4,0,low_amount
synth_00196,2026-01-10T21:00:00,appointment,0.0,45.1,0,21,6,0,non_financial_low_risk
synth_00197,2026-01-10T05:00:00,bill_payment,24.51,122.2,0,5,6,0,low_amount
synth_00198,2026-01-10T23:00:00,appointment,0.0,3.5,0,23,5,0,non_financial_low_risk
synth_00199,2026-01-10T09:00:00,bill_payment,162.75,29.0,1,9,5,0,recurring_suppressed
synth_00200,2026-01-11T01:00:00,reminder,0.0,43.5,0,1,1,0,non_financial_low_risk
synth_00201,2026-01-11T08:00:00,appointment,0.0,53.8,0,8,3,0,non_financial_low_risk
synth_00202,2026-01-11T08:00:00,appointment,0.0,28.0,0,8,1,0,non_financial_low_risk
synth_00203,2026-01-11T21:00:00,bill_payment,123.41,54.5,0,21,2,1,low_amount
synth_00204,2026-01-11T04:00:00,bill_payment,179.27,17.2,1,4,6,0,recurring_suppressed
synth_00205,2026-01-11T21:00:00,bill_payment,55.29,58.4,0,21,6,0,low_amount
synth_00206,2026-01-11T10:00:00,bill_payment,333.67,29.6,1,10,4,0,recurring_suppressed
synth_00207,2026-01-11T05:00:00,bill_payment,215.34,24.9,0,5,6,0,low_amount
synth_00208,2026-01-11T11:00:00,appointment,0.0,56.2,0,11,0,0,non_financial_low_risk
synth_00209,2026-01-11T23:00:00,bill_payment,121.21,3.9,0,23,2,1,deadline_override
synth_00210,2026-01-11T20:00:00,paperwork,0.0,3.8,0,20,0,0,non_financial_low_risk
synth_00211,2026-01-11T04:00:00,bill_payment,331.39,152.4,0,4,1,0,low_amount
synth_00212,2026-01-11T20:00:00,bill_payment,71.71,68.3,1,20,3,0,recurring_suppressed
synth_00213,2026-01-11T21:00:00,appointment,0.0,41.6,0,21,4,0,non_financial_low_risk
synth_00214,2026-01-11T20:00:00,reminder,0.0,18.7,0,20,2,0,non_financial_low_risk
synth_00215,2026-01-11T16:00:00,bill_payment,126.92,15.4,1,16,0,0,recurring_suppressed
synth_00216,2026-01-11T09:00:00,appointment,0.0,2.8,0,9,0,0,non_financial_low_risk
synth_00217,2026-01-11T19:00:00,reminder,0.0,4.5,0,19,4,0,non_financial_low_risk
synth_00218,2026-01-11T23:00:00,appointment,0.0,148.0,0,23,0,0,non_financial_low_risk
synth_00219,2026-01-11T10:00:00,paperwork,0.0,50.6,0,10,4,0,non_financial_low_risk
synth_00220,2026-01-12T05:00:00,bill_payment,467.39,60.1,0,5,0,0,low_amount
synth_00221,2026-01-12T09:00:00,bill_payment,116.8,8.3,0,9,3,0,low_amount
synth_00222,2026-01-12T03:00:00,bill_payment,356.52,50.0,1,3,4,0,recurring_suppressed
synth_00223,2026-01-12T10:00:00,bill_payment,507.43,113.7,0,10,0,0,low_amount
synth_00224,2026-01-12T09:00:00,bill_payment,274.79,43.4,0,9,4,0,low_amount
synth_00225,2026-01-12T21:00:00,paperwork,0.0,80.5,0,21,5,0,non_financial_low_risk
synth_00226,2026-01-12T16:00:00,paperwork,0.0,55.5,0,16,0,0,non_financial_low_risk
synth_00227,2026-01-12T15:00:00,bill_payment,98.59,9.5,1,15,1,0,recurring_suppressed
synth_00228,2026-01-12T12:00:00,bill_payment,39.84,69.8,1,12,1,0,recurring_suppressed
synth_00229,2026-01-12T05:00:00,paperwork,0.0,70.8,0,5,5,0,non_financial_low_risk
synth_00230,2026-01-12T23:00:00,bill_payment,229.63,28.2,1,23,6,0,recurring_suppressed
synth_00231,2026-01-12T15:00:00,appointment,0.0,17.8,0,15,6,0,non_financial_low_risk
synth_00232,2026-01-12T14:00:00,appointment,0.0,40.6,0,14,3,0,non_financial_low_risk
synth_00233,2026-01-12T13:00:00,paperwork,0.0,33.6,0,13,1,0,non_financial_low_risk
synth_00234,2026-01-12T08:00:00,paperwork,0.0,7.2,0,8,0,0,non_financial_low_risk
synth_00235,2026-01-12T03:00:00,reminder,0.0,38.8,0,3,5,0,non_financial_low_risk
synth_00236,2026-01-12T05:00:00,reminder,0.0,16.1,0,5,2,0,non_financial_low_risk
synth_00237,2026-01-12T02:00:00,appointment,0.0,85.4,0,2,1,0,non_financial_low_risk
synth_00238,2026-01-12T13:00:00,reminder,0.0,128.0,0,13,0,0,non_financial_low_risk
synth_00239,2026-01-12T03:00:00,bill_payment,117.46,12.2,0,3,6,0,low_amount
synth_00240,2026-01-13T15:00:00,bill_payment,660.55,85.4,0,15,3,0,low_amount
synth_00241,2026-01-13T06:00:00,reminder,0.0,0.9,0,6,6,1,non_financial_but_imminent
synth_00242,2026-01-13T13:00:00,reminder,0.0,45.1,0,13,0,0,non_financial_low_risk
synth_00243,2026-01-13T02:00:00,bill_payment,58.15,48.9,0,2,0,0,low_amount
synth_00244,2026-01-13T20:00:00,appointment,0.0,36.9,0,20,4,0,non_financial_low_risk
synth_00245,2026-01-13T00:00:00,paperwork,0.0,16.5,0,0,4,0,non_financial_low_risk
synth_00246,2026-01-13T21:00:00,appointment,0.0,10.0,0,21,0,0,non_financial_low_risk
synth_00247,2026-01-13T00:00:00,bill_payment,969.4,74.1,0,0,3,1,high_amount
synth_00248,2026-01-13T02:00:00,bill_payment,105.57,66.0,0,2,2,0,low_amount
synth_00249,2026-01-13T18:00:00,appointment,0.0,5.3,0,18,5,0,non_financial_low_risk
synth_00250,2026-01-13T21:00:00,bill_payment,97.38,49.4,0,21,3,0,low_amount
synth_00251,2026-01-13T04:00:00,appointment,0.0,9.7,0,4,0,0,non_financial_low_risk
synth_00252,2026-01-13T06:00:00,reminder,0.0,1.8,0,6,0,1,non_financial_but_imminent
synth_00253,2026-01-13T09:00:00,reminder,0.0,18.2,0,9,4,0,non_financial_low_risk
synth_00254,2026-01-13T01:00:00,paperwork,0.0,30.8,0,1,6,0,non_financial_low_risk
synth_00255,2026-01-13T12:00:00,bill_payment,222.37,77.1,0,12,5,0,low_amount
synth_00256,2026-01-13T05:00:00,reminder,0.0,19.9,0,5,3,0,non_financial_low_risk
synth_00257,2026-01-13T13:00:00,bill_payment,318.96,4.1,0,13,4,1,deadline_override
synth_00258,2026-01-13T14:00:00,bill_payment,96.19,19.1,1,14,4,0,recurring_suppressed
synth_00259,2026-01-13T19:00:00,bill_payment,122.55,62.3,0,19,3,0,low_amount
synth_00260,2026-01-14T02:00:00,reminder,0.0,141.8,0,2,5,0,non_financial_low_risk
synth_00261,2026-01-14T19:00:00,bill_payment,873.35,146.6,1,19,5,0,recurring_suppressed
synth_00262,2026-01-14T21:00:00,bill_payment,98.62,40.2,0,21,3,0,low_amount
synth_00263,2026-01-14T20:00:00,bill_payment,475.89,36.2,0,20,2,0,low_amount
synth_00264,2026-01-14T08:00:00,bill_payment,360.6,23.5,0,8,6,0,low_amount
synth_00265,2026-01-14T14:00:00,bill_payment,695.53,6.3,0,14,1,0,low_amount
synth_00266,2026-01-14T17:00:00,bill_payment,386.94,20.5,1,17,2,0,recurring_suppressed
synth_00267,2026-01-14T22:00:00,reminder,0.0,59.7,0,22,5,0,non_financial_low_risk
synth_00268,2026-01-14T18:00:00,bill_payment,305.55,32.7,0,18,2,0,low_amount
synth_00269,2026-01-14T02:00:00,reminder,0.0,6.7,0,2,0,0,non_financial_low_risk
synth_00270,2026-01-14T16:00:00,reminder,0.0,60.9,0,16,3,0,non_financial_low_risk
synth_00271,2026-01-14T10:00:00,paperwork,0.0,3.7,0,10,5,0,non_financial_low_risk
synth_00272,2026-01-14T04:00:00,appointment,0.0,35.0,0,4,6,0,non_financial_low_risk
synth_00273,2026-01-14T04:00:00,appointment,0.0,9.6,0,4,3,0,non_financial_low_risk
synth_00274,2026-01-14T16:00:00,reminder,0.0,85.4,0,16,1,0,non_financial_low_risk
synth_00275,2026-01-14T09:00:00,bill_payment,428.03,141.4,0,9,6,0,low_amount
synth_00276,2026-01-14T02:00:00,bill_payment,486.35,47.1,0,2,4,0,low_amount
synth_00277,2026-01-14T05:00:00,appointment,0.0,41.7,0,5,5,0,non_financial_low_risk
synth_00278,2026-01-14T18:00:00,reminder,0.0,19.8,0,18,0,0,non_financial_low_risk
synth_00279,2026-01-14T20:00:00,bill_payment,224.81,69.9,0,20,0,0,low_amount
synth_00280,2026-01-15T09:00:00,appointment,0.0,16.4,0,9,3,0,non_financial_low_risk
synth_00281,2026-01-15T14:00:00,paperwork,0.0,25.0,0,14,0,0,non_financial_low_risk
synth_00282,2026-01-15T22:00:00,bill_payment,110.24,20.0,1,22,2,0,recurring_suppressed
synth_00283,2026-01-15T04:00:00,reminder,0.0,177.8,0,4,6,0,non_financial_low_risk
synth_00284,2026-01-15T14:00:00,appointment,0.0,18.4,0,14,0,0,non_financial_low_risk
synth_00285,2026-01-15T07:00:00,bill_payment,50.81,23.3,0,7,6,0,low_amount
synth_00286,2026-01-15T23:00:00,paperwork,0.0,130.3,0,23,2,0,non_financial_low_risk
synth_00287,2026-01-15T14:00:00,bill_payment,615.98,4.5,0,14,1,1,deadline_override
synth_00288,2026-01-15T15:00:00,bill_payment,27.68,102.7,0,15,2,0,low_amount
synth_00289,2026-01-15T08:00:00,paperwork,0.0,27.1,0,8,5,0,non_financial_low_risk
synth_00290,2026-01-15T14:00:00,bill_payment,178.22,16.3,0,14,6,0,low_amount
synth_00291,2026-01-15T19:00:00,paperwork,0.0,46.9,0,19,0,0,non_financial_low_risk
synth_00292,2026-01-15T12:00:00,bill_payment,176.27,7.5,0,12,4,1,low_amount
synth_00293,2026-01-15T16:00:00,bill_payment,1159.91,35.2,1,16,1,0,recurring_suppressed
synth_00294,2026-01-15T19:00:00,appointment,0.0,8.5,0,19,5,0,non_financial_low_risk
synth_00295,2026-01-15T16:00:00,appointment,0.0,34.0,0,16,4,0,non_financial_low_risk
synth_00296,2026-01-15T00:00:00,appointment,0.0,30.9,0,0,2,0,non_financial_low_risk
synth_00297,2026-01-15T20:00:00,bill_payment,118.22,109.9,0,20,0,0,low_amount
synth_00298,2026-01-15T16:00:00,bill_payment,179.78,2.5,0,16,5,1,deadline_override
synth_00299,2026-01-15T21:00:00,paperwork,0.0,23.0,0,21,1,1,non_financial_low_risk
synth_00300,2026-01-16T00:00:00,reminder,0.0,5.6,0,0,3,0,non_financial_low_risk
synth_00301,2026-01-16T23:00:00,bill_payment,273.06,71.6,0,23,5,0,low_amount
synth_00302,2026-01-16T10:00:00,bill_payment,65.48,52.1,0,10,1,0,low_amount
synth_00303,2026-01-16T21:00:00,appointment,0.0,37.9,0,21,6,0,non_financial_low_risk
synth_00304,2026-01-16T08:00:00,appointment,0.0,78.1,0,8,4,0,non_financial_low_risk
synth_00305,2026-01-16T09:00:00,reminder,0.0,15.7,0,9,1,0,non_financial_low_risk
synth_00306,2026-01-16T22:00:00,reminder,0.0,70.8,0,22,1,0,non_financial_low_risk
synth_00307,2026-01-16T17:00:00,appointment,0.0,31.4,0,17,6,0,non_financial_low_risk
synth_00308,2026-01-16T11:00:00,bill_payment,201.05,108.5,0,11,6,0,low_amount
synth_00309,2026-01-16T08:00:00,bill_payment,36.53,20.4,0,8,5,0,low_amount
synth_00310,2026-01-16T19:00:00,bill_payment,440.08,57.2,1,19,5,0,recurring_suppressed
synth_00311,2026-01-16T13:00:00,bill_payment,293.95,48.8,1,13,2,0,recurring_suppressed
synth_00312,2026-01-16T15:00:00,bill_payment,566.9,25.1,0,15,3,0,low_amount
synth_00313,2026-01-16T09:00:00,paperwork,0.0,16.3,0,9,5,0,non_financial_low_risk
synth_00314,2026-01-16T07:00:00,paperwork,0.0,50.7,0,7,4,0,non_financial_low_risk
synth_00315,2026-01-16T05:00:00,reminder,0.0,1.8,0,5,3,1,non_financial_but_imminent
synth_00316,2026-01-16T09:00:00,bill_payment,100.97,132.4,0,9,0,1,low_amount
synth_00317,2026-01-16T10:00:00,appointment,0.0,5.4,0,10,2,0,non_financial_low_risk
synth_00318,2026-01-16T04:00:00,appointment,0.0,35.7,0,4,6,0,non_financial_low_risk
synth_00319,2026-01-16T22:00:00,bill_payment,354.49,63.0,0,22,1,1,low_amount
synth_00320,2026-01-17T20:00:00,bill_payment,45.24,10.3,0,20,3,0,low_amount
synth_00321,2026-01-17T21:00:00,appointment,0.0,4.4,0,21,0,0,non_financial_low_risk
synth_00322,2026-01-17T08:00:00,bill_payment,95.33,14.5,1,8,2,0,recurring_suppressed
synth_00323,2026-01-17T20:00:00,paperwork,0.0,0.6,0,20,2,1,non_financial_but_imminent
synth_00324,2026-01-17T22:00:00,bill_payment,52.49,25.0,0,22,6,0,low_amount
synth_00325,2026-01-17T04:00:00,bill_payment,452.11,45.8,1,4,3,0,recurring_suppressed
synth_00326,2026-01-17T13:00:00,paperwork,0.0,44.7,0,13,5,0,non_financial_low_risk
synth_00327,2026-01-17T21:00:00,appointment,0.0,37.0,0,21,6,0,non_financial_low_risk
synth_00328,2026-01-17T18:00:00,bill_payment,35.65,58.4,1,18,0,0,recurring_suppressed
synth_00329,2026-01-17T18:00:00,appointment,0.0,33.8,0,18,4,0,non_financial_low_risk
synth_00330,2026-01-17T02:00:00,bill_payment,155.0,11.0,0,2,4,0,low_amount
synth_00331,2026-01-17T21:00:00,bill_payment,45.24,39.8,0,21,6,0,low_amount
synth_00332,2026-01-17T17:00:00,bill_payment,83.57,26.5,0,17,0,0,low_amount
synth_00333,2026-01-17T20:00:00,bill_payment,70.5,69.7,0,20,3,0,low_amount
synth_00334,2026-01-17T12:00:00,reminder,0.0,28.6,0,12,3,0,non_financial_low_risk
synth_00335,2026-01-17T04:00:00,reminder,0.0,99.6,0,4,5,0,non_financial_low_risk
synth_00336,2026-01-17T00:00:00,bill_payment,687.01,6.5,0,0,6,1,low_amount
synth_00337,2026-01-17T07:00:00,bill_payment,304.51,36.4,0,7,3,0,low_amount
synth_00338,2026-01-17T06:00:00,bill_payment,77.37,103.3,1,6,0,0,recurring_suppressed
synth_00339,2026-01-17T12:00:00,bill_payment,276.42,2.4,0,12,3,1,deadline_override
synth_00340,2026-01-18T10:00:00,bill_payment,149.96,81.2,0,10,4,0,low_amount
synth_00341,2026-01-18T09:00:00,appointment,0.0,18.6,0,9,1,0,non_financial_low_risk
synth_00342,2026-01-18T08:00:00,appointment,0.0,25.6,0,8,0,0,non_financial_low_risk
synth_00343,2026-01-18T05:00:00,appointment,0.0,63.8,0,5,5,0,non_financial_low_risk
synth_00344,2026-01-18T11:00:00,appointment,0.0,2.3,0,11,5,0,non_financial_low_risk
synth_00345,2026-01-18T13:00:00,paperwork,0.0,18.4,0,13,3,0,non_financial_low_risk
synth_00346,2026-01-18T22:00:00,bill_payment,369.41,90.9,0,22,1,0,low_amount
synth_00347,2026-01-18T13:00:00,reminder,0.0,39.7,0,13,4,0,non_financial_low_risk
synth_00348,2026-01-18T11:00:00,bill_payment,74.42,4.0,0,11,0,1,deadline_override
synth_00349,2026-01-18T12:00:00,paperwork,0.0,2.5,0,12,5,0,non_financial_low_risk
synth_00350,2026-01-18T10:00:00,bill_payment,245.44,11.7,1,10,2,0,recurring_suppressed
synth_00351,2026-01-18T07:00:00,bill_payment,140.82,44.5,1,7,4,0,recurring_suppressed
synth_00352,2026-01-18T15:00:00,bill_payment,123.8,17.7,0,15,3,0,low_amount
synth_00353,2026-01-18T10:00:00,reminder,0.0,30.4,0,10,1,0,non_financial_low_risk
synth_00354,2026-01-18T18:00:00,bill_payment,172.69,7.6,1,18,4,0,recurring_suppressed
synth_00355,2026-01-18T17:00:00,bill_payment,70.49,40.5,1,17,5,0,recurring_suppressed
synth_00356,2026-01-18T14:00:00,bill_payment,392.23,61.7,0,14,1,0,low_amount
synth_00357,2026-01-18T20:00:00,bill_payment,33.17,9.8,0,20,0,0,low_amount
synth_00358,2026-01-18T21:00:00,paperwork,0.0,3.7,0,21,0,0,non_financial_low_risk
synth_00359,2026-01-18T16:00:00,bill_payment,344.14,59.0,1,16,3,0,recurring_suppressed
synth_00360,2026-01-19T19:00:00,appointment,0.0,52.7,0,19,3,0,non_financial_low_risk
synth_00361,2026-01-19T17:00:00,bill_payment,164.56,0.8,0,17,2,0,deadline_override
synth_00362,2026-01-19T05:00:00,paperwork,0.0,53.8,0,5,0,0,non_financial_low_risk
synth_00363,2026-01-19T19:00:00,appointment,0.0,13.2,0,19,4,0,non_financial_low_risk
synth_00364,2026-01-19T07:00:00,bill_payment,271.6,153.7,0,7,5,0,low_amount
synth_00365,2026-01-19T20:00:00,appointment,0.0,90.4,0,20,6,0,non_financial_low_risk
synth_00366,2026-01-19T22:00:00,bill_payment,111.39,31.0,0,22,1,0,low_amount
synth_00367,2026-01-19T10:00:00,paperwork,0.0,49.7,0,10,4,0,non_financial_low_risk
synth_00368,2026-01-19T01:00:00,reminder,0.0,108.1,0,1,1,0,non_financial_low_risk
synth_00369,2026-01-19T15:00:00,reminder,0.0,104.9,0,15,2,1,non_financial_low_risk
synth_00370,2026-01-19T06:00:00,bill_payment,167.99,126.8,0,6,4,0,low_amount
synth_00371,2026-01-19T02:00:00,paperwork,0.0,82.6,0,2,2,0,non_financial_low_risk
synth_00372,2026-01-19T23:00:00,bill_payment,417.31,108.9,0,23,1,0,low_amount
synth_00373,2026-01-19T23:00:00,appointment,0.0,3.9,0,23,2,0,non_financial_low_risk
synth_00374,2026-01-19T12:00:00,bill_payment,391.2,70.3,0,12,6,0,low_amount
synth_00375,2026-01-19T14:00:00,appointment,0.0,73.5,0,14,3,0,non_financial_low_risk
synth_00376,2026-01-19T05:00:00,appointment,0.0,22.6,0,5,5,0,non_financial_low_risk
synth_00377,2026-01-19T08:00:00,bill_payment,307.63,13.6,1,8,1,0,recurring_suppressed
synth_00378,2026-01-19T12:00:00,paperwork,0.0,8.0,0,12,2,0,non_financial_low_risk
synth_00379,2026-01-19T02:00:00,bill_payment,668.75,68.8,1,2,1,0,recurring_suppressed
synth_00380,2026-01-20T03:00:00,appointment,0.0,34.5,0,3,0,0,non_financial_low_risk
synth_00381,2026-01-20T10:00:00,appointment,0.0,43.6,0,10,6,0,non_financial_low_risk
synth_00382,2026-01-20T07:00:00,bill_payment,117.76,111.1,0,7,4,0,low_amount
synth_00383,2026-01-20T08:00:00,appointment,0.0,8.9,0,8,2,0,non_financial_low_risk
synth_00384,2026-01-20T11:00:00,bill_payment,62.34,17.1,0,11,2,0,low_amount
synth_00385,2026-01-20T19:00:00,paperwork,0.0,32.9,0,19,1,0,non_financial_low_risk
synth_00386,2026-01-20T10:00:00,bill_payment,31.81,88.5,0,10,3,0,low_amount
synth_00387,2026-01-20T19:00:00,paperwork,0.0,94.2,0,19,1,0,non_financial_low_risk
synth_00388,2026-01-20T15:00:00,appointment,0.0,57.0,0,15,2,0,non_financial_low_risk
synth_00389,2026-01-20T07:00:00,bill_payment,40.96,48.1,0,7,2,0,low_amount
synth_00390,2026-01-20T03:00:00,paperwork,0.0,24.0,0,3,4,0,non_financial_low_risk
synth_00391,2026-01-20T17:00:00,reminder,0.0,9.5,0,17,0,0,non_financial_low_risk
synth_00392,2026-01-20T14:00:00,appointment,0.0,59.1,0,14,6,0,non_financial_low_risk
synth_00393,2026-01-20T13:00:00,appointment,0.0,82.0,0,13,5,0,non_financial_low_risk
synth_00394,2026-01-20T21:00:00,appointment,0.0,13.3,0,21,1,0,non_financial_low_risk
synth_00395,2026-01-20T19:00:00,paperwork,0.0,3.7,0,19,3,0,non_financial_low_risk
synth_00396,2026-01-20T22:00:00,appointment,0.0,123.4,0,22,3,0,non_financial_low_risk
synth_00397,2026-01-20T17:00:00,paperwork,0.0,21.4,0,17,4,0,non_financial_low_risk
synth_00398,2026-01-20T01:00:00,bill_payment,653.47,21.0,0,1,4,0,low_amount
synth_00399,2026-01-20T10:00:00,appointment,0.0,24.5,0,10,6,0,non_financial_low_risk
synth_00400,2026-01-21T18:00:00,bill_payment,58.53,35.1,0,18,1,0,low_amount
synth_00401,2026-01-21T00:00:00,bill_payment,517.6,33.3,0,0,3,0,low_amount
synth_00402,2026-01-21T15:00:00,bill_payment,77.34,11.1,0,15,0,0,low_amount
synth_00403,2026-01-21T09:00:00,appointment,0.0,18.4,0,9,0,0,non_financial_low_risk
synth_00404,2026-01-21T23:00:00,bill_payment,964.69,54.3,1,23,1,0,recurring_suppressed
synth_00405,2026-01-21T13:00:00,appointment,0.0,19.3,0,13,3,0,non_financial_low_risk
synth_00406,2026-01-21T19:00:00,bill_payment,28.32,27.2,1,19,1,0,recurring_suppressed
synth_00407,2026-01-21T17:00:00,bill_payment,36.16,76.3,0,17,1,0,low_amount
synth_00408,2026-01-21T10:00:00,bill_payment,16.24,32.3,0,10,4,0,low_amount
synth_00409,2026-01-21T21:00:00,bill_payment,48.26,29.4,1,21,5,0,recurring_suppressed
synth_00410,2026-01-21T21:00:00,reminder,0.0,42.8,0,21,1,0,non_financial_low_risk
synth_00411,2026-01-21T19:00:00,bill_payment,46.83,7.3,0,19,1,0,low_amount
synth_00412,2026-01-21T05:00:00,bill_payment,140.56,120.7,0,5,4,0,low_amount
synth_00413,2026-01-21T06:00:00,bill_payment,792.85,145.6,0,6,6,0,low_amount
synth_00414,2026-01-21T13:00:00,appointment,0.0,50.8,0,13,5,0,non_financial_low_risk
synth_00415,2026-01-21T05:00:00,paperwork,0.0,28.2,0,5,0,0,non_financial_low_risk
synth_00416,2026-01-21T01:00:00,paperwork,0.0,12.0,0,1,2,0,non_financial_low_risk
synth_00417,2026-01-21T16:00:00,bill_payment,502.56,71.1,0,16,0,0,low_amount
synth_00418,2026-01-21T06:00:00,bill_payment,205.66,68.5,0,6,3,0,low_amount
synth_00419,2026-01-21T09:00:00,paperwork,0.0,66.8,0,9,6,0,non_financial_low_risk
synth_00420,2026-01-22T07:00:00,bill_payment,31.21,27.8,0,7,1,0,low_amount
synth_00421,2026-01-22T22:00:00,appointment,0.0,20.7,0,22,4,0,non_financial_low_risk
synth_00422,2026-01-22T11:00:00,bill_payment,62.92,11.1,1,11,4,0,recurring_suppressed
synth_00423,2026-01-22T22:00:00,appointment,0.0,18.8,0,22,2,0,non_financial_low_risk
synth_00424,2026-01-22T01:00:00,bill_payment,215.72,158.0,0,1,2,0,low_amount
synth_00425,2026-01-22T21:00:00,bill_payment,372.67,59.6,0,21,3,0,low_amount
synth_00426,2026-01-22T13:00:00,appointment,0.0,15.0,0,13,3,0,non_financial_low_risk
synth_00427,2026-01-22T02:00:00,appointment,0.0,101.8,0,2,3,0,non_financial_low_risk
synth_00428,2026-01-22T00:00:00,bill_payment,547.34,144.0,0,0,6,0,low_amount
synth_00429,2026-01-22T14:00:00,paperwork,0.0,63.0,0,14,5,0,non_financial_low_risk
synth_00430,2026-01-22T06:00:00,bill_payment,25.28,11.8,0,6,3,0,low_amount
synth_00431,2026-01-22T18:00:00,paperwork,0.0,19.8,0,18,1,0,non_financial_low_risk
synth_00432,2026-01-22T21:00:00,appointment,0.0,20.2,0,21,6,1,non_financial_low_risk
synth_00433,2026-01-22T14:00:00,bill_payment,399.94,6.4,0,14,3,1,low_amount
synth_00434,2026-01-22T22:00:00,reminder,0.0,10.9,0,22,1,0,non_financial_low_risk
synth_00435,2026-01-22T20:00:00,bill_payment,44.71,4.1,0,20,1,1,deadline_override
synth_00436,2026-01-22T07:00:00,appointment,0.0,62.1,0,7,3,0,non_financial_low_risk
synth_00437,2026-01-22T15:00:00,paperwork,0.0,0.1,0,15,0,1,non_financial_but_imminent
synth_00438,2026-01-22T04:00:00,bill_payment,1116.76,212.9,0,4,3,1,high_amount
synth_00439,2026-01-22T04:00:00,bill_payment,241.09,18.0,0,4,3,0,low_amount
synth_00440,2026-01-23T21:00:00,paperwork,0.0,6.9,0,21,1,0,non_financial_low_risk
synth_00441,2026-01-23T05:00:00,appointment,0.0,45.2,0,5,3,0,non_financial_low_risk
synth_00442,2026-01-23T04:00:00,bill_payment,219.82,11.8,0,4,6,0,low_amount
synth_00443,2026-01-23T13:00:00,paperwork,0.0,20.8,0,13,2,0,non_financial_low_risk
synth_00444,2026-01-23T09:00:00,bill_payment,213.36,44.1,0,9,6,0,low_amount
synth_00445,2026-01-23T20:00:00,bill_payment,36.09,10.0,0,20,0,0,low_amount
synth_00446,2026-01-23T12:00:00,paperwork,0.0,13.1,0,12,0,0,non_financial_low_risk
synth_00447,2026-01-23T00:00:00,appointment,0.0,3.5,0,0,2,0,non_financial_low_risk
synth_00448,2026-01-23T15:00:00,bill_payment,718.75,21.8,0,15,6,0,low_amount
synth_00449,2026-01-23T06:00:00,appointment,0.0,0.7,0,6,0,1,non_financial_but_imminent
synth_00450,2026-01-23T09:00:00,reminder,0.0,24.4,0,9,5,0,non_financial_low_risk
synth_00451,2026-01-23T12:00:00,paperwork,0.0,26.4,0,12,0,0,non_financial_low_risk
synth_00452,2026-01-23T02:00:00,appointment,0.0,8.0,0,2,2,0,non_financial_low_risk
synth_00453,2026-01-23T04:00:00,reminder,0.0,175.8,0,4,4,0,non_financial_low_risk
synth_00454,2026-01-23T20:00:00,appointment,0.0,69.2,0,20,5,0,non_financial_low_risk
synth_00455,2026-01-23T13:00:00,bill_payment,11.79,13.1,1,13,0,0,recurring_suppressed
synth_00456,2026-01-23T23:00:00,appointment,0.0,17.8,0,23,5,0,non_financial_low_risk
synth_00457,2026-01-23T16:00:00,bill_payment,552.43,8.6,0,16,4,0,low_amount
synth_00458,2026-01-23T04:00:00,paperwork,0.0,8.8,0,4,5,0,non_financial_low_risk
synth_00459,2026-01-23T02:00:00,bill_payment,93.72,59.8,0,2,3,0,low_amount
synth_00460,2026-01-24T03:00:00,bill_payment,148.16,22.0,1,3,4,0,recurring_suppressed
synth_00461,2026-01-24T01:00:00,bill_payment,38.59,121.4,1,1,4,0,recurring_suppressed
synth_00462,2026-01-24T07:00:00,paperwork,0.0,51.2,0,7,2,0,non_financial_low_risk
synth_00463,2026-01-24T02:00:00,reminder,0.0,18.5,0,2,4,0,non_financial_low_risk
synth_00464,2026-01-24T05:00:00,appointment,0.0,111.5,0,5,1,0,non_financial_low_risk
synth_00465,2026-01-24T02:00:00,reminder,0.0,147.9,0,2,3,0,non_financial_low_risk
synth_00466,2026-01-24T02:00:00,paperwork,0.0,17.9,0,2,4,0,non_financial_low_risk
synth_00467,2026-01-24T11:00:00,bill_payment,23.93,64.6,1,11,4,0,recurring_suppressed
synth_00468,2026-01-24T23:00:00,reminder,0.0,71.8,0,23,4,0,non_financial_low_risk
synth_00469,2026-01-24T22:00:00,bill_payment,30.6,12.7,0,22,0,0,low_amount
synth_00470,2026-01-24T16:00:00,bill_payment,1059.91,62.4,1,16,1,0,recurring_suppressed
synth_00471,2026-01-24T04:00:00,reminder,0.0,172.6,0,4,5,0,non_financial_low_risk
synth_00472,2026-01-24T18:00:00,bill_payment,30.84,29.4,0,18,0,0,low_amount
synth_00473,2026-01-24T18:00:00,appointment,0.0,24.1,0,18,4,0,non_financial_low_risk
synth_00474,2026-01-24T09:00:00,appointment,0.0,6.7,0,9,2,0,non_financial_low_risk
synth_00475,2026-01-24T23:00:00,reminder,0.0,24.0,0,23,2,0,non_financial_low_risk
synth_00476,2026-01-24T04:00:00,bill_payment,54.24,72.7,0,4,0,0,low_amount
synth_00477,2026-01-24T17:00:00,appointment,0.0,25.0,0,17,2,0,non_financial_low_risk
synth_00478,2026-01-24T21:00:00,bill_payment,90.73,6.1,1,21,2,0,recurring_suppressed
synth_00479,2026-01-24T10:00:00,appointment,0.0,2.0,0,10,1,0,non_financial_low_risk
synth_00480,2026-01-25T05:00:00,bill_payment,84.82,54.3,1,5,0,0,recurring_suppressed
synth_00481,2026-01-25T17:00:00,reminder,0.0,39.0,0,17,1,0,non_financial_low_risk
synth_00482,2026-01-25T07:00:00,bill_payment,278.97,3.1,0,7,1,1,deadline_override
synth_00483,2026-01-25T02:00:00,bill_payment,22.27,119.7,1,2,1,0,recurring_suppressed
synth_00484,2026-01-25T05:00:00,bill_payment,376.08,2.1,0,5,4,1,deadline_override
synth_00485,2026-01-25T12:00:00,paperwork,0.0,32.9,0,12,5,0,non_financial_low_risk
synth_00486,2026-01-25T19:00:00,bill_payment,429.55,28.3,1,19,4,0,recurring_suppressed
synth_00487,2026-01-25T17:00:00,appointment,0.0,33.2,0,17,3,0,non_financial_low_risk
synth_00488,2026-01-25T20:00:00,bill_payment,63.11,103.7,0,20,6,0,low_amount
synth_00489,2026-01-25T11:00:00,bill_payment,68.47,31.4,0,11,4,0,low_amount
synth_00490,2026-01-25T08:00:00,bill_payment,61.12,11.9,0,8,0,0,low_amount
synth_00491,2026-01-25T18:00:00,appointment,0.0,21.2,0,18,1,0,non_financial_low_risk
synth_00492,2026-01-25T01:00:00,bill_payment,222.2,81.3,0,1,6,0,low_amount
synth_00493,2026-01-25T18:00:00,bill_payment,27.0,89.6,1,18,2,0,recurring_suppressed
synth_00494,2026-01-25T00:00:00,appointment,0.0,117.8,0,0,5,0,non_financial_low_risk
synth_00495,2026-01-25T18:00:00,reminder,0.0,39.8,0,18,1,0,non_financial_low_risk
synth_00496,2026-01-25T17:00:00,paperwork,0.0,168.9,0,17,2,0,non_financial_low_risk
synth_00497,2026-01-25T10:00:00,bill_payment,18.13,1.0,0,10,4,1,deadline_override
synth_00498,2026-01-25T04:00:00,bill_payment,387.8,1.1,0,4,6,1,deadline_override
synth_00499,2026-01-25T02:00:00,appointment,0.0,21.8,0,2,2,0,non_financial_low_risk
synth_00500,2026-01-26T10:00:00,appointment,0.0,42.3,0,10,2,0,non_financial_low_risk
synth_00501,2026-01-26T13:00:00,reminder,0.0,63.3,0,13,6,0,non_financial_low_risk
synth_00502,2026-01-26T22:00:00,appointment,0.0,18.3,0,22,4,0,non_financial_low_risk
synth_00503,2026-01-26T07:00:00,reminder,0.0,74.2,0,7,5,0,non_financial_low_risk
synth_00504,2026-01-26T22:00:00,bill_payment,46.05,6.5,0,22,4,0,low_amount
synth_00505,2026-01-26T01:00:00,reminder,0.0,161.2,0,1,1,0,non_financial_low_risk
synth_00506,2026-01-26T07:00:00,reminder,0.0,164.5,0,7,5,0,non_financial_low_risk
synth_00507,2026-01-26T23:00:00,reminder,0.0,7.3,0,23,0,0,non_financial_low_risk
synth_00508,2026-01-26T02:00:00,reminder,0.0,8.8,0,2,6,0,non_financial_low_risk
synth_00509,2026-01-26T14:00:00,appointment,0.0,104.5,0,14,0,0,non_financial_low_risk
synth_00510,2026-01-26T12:00:00,bill_payment,49.54,5.5,1,12,3,1,deadline_override
synth_00511,2026-01-26T15:00:00,reminder,0.0,103.6,0,15,3,0,non_financial_low_risk
synth_00512,2026-01-26T01:00:00,bill_payment,272.95,12.3,0,1,2,1,low_amount
synth_00513,2026-01-26T02:00:00,bill_payment,47.79,105.1,1,2,4,0,recurring_suppressed
synth_00514,2026-01-26T19:00:00,reminder,0.0,19.8,0,19,3,0,non_financial_low_risk
synth_00515,2026-01-26T10:00:00,bill_payment,310.54,27.3,1,10,1,0,recurring_suppressed
synth_00516,2026-01-26T09:00:00,bill_payment,585.24,37.3,0,9,1,0,low_amount
synth_00517,2026-01-26T02:00:00,bill_payment,178.41,2.7,1,2,2,1,deadline_override
synth_00518,2026-01-26T03:00:00,appointment,0.0,31.4,0,3,0,0,non_financial_low_risk
synth_00519,2026-01-26T15:00:00,appointment,0.0,181.2,0,15,6,0,non_financial_low_risk
synth_00520,2026-01-27T21:00:00,paperwork,0.0,30.6,0,21,2,0,non_financial_low_risk
synth_00521,2026-01-27T12:00:00,appointment,0.0,9.8,0,12,2,0,non_financial_low_risk
synth_00522,2026-01-27T04:00:00,bill_payment,127.18,87.1,0,4,6,0,low_amount
synth_00523,2026-01-27T07:00:00,bill_payment,775.99,25.7,0,7,4,0,low_amount
synth_00524,2026-01-27T18:00:00,bill_payment,512.75,55.8,0,18,1,0,low_amount
synth_00525,2026-01-27T19:00:00,bill_payment,154.44,77.4,0,19,1,0,low_amount
synth_00526,2026-01-27T05:00:00,paperwork,0.0,9.1,0,5,1,0,non_financial_low_risk
synth_00527,2026-01-27T02:00:00,bill_payment,630.96,14.3,0,2,0,0,low_amount
synth_00528,2026-01-27T22:00:00,bill_payment,94.32,29.4,0,22,4,0,low_amount
synth_00529,2026-01-27T04:00:00,paperwork,0.0,5.7,0,4,1,0,non_financial_low_risk
synth_00530,2026-01-27T03:00:00,appointment,0.0,160.7,0,3,0,0,non_financial_low_risk
synth_00531,2026-01-27T12:00:00,bill_payment,62.22,20.2,0,12,5,0,low_amount
synth_00532,2026-01-27T08:00:00,appointment,0.0,1.8,0,8,3,1,non_financial_but_imminent
synth_00533,2026-01-27T01:00:00,appointment,0.0,56.8,0,1,3,0,non_financial_low_risk
synth_00534,2026-01-27T00:00:00,bill_payment,21.16,121.7,0,0,2,0,low_amount
synth_00535,2026-01-27T07:00:00,bill_payment,65.67,57.2,1,7,1,0,recurring_suppressed
synth_00536,2026-01-27T10:00:00,paperwork,0.0,71.4,0,10,2,0,non_financial_low_risk
synth_00537,2026-01-27T14:00:00,appointment,0.0,4.5,0,14,1,0,non_financial_low_risk
synth_00538,2026-01-27T05:00:00,bill_payment,139.68,22.5,1,5,0,0,recurring_suppressed
synth_00539,2026-01-27T16:00:00,appointment,0.0,7.0,0,16,4,1,non_financial_low_risk
synth_00540,2026-01-28T08:00:00,bill_payment,62.2,120.1,0,8,2,0,low_amount
synth_00541,2026-01-28T03:00:00,appointment,0.0,48.4,0,3,5,1,non_financial_low_risk
synth_00542,2026-01-28T11:00:00,bill_payment,184.16,98.1,0,11,2,0,low_amount
synth_00543,2026-01-28T22:00:00,reminder,0.0,66.3,0,22,0,0,non_financial_low_risk
synth_00544,2026-01-28T20:00:00,bill_payment,33.54,160.8,0,20,1,0,low_amount
synth_00545,2026-01-28T00:00:00,bill_payment,124.68,72.7,0,0,3,0,low_amount
synth_00546,2026-01-28T00:00:00,appointment,0.0,44.1,0,0,1,0,non_financial_low_risk
synth_00547,2026-01-28T22:00:00,paperwork,0.0,17.5,0,22,5,0,non_financial_low_risk
synth_00548,2026-01-28T14:00:00,reminder,0.0,91.6,0,14,2,0,non_financial_low_risk
synth_00549,2026-01-28T21:00:00,bill_payment,164.59,42.2,1,21,6,0,recurring_suppressed
synth_00550,2026-01-28T09:00:00,appointment,0.0,43.2,0,9,2,0,non_financial_low_risk
synth_00551,2026-01-28T08:00:00,appointment,0.0,19.7,0,8,5,0,non_financial_low_risk
synth_00552,2026-01-28T01:00:00,bill_payment,211.06,35.0,1,1,6,0,recurring_suppressed
synth_00553,2026-01-28T10:00:00,paperwork,0.0,24.8,0,10,5,0,non_financial_low_risk
synth_00554,2026-01-28T23:00:00,bill_payment,147.37,114.0,0,23,0,0,low_amount
synth_00555,2026-01-28T10:00:00,reminder,0.0,81.3,0,10,5,0,non_financial_low_risk
synth_00556,2026-01-28T15:00:00,appointment,0.0,48.8,0,15,5,0,non_financial_low_risk
synth_00557,2026-01-28T15:00:00,bill_payment,24.07,39.2,1,15,1,0,recurring_suppressed
synth_00558,2026-01-28T05:00:00,paperwork,0.0,39.3,0,5,5,0,non_financial_low_risk
synth_00559,2026-01-28T07:00:00,appointment,0.0,12.1,0,7,5,0,non_financial_low_risk
synth_00560,2026-01-29T03:00:00,bill_payment,474.3,42.3,0,3,3,0,low_amount
synth_00561,2026-01-29T19:00:00,appointment,0.0,41.7,0,19,0,0,non_financial_low_risk
synth_00562,2026-01-29T04:00:00,bill_payment,15.69,36.2,0,4,1,0,low_amount
synth_00563,2026-01-29T05:00:00,bill_payment,341.84,4.0,0,5,2,1,deadline_override
synth_00564,2026-01-29T15:00:00,bill_payment,24.79,8.9,0,15,6,0,low_amount
synth_00565,2026-01-29T12:00:00,bill_payment,267.58,24.8,0,12,0,1,low_amount
synth_00566,2026-01-29T06:00:00,bill_payment,116.41,18.7,0,6,0,0,low_amount
synth_00567,2026-01-29T22:00:00,appointment,0.0,13.7,0,22,2,0,non_financial_low_risk
synth_00568,2026-01-29T09:00:00,bill_payment,149.77,3.2,1,9,3,1,deadline_override
synth_00569,2026-01-29T21:00:00,appointment,0.0,19.8,0,21,1,0,non_financial_low_risk
synth_00570,2026-01-29T06:00:00,reminder,0.0,21.4,0,6,1,0,non_financial_low_risk
synth_00571,2026-01-29T07:00:00,reminder,0.0,24.8,0,7,1,0,non_financial_low_risk
synth_00572,2026-01-29T20:00:00,bill_payment,435.53,8.9,0,20,6,1,low_amount
synth_00573,2026-01-29T17:00:00,reminder,0.0,14.2,0,17,4,1,non_financial_low_risk
synth_00574,2026-01-29T20:00:00,reminder,0.0,52.1,0,20,6,1,non_financial_low_risk
synth_00575,2026-01-29T12:00:00,appointment,0.0,25.9,0,12,0,0,non_financial_low_risk
synth_00576,2026-01-29T22:00:00,appointment,0.0,8.0,0,22,5,0,non_financial_low_risk
synth_00577,2026-01-29T04:00:00,bill_payment,366.46,15.1,0,4,3,0,low_amount
synth_00578,2026-01-29T06:00:00,bill_payment,236.97,5.8,1,6,4,1,deadline_override
synth_00579,2026-01-29T01:00:00,bill_payment,156.76,58.3,1,1,4,0,recurring_suppressed
synth_00580,2026-01-30T03:00:00,bill_payment,503.21,0.1,0,3,6,1,deadline_override
synth_00581,2026-01-30T16:00:00,appointment,0.0,143.3,0,16,0,0,non_financial_low_risk
synth_00582,2026-01-30T14:00:00,bill_payment,81.52,215.0,1,14,0,0,recurring_suppressed
synth_00583,2026-01-30T23:00:00,bill_payment,43.59,77.6,0,23,0,0,low_amount
synth_00584,2026-01-30T04:00:00,paperwork,0.0,2.3,0,4,5,0,non_financial_low_risk
synth_00585,2026-01-30T03:00:00,bill_payment,28.85,22.4,0,3,3,0,low_amount
synth_00586,2026-01-30T22:00:00,appointment,0.0,86.7,0,22,6,0,non_financial_low_risk
synth_00587,2026-01-30T05:00:00,bill_payment,355.84,6.8,0,5,0,0,low_amount
synth_00588,2026-01-30T21:00:00,appointment,0.0,77.8,0,21,3,0,non_financial_low_risk
synth_00589,2026-01-30T04:00:00,bill_payment,112.76,55.4,0,4,3,0,low_amount
synth_00590,2026-01-30T22:00:00,bill_payment,124.53,14.6,0,22,6,0,low_amount
synth_00591,2026-01-30T18:00:00,paperwork,0.0,41.3,0,18,1,0,non_financial_low_risk
synth_00592,2026-01-30T16:00:00,appointment,0.0,19.8,0,16,5,0,non_financial_low_risk
synth_00593,2026-01-30T12:00:00,bill_payment,222.76,20.4,0,12,1,0,low_amount
synth_00594,2026-01-30T01:00:00,appointment,0.0,211.5,0,1,0,0,non_financial_low_risk
synth_00595,2026-01-30T07:00:00,bill_payment,145.36,168.5,1,7,4,0,recurring_suppressed
synth_00596,2026-01-30T15:00:00,bill_payment,58.88,77.6,0,15,3,0,low_amount
synth_00597,2026-01-30T00:00:00,reminder,0.0,65.6,0,0,0,0,non_financial_low_risk
synth_00598,2026-01-30T20:00:00,bill_payment,252.7,75.3,0,20,2,0,low_amount
synth_00599,2026-01-30T14:00:00,appointment,0.0,51.0,0,14,2,0,non_financial_low_risk
synth_00600,2026-01-31T15:00:00,bill_payment,56.91,39.4,0,15,5,0,low_amount
synth_00601,2026-01-31T21:00:00,paperwork,0.0,5.8,0,21,1,1,non_financial_low_risk
synth_00602,2026-01-31T03:00:00,bill_payment,523.53,38.1,0,3,0,0,low_amount
synth_00603,2026-01-31T23:00:00,appointment,0.0,82.8,0,23,5,0,non_financial_low_risk
synth_00604,2026-01-31T06:00:00,bill_payment,77.28,91.8,1,6,5,0,recurring_suppressed
synth_00605,2026-01-31T20:00:00,paperwork,0.0,2.3,0,20,6,0,non_financial_low_risk
synth_00606,2026-01-31T15:00:00,bill_payment,579.65,42.7,0,15,0,0,low_amount
synth_00607,2026-01-31T18:00:00,bill_payment,139.0,121.9,1,18,1,0,recurring_suppressed
synth_00608,2026-01-31T12:00:00,bill_payment,87.19,102.9,0,12,3,0,low_amount
synth_00609,2026-01-31T08:00:00,reminder,0.0,69.0,0,8,3,0,non_financial_low_risk
synth_00610,2026-01-31T04:00:00,reminder,0.0,28.9,0,4,1,0,non_financial_low_risk
synth_00611,2026-01-31T09:00:00,paperwork,0.0,66.2,0,9,6,0,non_financial_low_risk
synth_00612,2026-01-31T17:00:00,reminder,0.0,59.7,0,17,5,0,non_financial_low_risk
synth_00613,2026-01-31T22:00:00,bill_payment,539.65,122.0,1,22,5,0,recurring_suppressed
synth_00614,2026-01-31T17:00:00,bill_payment,185.09,59.5,0,17,3,0,low_amount
synth_00615,2026-01-31T21:00:00,reminder,0.0,59.4,0,21,5,0,non_financial_low_risk
synth_00616,2026-01-31T13:00:00,appointment,0.0,100.8,0,13,6,1,non_financial_low_risk
synth_00617,2026-01-31T05:00:00,bill_payment,117.05,2.8,1,5,2,1,deadline_override
synth_00618,2026-01-31T19:00:00,bill_payment,43.93,21.3,0,19,6,0,low_amount
synth_00619,2026-01-31T20:00:00,appointment,0.0,12.2,0,20,4,0,non_financial_low_risk
synth_00620,2026-02-01T22:00:00,appointment,0.0,76.5,0,22,2,0,non_financial_low_risk
synth_00621,2026-02-01T17:00:00,bill_payment,101.19,74.5,0,17,0,1,low_amount
synth_00622,2026-02-01T20:00:00,bill_payment,419.26,98.0,0,20,5,0,low_amount
synth_00623,2026-02-01T06:00:00,bill_payment,280.82,10.5,0,6,2,0,low_amount
synth_00624,2026-02-01T05:00:00,reminder,0.0,3.7,0,5,5,0,non_financial_low_risk
synth_00625,2026-02-01T08:00:00,bill_payment,109.48,6.7,0,8,0,0,low_amount
synth_00626,2026-02-01T04:00:00,paperwork,0.0,8.1,0,4,2,0,non_financial_low_risk
synth_00627,2026-02-01T21:00:00,paperwork,0.0,47.1,0,21,2,0,non_financial_low_risk
synth_00628,2026-02-01T22:00:00,appointment,0.0,21.3,0,22,2,0,non_financial_low_risk
synth_00629,2026-02-01T16:00:00,reminder,0.0,35.3,0,16,1,0,non_financial_low_risk
synth_00630,2026-02-01T07:00:00,appointment,0.0,4.6,0,7,1,0,non_financial_low_risk
synth_00631,2026-02-01T20:00:00,bill_payment,227.02,39.6,0,20,0,0,low_amount
synth_00632,2026-02-01T01:00:00,bill_payment,37.72,120.4,1,1,5,0,recurring_suppressed
synth_00633,2026-02-01T00:00:00,bill_payment,278.79,14.2,0,0,4,0,low_amount
synth_00634,2026-02-01T06:00:00,bill_payment,415.99,2.2,0,6,2,1,deadline_override
synth_00635,2026-02-01T17:00:00,reminder,0.0,8.8,0,17,4,1,non_financial_low_risk
synth_00636,2026-02-01T03:00:00,bill_payment,613.79,96.1,0,3,1,0,low_amount
synth_00637,2026-02-01T13:00:00,paperwork,0.0,179.5,0,13,5,0,non_financial_low_risk
synth_00638,2026-02-01T08:00:00,bill_payment,227.09,3.7,1,8,4,1,deadline_override
synth_00639,2026-02-01T13:00:00,paperwork,0.0,116.1,0,13,3,0,non_financial_low_risk
synth_00640,2026-02-02T23:00:00,bill_payment,84.14,6.0,1,23,4,1,deadline_override
synth_00641,2026-02-02T02:00:00,paperwork,0.0,2.2,0,2,2,0,non_financial_low_risk
synth_00642,2026-02-02T14:00:00,bill_payment,322.11,4.3,0,14,3,1,deadline_override
synth_00643,2026-02-02T17:00:00,appointment,0.0,30.8,0,17,1,0,non_financial_low_risk
synth_00644,2026-02-02T21:00:00,bill_payment,510.69,154.7,1,21,6,0,recurring_suppressed
synth_00645,2026-02-02T00:00:00,appointment,0.0,151.5,0,0,4,0,non_financial_low_risk
synth_00646,2026-02-02T02:00:00,bill_payment,19.61,24.0,0,2,2,0,low_amount
synth_00647,2026-02-02T06:00:00,paperwork,0.0,62.1,0,6,3,0,non_financial_low_risk
synth_00648,2026-02-02T05:00:00,reminder,0.0,7.4,0,5,1,0,non_financial_low_risk
synth_00649,2026-02-02T17:00:00,bill_payment,16.28,40.2,1,17,3,0,recurring_suppressed
synth_00650,2026-02-02T10:00:00,bill_payment,228.69,10.6,0,10,2,0,low_amount
synth_00651,2026-02-02T19:00:00,appointment,0.0,5.1,0,19,0,0,non_financial_low_risk
synth_00652,2026-02-02T18:00:00,bill_payment,116.42,17.5,0,18,4,0,low_amount
synth_00653,2026-02-02T23:00:00,bill_payment,129.55,13.6,1,23,5,0,recurring_suppressed
synth_00654,2026-02-02T23:00:00,paperwork,0.0,6.9,0,23,2,0,non_financial_low_risk
synth_00655,2026-02-02T09:00:00,appointment,0.0,21.3,0,9,3,0,non_financial_low_risk
synth_00656,2026-02-02T17:00:00,bill_payment,529.45,93.9,1,17,1,0,recurring_suppressed
synth_00657,2026-02-02T02:00:00,reminder,0.0,3.8,0,2,0,0,non_financial_low_risk
synth_00658,2026-02-02T18:00:00,appointment,0.0,80.4,0,18,3,0,non_financial_low_risk
synth_00659,2026-02-02T20:00:00,bill_payment,45.49,107.7,0,20,6,0,low_amount
synth_00660,2026-02-03T16:00:00,bill_payment,897.75,93.4,1,16,4,0,recurring_suppressed
synth_00661,2026-02-03T18:00:00,bill_payment,621.02,7.3,1,18,4,0,recurring_suppressed
synth_00662,2026-02-03T15:00:00,reminder,0.0,63.9,0,15,2,1,non_financial_low_risk
synth_00663,2026-02-03T08:00:00,paperwork,0.0,12.7,0,8,2,0,non_financial_low_risk
synth_00664,2026-02-03T11:00:00,appointment,0.0,35.0,0,11,3,0,non_financial_low_risk
synth_00665,2026-02-03T20:00:00,appointment,0.0,2.3,0,20,2,0,non_financial_low_risk
synth_00666,2026-02-03T08:00:00,reminder,0.0,48.2,0,8,6,0,non_financial_low_risk
synth_00667,2026-02-03T12:00:00,appointment,0.0,40.5,0,12,5,0,non_financial_low_risk
synth_00668,2026-02-03T02:00:00,appointment,0.0,109.7,0,2,4,0,non_financial_low_risk
synth_00669,2026-02-03T12:00:00,reminder,0.0,12.1,0,12,2,0,non_financial_low_risk
synth_00670,2026-02-03T04:00:00,bill_payment,128.09,34.7,1,4,1,0,recurring_suppressed
synth_00671,2026-02-03T21:00:00,appointment,0.0,81.5,0,21,1,0,non_financial_low_risk
synth_00672,2026-02-03T20:00:00,bill_payment,15.69,31.3,0,20,6,0,low_amount
synth_00673,2026-02-03T18:00:00,bill_payment,26.51,6.9,0,18,1,0,low_amount
synth_00674,2026-02-03T21:00:00,bill_payment,228.07,0.9,0,21,6,1,deadline_override
synth_00675,2026-02-03T18:00:00,bill_payment,342.29,85.2,0,18,6,0,low_amount
synth_00676,2026-02-03T05:00:00,appointment,0.0,34.3,0,5,5,0,non_financial_low_risk
synth_00677,2026-02-03T02:00:00,reminder,0.0,43.6,0,2,1,0,non_financial_low_risk
synth_00678,2026-02-03T19:00:00,bill_payment,707.63,9.4,0,19,0,0,low_amount
synth_00679,2026-02-03T02:00:00,appointment,0.0,67.0,0,2,3,0,non_financial_low_risk
synth_00680,2026-02-04T00:00:00,reminder,0.0,37.2,0,0,6,0,non_financial_low_risk
synth_00681,2026-02-04T15:00:00,bill_payment,44.89,57.4,0,15,6,0,low_amount
synth_00682,2026-02-04T07:00:00,bill_payment,665.91,26.6,1,7,6,0,recurring_suppressed
synth_00683,2026-02-04T08:00:00,appointment,0.0,37.7,0,8,1,1,non_financial_low_risk
synth_00684,2026-02-04T16:00:00,paperwork,0.0,0.3,0,16,0,1,non_financial_but_imminent
synth_00685,2026-02-04T08:00:00,bill_payment,122.42,26.7,0,8,6,0,low_amount
synth_00686,2026-02-04T21:00:00,appointment,0.0,45.4,0,21,3,0,non_financial_low_risk
synth_00687,2026-02-04T08:00:00,bill_payment,417.71,22.2,0,8,2,0,low_amount
synth_00688,2026-02-04T04:00:00,paperwork,0.0,24.4,0,4,6,0,non_financial_low_risk
synth_00689,2026-02-04T16:00:00,bill_payment,14.14,143.1,1,16,3,0,recurring_suppressed
synth_00690,2026-02-04T21:00:00,paperwork,0.0,45.7,0,21,5,0,non_financial_low_risk
synth_00691,2026-02-04T19:00:00,bill_payment,550.42,83.2,0,19,3,0,low_amount
synth_00692,2026-02-04T12:00:00,bill_payment,79.56,61.9,0,12,4,0,low_amount
synth_00693,2026-02-04T21:00:00,bill_payment,277.56,32.7,1,21,6,0,recurring_suppressed
synth_00694,2026-02-04T21:00:00,bill_payment,443.55,57.5,0,21,0,0,low_amount
synth_00695,2026-02-04T02:00:00,appointment,0.0,178.3,0,2,2,0,non_financial_low_risk
synth_00696,2026-02-04T02:00:00,bill_payment,92.02,35.0,0,2,0,0,low_amount
synth_00697,2026-02-04T18:00:00,paperwork,0.0,39.3,0,18,2,0,non_financial_low_risk
synth_00698,2026-02-04T06:00:00,paperwork,0.0,12.3,0,6,3,0,non_financial_low_risk
synth_00699,2026-02-04T13:00:00,appointment,0.0,14.5,0,13,4,0,non_financial_low_risk
synth_00700,2026-02-05T07:00:00,bill_payment,235.6,162.4,0,7,6,0,low_amount
synth_00701,2026-02-05T18:00:00,paperwork,0.0,54.9,0,18,6,1,non_financial_low_risk
synth_00702,2026-02-05T00:00:00,bill_payment,70.47,149.3,0,0,5,0,low_amount
synth_00703,2026-02-05T08:00:00,bill_payment,702.91,20.9,0,8,1,0,low_amount
synth_00704,2026-02-05T15:00:00,appointment,0.0,115.5,0,15,5,0,non_financial_low_risk
synth_00705,2026-02-05T06:00:00,paperwork,0.0,99.0,0,6,1,0,non_financial_low_risk
synth_00706,2026-02-05T21:00:00,bill_payment,193.48,5.4,0,21,5,1,deadline_override
synth_00707,2026-02-05T18:00:00,bill_payment,421.75,18.2,0,18,6,0,low_amount
synth_00708,2026-02-05T04:00:00,bill_payment,411.61,24.4,0,4,0,0,low_amount
synth_00709,2026-02-05T03:00:00,bill_payment,18.83,71.8,0,3,5,0,low_amount
synth_00710,2026-02-05T05:00:00,bill_payment,115.24,21.5,0,5,4,0,low_amount
synth_00711,2026-02-05T13:00:00,bill_payment,554.02,9.8,0,13,5,0,low_amount
synth_00712,2026-02-05T21:00:00,bill_payment,105.48,40.7,0,21,1,0,low_amount
synth_00713,2026-02-05T17:00:00,paperwork,0.0,78.2,0,17,3,0,non_financial_low_risk
synth_00714,2026-02-05T13:00:00,bill_payment,1294.05,30.7,1,13,3,0,recurring_suppressed
synth_00715,2026-02-05T17:00:00,reminder,0.0,47.8,0,17,5,0,non_financial_low_risk
synth_00716,2026-02-05T18:00:00,appointment,0.0,13.9,0,18,0,0,non_financial_low_risk
synth_00717,2026-02-05T08:00:00,appointment,0.0,3.0,0,8,3,0,non_financial_low_risk
synth_00718,2026-02-05T08:00:00,bill_payment,276.87,21.4,0,8,2,1,low_amount
synth_00719,2026-02-05T09:00:00,bill_payment,38.88,50.3,1,9,2,0,recurring_suppressed
synth_00720,2026-02-06T14:00:00,appointment,0.0,71.5,0,14,0,0,non_financial_low_risk
synth_00721,2026-02-06T10:00:00,bill_payment,198.47,8.8,0,10,3,0,low_amount
synth_00722,2026-02-06T02:00:00,appointment,0.0,90.7,0,2,0,0,non_financial_low_risk
synth_00723,2026-02-06T08:00:00,bill_payment,91.14,14.9,0,8,3,0,low_amount
synth_00724,2026-02-06T16:00:00,reminder,0.0,66.1,0,16,3,0,non_financial_low_risk
synth_00725,2026-02-06T02:00:00,bill_payment,224.01,8.8,1,2,3,0,recurring_suppressed
synth_00726,2026-02-06T04:00:00,bill_payment,64.91,4.2,1,4,0,1,deadline_override
synth_00727,2026-02-06T07:00:00,reminder,0.0,17.8,0,7,5,0,non_financial_low_risk
synth_00728,2026-02-06T05:00:00,appointment,0.0,6.8,0,5,0,1,non_financial_low_risk
synth_00729,2026-02-06T04:00:00,bill_payment,91.88,131.1,0,4,5,0,low_amount
synth_00730,2026-02-06T23:00:00,appointment,0.0,29.3,0,23,5,0,non_financial_low_risk
synth_00731,2026-02-06T07:00:00,bill_payment,261.34,115.0,0,7,6,0,low_amount
synth_00732,2026-02-06T04:00:00,bill_payment,121.97,0.5,0,4,2,1,deadline_override
synth_00733,2026-02-06T15:00:00,appointment,0.0,55.9,0,15,6,0,non_financial_low_risk
synth_00734,2026-02-06T11:00:00,bill_payment,123.27,12.6,1,11,1,0,recurring_suppressed
synth_00735,2026-02-06T05:00:00,appointment,0.0,24.1,0,5,5,0,non_financial_low_risk
synth_00736,2026-02-06T19:00:00,bill_payment,108.69,26.3,1,19,6,0,recurring_suppressed
synth_00737,2026-02-06T02:00:00,bill_payment,270.03,15.0,1,2,1,0,recurring_suppressed
synth_00738,2026-02-06T10:00:00,bill_payment,127.23,57.9,0,10,0,0,low_amount
synth_00739,2026-02-06T03:00:00,reminder,0.0,1.1,0,3,2,1,non_financial_but_imminent
synth_00740,2026-02-07T07:00:00,paperwork,0.0,62.3,0,7,0,0,non_financial_low_risk
synth_00741,2026-02-07T09:00:00,appointment,0.0,20.1,0,9,6,0,non_financial_low_risk
synth_00742,2026-02-07T01:00:00,reminder,0.0,29.9,0,1,2,0,non_financial_low_risk
synth_00743,2026-02-07T08:00:00,paperwork,0.0,7.6,0,8,6,0,non_financial_low_risk
synth_00744,2026-02-07T08:00:00,appointment,0.0,9.6,0,8,6,0,non_financial_low_risk
synth_00745,2026-02-07T06:00:00,bill_payment,17.38,4.7,0,6,3,1,deadline_override
synth_00746,2026-02-07T05:00:00,reminder,0.0,132.1,0,5,5,0,non_financial_low_risk
synth_00747,2026-02-07T03:00:00,paperwork,0.0,38.3,0,3,2,0,non_financial_low_risk
synth_00748,2026-02-07T07:00:00,bill_payment,112.41,52.7,0,7,5,0,low_amount
synth_00749,2026-02-07T01:00:00,bill_payment,565.48,24.2,1,1,4,0,recurring_suppressed
synth_00750,2026-02-07T11:00:00,appointment,0.0,43.5,0,11,6,0,non_financial_low_risk
synth_00751,2026-02-07T20:00:00,bill_payment,19.65,128.2,0,20,0,0,low_amount
synth_00752,2026-02-07T03:00:00,appointment,0.0,58.0,0,3,1,0,non_financial_low_risk
synth_00753,2026-02-07T23:00:00,bill_payment,202.32,20.5,0,23,1,1,low_amount
synth_00754,2026-02-07T17:00:00,bill_payment,261.16,1.9,0,17,2,1,deadline_override
synth_00755,2026-02-07T17:00:00,appointment,0.0,40.1,0,17,2,0,non_financial_low_risk
synth_00756,2026-02-07T19:00:00,appointment,0.0,97.1,0,19,6,0,non_financial_low_risk
synth_00757,2026-02-07T00:00:00,bill_payment,58.89,14.7,0,0,6,0,low_amount
synth_00758,2026-02-07T12:00:00,bill_payment,25.36,51.5,0,12,1,0,low_amount
synth_00759,2026-02-07T19:00:00,appointment,0.0,38.5,0,19,2,0,non_financial_low_risk
synth_00760,2026-02-08T16:00:00,appointment,0.0,5.6,0,16,5,0,non_financial_low_risk
synth_00761,2026-02-08T01:00:00,paperwork,0.0,6.7,0,1,1,0,non_financial_low_risk
synth_00762,2026-02-08T01:00:00,bill_payment,98.28,46.9,0,1,2,0,low_amount
synth_00763,2026-02-08T06:00:00,paperwork,0.0,0.6,0,6,5,1,non_financial_but_imminent
synth_00764,2026-02-08T20:00:00,reminder,0.0,4.0,0,20,0,0,non_financial_low_risk
synth_00765,2026-02-08T11:00:00,paperwork,0.0,106.1,0,11,6,0,non_financial_low_risk
synth_00766,2026-02-08T01:00:00,paperwork,0.0,14.8,0,1,5,0,non_financial_low_risk
synth_00767,2026-02-08T20:00:00,bill_payment,159.77,35.9,1,20,1,0,recurring_suppressed
synth_00768,2026-02-08T20:00:00,appointment,0.0,65.8,0,20,4,0,non_financial_low_risk
synth_00769,2026-02-08T03:00:00,appointment,0.0,52.5,0,3,1,0,non_financial_low_risk
synth_00770,2026-02-08T21:00:00,appointment,0.0,33.7,0,21,1,0,non_financial_low_risk
synth_00771,2026-02-08T10:00:00,appointment,0.0,130.1,0,10,4,0,non_financial_low_risk
synth_00772,2026-02-08T19:00:00,bill_payment,53.17,27.0,0,19,1,0,low_amount
synth_00773,2026-02-08T19:00:00,bill_payment,125.92,62.2,0,19,0,0,low_amount
synth_00774,2026-02-08T09:00:00,reminder,0.0,17.2,0,9,1,0,non_financial_low_risk
synth_00775,2026-02-08T14:00:00,bill_payment,155.95,40.7,1,14,2,0,recurring_suppressed
synth_00776,2026-02-08T18:00:00,bill_payment,395.5,14.2,0,18,3,0,low_amount
synth_00777,2026-02-08T22:00:00,bill_payment,45.54,31.6,0,22,5,0,low_amount
synth_00778,2026-02-08T09:00:00,reminder,0.0,43.4,0,9,0,0,non_financial_low_risk
synth_00779,2026-02-08T01:00:00,appointment,0.0,3.9,0,1,6,0,non_financial_low_risk
synth_00780,2026-02-09T03:00:00,reminder,0.0,27.3,0,3,6,0,non_financial_low_risk
synth_00781,2026-02-09T00:00:00,paperwork,0.0,90.9,0,0,5,0,non_financial_low_risk
synth_00782,2026-02-09T16:00:00,bill_payment,101.07,37.3,1,16,5,0,recurring_suppressed
synth_00783,2026-02-09T16:00:00,bill_payment,304.85,28.3,0,16,0,0,low_amount
synth_00784,2026-02-09T01:00:00,bill_payment,117.94,4.1,0,1,4,1,deadline_override
synth_00785,2026-02-09T17:00:00,bill_payment,150.69,6.7,1,17,1,0,recurring_suppressed
synth_00786,2026-02-09T19:00:00,appointment,0.0,10.5,0,19,5,0,non_financial_low_risk
synth_00787,2026-02-09T03:00:00,bill_payment,68.45,55.4,0,3,5,0,low_amount
synth_00788,2026-02-09T05:00:00,bill_payment,60.88,51.1,0,5,2,0,low_amount
synth_00789,2026-02-09T04:00:00,reminder,0.0,28.0,0,4,3,1,non_financial_low_risk
synth_00790,2026-02-09T11:00:00,paperwork,0.0,10.7,0,11,1,0,non_financial_low_risk
synth_00791,2026-02-09T01:00:00,reminder,0.0,5.7,0,1,1,0,non_financial_low_risk
synth_00792,2026-02-09T09:00:00,reminder,0.0,97.5,0,9,0,0,non_financial_low_risk
synth_00793,2026-02-09T15:00:00,paperwork,0.0,17.5,0,15,0,0,non_financial_low_risk
synth_00794,2026-02-09T17:00:00,paperwork,0.0,11.4,0,17,4,0,non_financial_low_risk
synth_00795,2026-02-09T04:00:00,appointment,0.0,46.8,0,4,5,0,non_financial_low_risk
synth_00796,2026-02-09T09:00:00,bill_payment,236.4,2.1,1,9,1,1,deadline_override
synth_00797,2026-02-09T20:00:00,appointment,0.0,2.6,0,20,0,0,non_financial_low_risk
synth_00798,2026-02-09T21:00:00,appointment,0.0,52.2,0,21,2,0,non_financial_low_risk
synth_00799,2026-02-09T22:00:00,bill_payment,1072.37,12.6,0,22,0,1,high_amount
synth_00800,2026-02-10T02:00:00,appointment,0.0,43.6,0,2,1,0,non_financial_low_risk
synth_00801,2026-02-10T22:00:00,reminder,0.0,39.5,0,22,0,1,non_financial_low_risk
synth_00802,2026-02-10T15:00:00,reminder,0.0,17.5,0,15,3,0,non_financial_low_risk
synth_00803,2026-02-10T16:00:00,bill_payment,254.57,17.3,0,16,2,0,low_amount
synth_00804,2026-02-10T00:00:00,appointment,0.0,101.2,0,0,4,0,non_financial_low_risk
synth_00805,2026-02-10T16:00:00,bill_payment,90.76,7.1,0,16,5,0,low_amount
synth_00806,2026-02-10T07:00:00,appointment,0.0,12.4,0,7,4,0,non_financial_low_risk
synth_00807,2026-02-10T10:00:00,reminder,0.0,115.4,0,10,3,0,non_financial_low_risk
synth_00808,2026-02-10T09:00:00,bill_payment,33.55,77.3,0,9,5,0,low_amount
synth_00809,2026-02-10T04:00:00,appointment,0.0,7.0,0,4,5,0,non_financial_low_risk
synth_00810,2026-02-10T17:00:00,reminder,0.0,18.3,0,17,4,0,non_financial_low_risk
synth_00811,2026-02-10T13:00:00,bill_payment,10,62.3,0,13,3,0,low_amount
synth_00812,2026-02-10T20:00:00,paperwork,0.0,82.8,0,20,5,0,non_financial_low_risk
synth_00813,2026-02-10T05:00:00,paperwork,0.0,5.4,0,5,0,0,non_financial_low_risk
synth_00814,2026-02-10T18:00:00,appointment,0.0,14.9,0,18,4,0,non_financial_low_risk
synth_00815,2026-02-10T16:00:00,bill_payment,257.72,55.9,0,16,6,0,low_amount
synth_00816,2026-02-10T12:00:00,paperwork,0.0,22.5,0,12,3,0,non_financial_low_risk
synth_00817,2026-02-10T13:00:00,bill_payment,61.97,166.5,0,13,1,0,low_amount
synth_00818,2026-02-10T02:00:00,reminder,0.0,68.1,0,2,1,0,non_financial_low_risk
synth_00819,2026-02-10T15:00:00,reminder,0.0,96.9,0,15,5,0,non_financial_low_risk
synth_00820,2026-02-11T12:00:00,appointment,0.0,13.6,0,12,6,1,non_financial_low_risk
synth_00821,2026-02-11T10:00:00,paperwork,0.0,23.0,0,10,3,0,non_financial_low_risk
synth_00822,2026-02-11T16:00:00,paperwork,0.0,43.2,0,16,5,0,non_financial_low_risk
synth_00823,2026-02-11T14:00:00,paperwork,0.0,35.3,0,14,3,0,non_financial_low_risk
synth_00824,2026-02-11T20:00:00,bill_payment,70.54,39.2,0,20,0,0,low_amount
synth_00825,2026-02-11T22:00:00,bill_payment,91.41,16.7,0,22,4,0,low_amount
synth_00826,2026-02-11T02:00:00,appointment,0.0,49.9,0,2,5,0,non_financial_low_risk
synth_00827,2026-02-11T10:00:00,bill_payment,682.61,37.9,0,10,3,1,low_amount
synth_00828,2026-02-11T06:00:00,appointment,0.0,108.9,0,6,3,0,non_financial_low_risk
synth_00829,2026-02-11T02:00:00,bill_payment,392.19,8.6,0,2,0,0,low_amount
synth_00830,2026-02-11T22:00:00,appointment,0.0,4.3,0,22,3,0,non_financial_low_risk
synth_00831,2026-02-11T05:00:00,reminder,0.0,45.5,0,5,3,0,non_financial_low_risk
synth_00832,2026-02-11T05:00:00,bill_payment,58.31,98.4,0,5,6,0,low_amount
synth_00833,2026-02-11T09:00:00,paperwork,0.0,2.5,0,9,2,0,non_financial_low_risk
synth_00834,2026-02-11T05:00:00,reminder,0.0,16.4,0,5,0,0,non_financial_low_risk
synth_00835,2026-02-11T08:00:00,reminder,0.0,0.2,0,8,0,1,non_financial_but_imminent
synth_00836,2026-02-11T00:00:00,reminder,0.0,37.6,0,0,4,0,non_financial_low_risk
synth_00837,2026-02-11T19:00:00,bill_payment,204.35,25.3,1,19,0,0,recurring_suppressed
synth_00838,2026-02-11T17:00:00,appointment,0.0,46.4,0,17,6,0,non_financial_low_risk
synth_00839,2026-02-11T21:00:00,bill_payment,21.88,1.8,0,21,4,1,deadline_override
synth_00840,2026-02-12T22:00:00,bill_payment,122.65,53.5,0,22,5,0,low_amount
synth_00841,2026-02-12T14:00:00,paperwork,0.0,9.4,0,14,5,0,non_financial_low_risk
synth_00842,2026-02-12T09:00:00,reminder,0.0,4.7,0,9,2,0,non_financial_low_risk
synth_00843,2026-02-12T04:00:00,bill_payment,35.71,38.4,1,4,0,0,recurring_suppressed
synth_00844,2026-02-12T03:00:00,bill_payment,165.24,57.1,0,3,4,0,low_amount
synth_00845,2026-02-12T15:00:00,appointment,0.0,209.2,0,15,5,0,non_financial_low_risk
synth_00846,2026-02-12T09:00:00,reminder,0.0,205.9,0,9,3,0,non_financial_low_risk
synth_00847,2026-02-12T20:00:00,bill_payment,108.11,39.7,0,20,3,0,low_amount
synth_00848,2026-02-12T00:00:00,bill_payment,301.41,186.0,1,0,3,0,recurring_suppressed
synth_00849,2026-02-12T20:00:00,bill_payment,740.25,19.5,0,20,1,1,low_amount
synth_00850,2026-02-12T10:00:00,bill_payment,20.82,17.7,0,10,6,1,low_amount
synth_00851,2026-02-12T23:00:00,appointment,0.0,20.0,0,23,4,0,non_financial_low_risk
synth_00852,2026-02-12T15:00:00,bill_payment,59.48,19.8,0,15,6,1,low_amount
synth_00853,2026-02-12T14:00:00,bill_payment,44.45,96.2,0,14,6,0,low_amount
synth_00854,2026-02-12T16:00:00,reminder,0.0,2.8,0,16,2,0,non_financial_low_risk
synth_00855,2026-02-12T00:00:00,appointment,0.0,38.9,0,0,1,0,non_financial_low_risk
synth_00856,2026-02-12T05:00:00,bill_payment,392.68,22.6,0,5,4,0,low_amount
synth_00857,2026-02-12T02:00:00,bill_payment,11.65,59.4,1,2,3,0,recurring_suppressed
synth_00858,2026-02-12T11:00:00,bill_payment,361.95,35.7,1,11,6,1,recurring_suppressed
synth_00859,2026-02-12T04:00:00,bill_payment,31.3,77.0,0,4,1,0,low_amount
synth_00860,2026-02-13T09:00:00,appointment,0.0,99.4,0,9,6,0,non_financial_low_risk
synth_00861,2026-02-13T16:00:00,paperwork,0.0,5.0,0,16,5,0,non_financial_low_risk
synth_00862,2026-02-13T09:00:00,bill_payment,35.59,96.1,1,9,0,0,recurring_suppressed
synth_00863,2026-02-13T14:00:00,appointment,0.0,4.4,0,14,0,0,non_financial_low_risk
synth_00864,2026-02-13T00:00:00,paperwork,0.0,65.7,0,0,4,0,non_financial_low_risk
synth_00865,2026-02-13T06:00:00,appointment,0.0,11.3,0,6,1,0,non_financial_low_risk
synth_00866,2026-02-13T21:00:00,appointment,0.0,71.1,0,21,0,0,non_financial_low_risk
synth_00867,2026-02-13T08:00:00,bill_payment,168.23,37.5,0,8,1,0,low_amount
synth_00868,2026-02-13T05:00:00,paperwork,0.0,41.0,0,5,0,0,non_financial_low_risk
synth_00869,2026-02-13T01:00:00,reminder,0.0,37.3,0,1,1,1,non_financial_low_risk
synth_00870,2026-02-13T12:00:00,reminder,0.0,2.5,0,12,0,0,non_financial_low_risk
synth_00871,2026-02-13T10:00:00,bill_payment,326.51,28.3,0,10,6,0,low_amount
synth_00872,2026-02-13T02:00:00,paperwork,0.0,79.5,0,2,6,0,non_financial_low_risk
synth_00873,2026-02-13T22:00:00,appointment,0.0,4.7,0,22,3,0,non_financial_low_risk
synth_00874,2026-02-13T04:00:00,bill_payment,476.81,30.5,0,4,6,0,low_amount
synth_00875,2026-02-13T10:00:00,bill_payment,108.25,119.6,0,10,3,0,low_amount
synth_00876,2026-02-13T11:00:00,bill_payment,36.55,89.7,1,11,4,0,recurring_suppressed
synth_00877,2026-02-13T22:00:00,appointment,0.0,25.0,0,22,6,0,non_financial_low_risk
synth_00878,2026-02-13T09:00:00,appointment,0.0,3.5,0,9,4,0,non_financial_low_risk
synth_00879,2026-02-13T07:00:00,appointment,0.0,13.1,0,7,4,0,non_financial_low_risk
synth_00880,2026-02-14T06:00:00,appointment,0.0,3.3,0,6,6,0,non_financial_low_risk
synth_00881,2026-02-14T23:00:00,bill_payment,56.06,9.1,0,23,5,0,low_amount
synth_00882,2026-02-14T14:00:00,appointment,0.0,43.1,0,14,2,0,non_financial_low_risk
synth_00883,2026-02-14T12:00:00,paperwork,0.0,9.3,0,12,0,0,non_financial_low_risk
synth_00884,2026-02-14T12:00:00,appointment,0.0,43.6,0,12,2,0,non_financial_low_risk
synth_00885,2026-02-14T04:00:00,appointment,0.0,4.6,0,4,4,0,non_financial_low_risk
synth_00886,2026-02-14T04:00:00,appointment,0.0,0.0,0,4,5,1,non_financial_but_imminent
synth_00887,2026-02-14T18:00:00,appointment,0.0,23.7,0,18,3,0,non_financial_low_risk
synth_00888,2026-02-14T18:00:00,appointment,0.0,18.3,0,18,6,0,non_financial_low_risk
synth_00889,2026-02-14T02:00:00,bill_payment,651.97,194.4,0,2,4,1,low_amount
synth_00890,2026-02-14T04:00:00,reminder,0.0,24.9,0,4,6,0,non_financial_low_risk
synth_00891,2026-02-14T11:00:00,bill_payment,163.6,58.3,0,11,0,0,low_amount
synth_00892,2026-02-14T22:00:00,reminder,0.0,12.9,0,22,4,0,non_financial_low_risk
synth_00893,2026-02-14T15:00:00,bill_payment,103.79,37.8,0,15,1,0,low_amount
synth_00894,2026-02-14T23:00:00,bill_payment,215.01,3.6,1,23,3,1,deadline_override
synth_00895,2026-02-14T04:00:00,reminder,0.0,7.0,0,4,5,0,non_financial_low_risk
synth_00896,2026-02-14T22:00:00,reminder,0.0,107.5,0,22,4,0,non_financial_low_risk
synth_00897,2026-02-14T13:00:00,appointment,0.0,29.1,0,13,4,0,non_financial_low_risk
synth_00898,2026-02-14T23:00:00,bill_payment,60.36,0.4,0,23,1,1,deadline_override
synth_00899,2026-02-14T15:00:00,bill_payment,992.35,1.6,1,15,5,1,deadline_override
synth_00900,2026-02-15T02:00:00,appointment,0.0,156.6,0,2,1,0,non_financial_low_risk
synth_00901,2026-02-15T08:00:00,appointment,0.0,94.2,0,8,3,0,non_financial_low_risk
synth_00902,2026-02-15T07:00:00,appointment,0.0,45.2,0,7,3,0,non_financial_low_risk
synth_00903,2026-02-15T21:00:00,appointment,0.0,53.0,0,21,5,0,non_financial_low_risk
synth_00904,2026-02-15T10:00:00,appointment,0.0,45.6,0,10,4,0,non_financial_low_risk
synth_00905,2026-02-15T15:00:00,appointment,0.0,34.5,0,15,4,0,non_financial_low_risk
synth_00906,2026-02-15T23:00:00,bill_payment,98.26,123.0,0,23,6,0,low_amount
synth_00907,2026-02-15T23:00:00,bill_payment,139.64,2.5,0,23,4,0,deadline_override
synth_00908,2026-02-15T02:00:00,appointment,0.0,6.5,0,2,6,0,non_financial_low_risk
synth_00909,2026-02-15T19:00:00,bill_payment,200.64,14.3,0,19,1,0,low_amount
synth_00910,2026-02-15T11:00:00,paperwork,0.0,51.7,0,11,6,0,non_financial_low_risk
synth_00911,2026-02-15T05:00:00,paperwork,0.0,12.9,0,5,6,0,non_financial_low_risk
synth_00912,2026-02-15T13:00:00,bill_payment,408.03,87.3,0,13,6,0,low_amount
synth_00913,2026-02-15T05:00:00,appointment,0.0,62.1,0,5,1,0,non_financial_low_risk
synth_00914,2026-02-15T08:00:00,paperwork,0.0,2.7,0,8,6,0,non_financial_low_risk
synth_00915,2026-02-15T17:00:00,bill_payment,130.37,31.0,0,17,1,0,low_amount
synth_00916,2026-02-15T04:00:00,paperwork,0.0,30.9,0,4,4,0,non_financial_low_risk
synth_00917,2026-02-15T21:00:00,bill_payment,640.78,54.5,0,21,0,0,low_amount
synth_00918,2026-02-15T13:00:00,appointment,0.0,21.0,0,13,4,0,non_financial_low_risk
synth_00919,2026-02-15T08:00:00,reminder,0.0,19.6,0,8,6,0,non_financial_low_risk
synth_00920,2026-02-16T21:00:00,appointment,0.0,23.8,0,21,5,0,non_financial_low_risk
synth_00921,2026-02-16T16:00:00,appointment,0.0,70.6,0,16,2,0,non_financial_low_risk
synth_00922,2026-02-16T00:00:00,reminder,0.0,18.0,0,0,5,1,non_financial_low_risk
synth_00923,2026-02-16T23:00:00,bill_payment,104.29,55.5,0,23,2,0,low_amount
synth_00924,2026-02-16T06:00:00,bill_payment,188.46,43.3,0,6,4,0,low_amount
synth_00925,2026-02-16T19:00:00,paperwork,0.0,6.1,0,19,1,0,non_financial_low_risk
synth_00926,2026-02-16T05:00:00,paperwork,0.0,50.1,0,5,0,0,non_financial_low_risk
synth_00927,2026-02-16T08:00:00,bill_payment,55.86,48.9,0,8,6,0,low_amount
synth_00928,2026-02-16T10:00:00,reminder,0.0,70.5,0,10,2,0,non_financial_low_risk
synth_00929,2026-02-16T08:00:00,bill_payment,346.28,19.4,1,8,1,0,recurring_suppressed
synth_00930,2026-02-16T19:00:00,appointment,0.0,126.7,0,19,3,0,non_financial_low_risk
synth_00931,2026-02-16T13:00:00,appointment,0.0,7.5,0,13,1,0,non_financial_low_risk
synth_00932,2026-02-16T23:00:00,bill_payment,127.9,1.7,1,23,2,1,deadline_override
synth_00933,2026-02-16T12:00:00,bill_payment,146.57,0.0,1,12,2,1,deadline_override
synth_00934,2026-02-16T23:00:00,bill_payment,821.15,31.2,0,23,6,1,high_amount
synth_00935,2026-02-16T03:00:00,bill_payment,64.04,56.1,0,3,4,0,low_amount
synth_00936,2026-02-16T09:00:00,reminder,0.0,19.5,0,9,3,0,non_financial_low_risk
synth_00937,2026-02-16T11:00:00,reminder,0.0,50.0,0,11,4,0,non_financial_low_risk
synth_00938,2026-02-16T21:00:00,bill_payment,90.25,38.8,0,21,1,0,low_amount
synth_00939,2026-02-16T01:00:00,bill_payment,118.88,27.7,1,1,1,1,recurring_suppressed
synth_00940,2026-02-17T12:00:00,reminder,0.0,13.1,0,12,0,0,non_financial_low_risk
synth_00941,2026-02-17T14:00:00,appointment,0.0,33.2,0,14,0,1,non_financial_low_risk
synth_00942,2026-02-17T04:00:00,bill_payment,265.85,54.4,0,4,5,0,low_amount
synth_00943,2026-02-17T04:00:00,reminder,0.0,1.8,0,4,3,1,non_financial_but_imminent
synth_00944,2026-02-17T01:00:00,appointment,0.0,120.1,0,1,1,0,non_financial_low_risk
synth_00945,2026-02-17T18:00:00,bill_payment,25.47,29.2,1,18,0,0,recurring_suppressed
synth_00946,2026-02-17T13:00:00,bill_payment,144.48,12.0,0,13,2,0,low_amount
synth_00947,2026-02-17T10:00:00,reminder,0.0,54.5,0,10,0,0,non_financial_low_risk
synth_00948,2026-02-17T06:00:00,appointment,0.0,7.1,0,6,6,1,non_financial_low_risk
synth_00949,2026-02-17T11:00:00,bill_payment,47.7,68.0,1,11,4,0,recurring_suppressed
synth_00950,2026-02-17T12:00:00,bill_payment,177.42,75.2,0,12,6,0,low_amount
synth_00951,2026-02-17T00:00:00,reminder,0.0,4.0,0,0,1,0,non_financial_low_risk
synth_00952,2026-02-17T09:00:00,paperwork,0.0,43.2,0,9,3,0,non_financial_low_risk
synth_00953,2026-02-17T04:00:00,paperwork,0.0,31.0,0,4,1,0,non_financial_low_risk
synth_00954,2026-02-17T19:00:00,bill_payment,131.24,9.2,0,19,1,0,low_amount
synth_00955,2026-02-17T09:00:00,appointment,0.0,4.4,0,9,2,0,non_financial_low_risk
synth_00956,2026-02-17T16:00:00,appointment,0.0,10.2,0,16,0,0,non_financial_low_risk
synth_00957,2026-02-17T16:00:00,reminder,0.0,207.7,0,16,1,0,non_financial_low_risk
synth_00958,2026-02-17T01:00:00,appointment,0.0,11.2,0,1,1,0,non_financial_low_risk
synth_00959,2026-02-17T11:00:00,bill_payment,147.59,122.9,1,11,2,0,recurring_suppressed
synth_00960,2026-02-18T01:00:00,bill_payment,1102.7,29.0,1,1,4,0,recurring_suppressed
synth_00961,2026-02-18T03:00:00,paperwork,0.0,31.9,0,3,0,0,non_financial_low_risk
synth_00962,2026-02-18T10:00:00,paperwork,0.0,43.1,0,10,3,0,non_financial_low_risk
synth_00963,2026-02-18T03:00:00,appointment,0.0,18.9,0,3,2,0,non_financial_low_risk
synth_00964,2026-02-18T18:00:00,bill_payment,120.76,106.5,1,18,3,0,recurring_suppressed
synth_00965,2026-02-18T14:00:00,bill_payment,37.66,9.4,0,14,5,0,low_amount
synth_00966,2026-02-18T08:00:00,bill_payment,77.14,1.6,0,8,1,1,deadline_override
synth_00967,2026-02-18T10:00:00,appointment,0.0,26.0,0,10,1,0,non_financial_low_risk
synth_00968,2026-02-18T20:00:00,appointment,0.0,74.8,0,20,4,0,non_financial_low_risk
synth_00969,2026-02-18T07:00:00,appointment,0.0,38.6,0,7,0,0,non_financial_low_risk
synth_00970,2026-02-18T06:00:00,appointment,0.0,95.1,0,6,4,0,non_financial_low_risk
synth_00971,2026-02-18T13:00:00,appointment,0.0,0.7,0,13,5,1,non_financial_but_imminent
synth_00972,2026-02-18T18:00:00,bill_payment,126.52,125.9,0,18,0,0,low_amount
synth_00973,2026-02-18T22:00:00,bill_payment,150.48,24.1,0,22,6,0,low_amount
synth_00974,2026-02-18T00:00:00,appointment,0.0,4.2,0,0,5,0,non_financial_low_risk
synth_00975,2026-02-18T09:00:00,reminder,0.0,6.8,0,9,1,0,non_financial_low_risk
synth_00976,2026-02-18T23:00:00,bill_payment,140.49,58.3,0,23,4,1,low_amount
synth_00977,2026-02-18T22:00:00,appointment,0.0,70.9,0,22,3,0,non_financial_low_risk
synth_00978,2026-02-18T22:00:00,reminder,0.0,47.3,0,22,5,1,non_financial_low_risk
synth_00979,2026-02-18T22:00:00,appointment,0.0,23.3,0,22,2,0,non_financial_low_risk
synth_00980,2026-02-19T06:00:00,bill_payment,720.89,45.5,0,6,6,0,low_amount
synth_00981,2026-02-19T01:00:00,appointment,0.0,19.6,0,1,4,0,non_financial_low_risk
synth_00982,2026-02-19T03:00:00,appointment,0.0,105.1,0,3,3,0,non_financial_low_risk
synth_00983,2026-02-19T05:00:00,appointment,0.0,21.8,0,5,5,0,non_financial_low_risk
synth_00984,2026-02-19T03:00:00,bill_payment,243.89,190.9,1,3,5,0,recurring_suppressed
synth_00985,2026-02-19T22:00:00,reminder,0.0,41.7,0,22,1,0,non_financial_low_risk
synth_00986,2026-02-19T08:00:00,paperwork,0.0,18.5,0,8,4,0,non_financial_low_risk
synth_00987,2026-02-19T03:00:00,bill_payment,42.17,32.0,0,3,3,0,low_amount
synth_00988,2026-02-19T09:00:00,appointment,0.0,36.5,0,9,3,0,non_financial_low_risk
synth_00989,2026-02-19T02:00:00,paperwork,0.0,139.5,0,2,1,0,non_financial_low_risk
synth_00990,2026-02-19T05:00:00,appointment,0.0,4.0,0,5,2,0,non_financial_low_risk
synth_00991,2026-02-19T06:00:00,bill_payment,72.79,7.7,1,6,4,0,recurring_suppressed
synth_00992,2026-02-19T13:00:00,bill_payment,90.39,128.8,0,13,3,0,low_amount
synth_00993,2026-02-19T10:00:00,bill_payment,156.92,41.5,0,10,3,0,low_amount
synth_00994,2026-02-19T14:00:00,appointment,0.0,88.5,0,14,3,0,non_financial_low_risk
synth_00995,2026-02-19T09:00:00,bill_payment,286.93,14.5,0,9,6,0,low_amount
synth_00996,2026-02-19T05:00:00,bill_payment,193.79,36.8,1,5,6,0,recurring_suppressed
synth_00997,2026-02-19T05:00:00,reminder,0.0,75.9,0,5,1,0,non_financial_low_risk
synth_00998,2026-02-19T14:00:00,reminder,0.0,41.0,0,14,2,0,non_financial_low_risk
synth_00999,2026-02-19T14:00:00,bill_payment,477.58,183.3,1,14,4,0,recurring_suppressed
synth_01000,2026-02-20T00:00:00,appointment,0.0,6.2,0,0,3,0,non_financial_low_risk
synth_01001,2026-02-20T10:00:00,paperwork,0.0,141.7,0,10,1,1,non_financial_low_risk
synth_01002,2026-02-20T10:00:00,paperwork,0.0,178.2,0,10,5,0,non_financial_low_risk
synth_01003,2026-02-20T18:00:00,appointment,0.0,16.4,0,18,5,0,non_financial_low_risk
synth_01004,2026-02-20T14:00:00,appointment,0.0,113.9,0,14,2,0,non_financial_low_risk
synth_01005,2026-02-20T04:00:00,paperwork,0.0,110.6,0,4,5,0,non_financial_low_risk
synth_01006,2026-02-20T01:00:00,bill_payment,46.22,28.3,1,1,4,0,recurring_suppressed
synth_01007,2026-02-20T08:00:00,appointment,0.0,12.1,0,8,1,1,non_financial_low_risk
synth_01008,2026-02-20T21:00:00,appointment,0.0,28.3,0,21,0,0,non_financial_low_risk
synth_01009,2026-02-20T21:00:00,bill_payment,141.83,34.4,1,21,2,0,recurring_suppressed
synth_01010,2026-02-20T12:00:00,paperwork,0.0,26.8,0,12,2,1,non_financial_low_risk
synth_01011,2026-02-20T14:00:00,bill_payment,77.23,39.5,1,14,5,0,recurring_suppressed
synth_01012,2026-02-20T23:00:00,paperwork,0.0,16.3,0,23,3,0,non_financial_low_risk
synth_01013,2026-02-20T16:00:00,bill_payment,716.74,7.4,0,16,2,0,low_amount
synth_01014,2026-02-20T02:00:00,reminder,0.0,67.7,0,2,0,0,non_financial_low_risk
synth_01015,2026-02-20T17:00:00,reminder,0.0,25.7,0,17,3,0,non_financial_low_risk
synth_01016,2026-02-20T05:00:00,paperwork,0.0,7.1,0,5,6,0,non_financial_low_risk
synth_01017,2026-02-20T09:00:00,appointment,0.0,2.1,0,9,6,0,non_financial_low_risk
synth_01018,2026-02-20T07:00:00,appointment,0.0,64.6,0,7,0,0,non_financial_low_risk
synth_01019,2026-02-20T21:00:00,bill_payment,51.98,48.6,1,21,2,0,recurring_suppressed
synth_01020,2026-02-21T07:00:00,appointment,0.0,55.9,0,7,0,0,non_financial_low_risk
synth_01021,2026-02-21T20:00:00,bill_payment,448.61,40.0,0,20,5,0,low_amount
synth_01022,2026-02-21T16:00:00,appointment,0.0,6.1,0,16,5,0,non_financial_low_risk
synth_01023,2026-02-21T01:00:00,paperwork,0.0,8.5,0,1,1,0,non_financial_low_risk
synth_01024,2026-02-21T05:00:00,reminder,0.0,7.0,0,5,0,0,non_financial_low_risk
synth_01025,2026-02-21T02:00:00,bill_payment,496.48,16.4,0,2,4,0,low_amount
synth_01026,2026-02-21T19:00:00,appointment,0.0,69.4,0,19,6,0,non_financial_low_risk
synth_01027,2026-02-21T22:00:00,bill_payment,15.84,77.2,1,22,5,0,recurring_suppressed
synth_01028,2026-02-21T04:00:00,appointment,0.0,20.8,0,4,0,0,non_financial_low_risk
synth_01029,2026-02-21T06:00:00,bill_payment,363.14,121.8,1,6,1,0,recurring_suppressed
synth_01030,2026-02-21T17:00:00,paperwork,0.0,76.1,0,17,4,0,non_financial_low_risk
synth_01031,2026-02-21T22:00:00,reminder,0.0,89.8,0,22,4,0,non_financial_low_risk
synth_01032,2026-02-21T02:00:00,paperwork,0.0,25.9,0,2,0,0,non_financial_low_risk
synth_01033,2026-02-21T09:00:00,reminder,0.0,31.3,0,9,5,0,non_financial_low_risk
synth_01034,2026-02-21T19:00:00,paperwork,0.0,105.8,0,19,4,0,non_financial_low_risk
synth_01035,2026-02-21T07:00:00,bill_payment,318.42,93.3,1,7,2,0,recurring_suppressed
synth_01036,2026-02-21T01:00:00,bill_payment,265.38,71.5,0,1,1,0,low_amount
synth_01037,2026-02-21T01:00:00,paperwork,0.0,34.6,0,1,3,0,non_financial_low_risk
synth_01038,2026-02-21T06:00:00,bill_payment,1349.14,121.3,1,6,1,0,recurring_suppressed
synth_01039,2026-02-21T23:00:00,bill_payment,54.62,20.8,0,23,4,0,low_amount
synth_01040,2026-02-22T18:00:00,appointment,0.0,5.0,0,18,6,1,non_financial_low_risk
synth_01041,2026-02-22T23:00:00,bill_payment,65.99,111.3,0,23,0,0,low_amount
synth_01042,2026-02-22T15:00:00,reminder,0.0,91.5,0,15,2,0,non_financial_low_risk
synth_01043,2026-02-22T13:00:00,bill_payment,214.18,86.4,0,13,1,0,low_amount
synth_01044,2026-02-22T15:00:00,bill_payment,304.72,30.1,0,15,6,0,low_amount
synth_01045,2026-02-22T14:00:00,bill_payment,234.34,32.7,0,14,4,0,low_amount
synth_01046,2026-02-22T07:00:00,appointment,0.0,88.3,0,7,4,0,non_financial_low_risk
synth_01047,2026-02-22T02:00:00,reminder,0.0,26.8,0,2,6,0,non_financial_low_risk
synth_01048,2026-02-22T00:00:00,reminder,0.0,22.0,0,0,5,0,non_financial_low_risk
synth_01049,2026-02-22T12:00:00,bill_payment,105.39,4.3,1,12,5,1,deadline_override
synth_01050,2026-02-22T13:00:00,bill_payment,69.98,224.3,1,13,5,0,recurring_suppressed
synth_01051,2026-02-22T18:00:00,paperwork,0.0,69.7,0,18,2,0,non_financial_low_risk
synth_01052,2026-02-22T11:00:00,paperwork,0.0,137.7,0,11,3,0,non_financial_low_risk
synth_01053,2026-02-22T16:00:00,reminder,0.0,210.4,0,16,2,0,non_financial_low_risk
synth_01054,2026-02-22T15:00:00,appointment,0.0,6.3,0,15,3,0,non_financial_low_risk
synth_01055,2026-02-22T23:00:00,reminder,0.0,1.4,0,23,0,1,non_financial_but_imminent
synth_01056,2026-02-22T05:00:00,appointment,0.0,1.3,0,5,3,1,non_financial_but_imminent
synth_01057,2026-02-22T16:00:00,bill_payment,55.26,68.5,0,16,6,0,low_amount
synth_01058,2026-02-22T15:00:00,appointment,0.0,16.7,0,15,3,0,non_financial_low_risk
synth_01059,2026-02-22T17:00:00,appointment,0.0,79.6,0,17,4,1,non_financial_low_risk
synth_01060,2026-02-23T03:00:00,paperwork,0.0,224.6,0,3,3,0,non_financial_low_risk
synth_01061,2026-02-23T01:00:00,reminder,0.0,28.1,0,1,0,0,non_financial_low_risk
synth_01062,2026-02-23T22:00:00,appointment,0.0,72.5,0,22,1,0,non_financial_low_risk
synth_01063,2026-02-23T21:00:00,bill_payment,328.4,5.6,0,21,4,1,deadline_override
synth_01064,2026-02-23T05:00:00,appointment,0.0,31.0,0,5,4,0,non_financial_low_risk
synth_01065,2026-02-23T09:00:00,bill_payment,195.61,54.2,0,9,2,0,low_amount
synth_01066,2026-02-23T11:00:00,appointment,0.0,6.6,0,11,2,0,non_financial_low_risk
synth_01067,2026-02-23T20:00:00,appointment,0.0,69.6,0,20,2,0,non_financial_low_risk
synth_01068,2026-02-23T07:00:00,bill_payment,719.55,2.8,1,7,5,1,deadline_override
synth_01069,2026-02-23T17:00:00,bill_payment,2223.44,5.8,1,17,2,0,high_amount
synth_01070,2026-02-23T16:00:00,appointment,0.0,26.4,0,16,3,0,non_financial_low_risk
synth_01071,2026-02-23T10:00:00,appointment,0.0,42.6,0,10,3,0,non_financial_low_risk
synth_01072,2026-02-23T15:00:00,bill_payment,33.66,56.4,1,15,4,0,recurring_suppressed
synth_01073,2026-02-23T09:00:00,appointment,0.0,8.7,0,9,2,0,non_financial_low_risk
synth_01074,2026-02-23T07:00:00,bill_payment,71.22,16.9,0,7,4,0,low_amount
synth_01075,2026-02-23T06:00:00,bill_payment,106.69,77.5,0,6,2,0,low_amount
synth_01076,2026-02-23T09:00:00,appointment,0.0,17.2,0,9,3,0,non_financial_low_risk
synth_01077,2026-02-23T17:00:00,bill_payment,119.59,34.8,0,17,1,0,low_amount
synth_01078,2026-02-23T05:00:00,appointment,0.0,34.9,0,5,4,0,non_financial_low_risk
synth_01079,2026-02-23T14:00:00,appointment,0.0,83.4,0,14,2,0,non_financial_low_risk
synth_01080,2026-02-24T13:00:00,appointment,0.0,45.7,0,13,4,0,non_financial_low_risk
synth_01081,2026-02-24T09:00:00,bill_payment,51.89,13.2,0,9,6,0,low_amount
synth_01082,2026-02-24T08:00:00,bill_payment,57.28,83.3,0,8,5,0,low_amount
synth_01083,2026-02-24T14:00:00,bill_payment,60.19,13.5,0,14,3,0,low_amount
synth_01084,2026-02-24T08:00:00,bill_payment,197.93,8.3,1,8,6,0,recurring_suppressed
synth_01085,2026-02-24T01:00:00,appointment,0.0,9.3,0,1,5,0,non_financial_low_risk
synth_01086,2026-02-24T11:00:00,bill_payment,628.55,110.8,0,11,5,0,low_amount
synth_01087,2026-02-24T08:00:00,bill_payment,189.1,143.5,0,8,3,0,low_amount
synth_01088,2026-02-24T07:00:00,bill_payment,68.37,23.7,0,7,3,0,low_amount
synth_01089,2026-02-24T01:00:00,bill_payment,70.55,25.2,0,1,3,0,low_amount
synth_01090,2026-02-24T17:00:00,appointment,0.0,5.8,0,17,3,0,non_financial_low_risk
synth_01091,2026-02-24T11:00:00,bill_payment,21.24,7.5,0,11,6,0,low_amount
synth_01092,2026-02-24T01:00:00,appointment,0.0,113.1,0,1,6,0,non_financial_low_risk
synth_01093,2026-02-24T21:00:00,paperwork,0.0,2.7,0,21,1,0,non_financial_low_risk
synth_01094,2026-02-24T17:00:00,bill_payment,356.32,112.1,0,17,6,0,low_amount
synth_01095,2026-02-24T14:00:00,bill_payment,295.71,94.2,1,14,5,0,recurring_suppressed
synth_01096,2026-02-24T01:00:00,paperwork,0.0,49.6,0,1,2,0,non_financial_low_risk
synth_01097,2026-02-24T15:00:00,paperwork,0.0,135.4,0,15,5,0,non_financial_low_risk
synth_01098,2026-02-24T03:00:00,paperwork,0.0,60.7,0,3,6,0,non_financial_low_risk
synth_01099,2026-02-24T10:00:00,bill_payment,36.13,62.7,0,10,3,0,low_amount
synth_01100,2026-02-25T05:00:00,paperwork,0.0,49.2,0,5,5,0,non_financial_low_risk
synth_01101,2026-02-25T06:00:00,appointment,0.0,0.1,0,6,5,1,non_financial_but_imminent
synth_01102,2026-02-25T07:00:00,appointment,0.0,5.6,0,7,4,0,non_financial_low_risk
synth_01103,2026-02-25T04:00:00,paperwork,0.0,50.3,0,4,6,0,non_financial_low_risk
synth_01104,2026-02-25T05:00:00,bill_payment,673.01,99.2,1,5,5,0,recurring_suppressed
synth_01105,2026-02-25T12:00:00,bill_payment,94.66,22.0,0,12,6,0,low_amount
synth_01106,2026-02-25T06:00:00,bill_payment,312.15,113.9,0,6,2,0,low_amount
synth_01107,2026-02-25T11:00:00,bill_payment,107.02,14.5,1,11,1,0,recurring_suppressed
synth_01108,2026-02-25T21:00:00,bill_payment,308.05,121.2,0,21,3,0,low_amount
synth_01109,2026-02-25T08:00:00,paperwork,0.0,10.1,0,8,2,0,non_financial_low_risk
synth_01110,2026-02-25T23:00:00,bill_payment,126.04,11.7,0,23,5,0,low_amount
synth_01111,2026-02-25T02:00:00,bill_payment,131.23,42.0,0,2,0,0,low_amount
synth_01112,2026-02-25T12:00:00,reminder,0.0,175.9,0,12,5,0,non_financial_low_risk
synth_01113,2026-02-25T01:00:00,bill_payment,103.61,3.6,0,1,2,1,deadline_override
synth_01114,2026-02-25T19:00:00,appointment,0.0,21.0,0,19,5,0,non_financial_low_risk
synth_01115,2026-02-25T01:00:00,appointment,0.0,66.2,0,1,0,0,non_financial_low_risk
synth_01116,2026-02-25T12:00:00,appointment,0.0,17.3,0,12,5,0,non_financial_low_risk
synth_01117,2026-02-25T18:00:00,reminder,0.0,39.4,0,18,1,0,non_financial_low_risk
synth_01118,2026-02-25T14:00:00,appointment,0.0,127.9,0,14,1,0,non_financial_low_risk
synth_01119,2026-02-25T08:00:00,paperwork,0.0,27.2,0,8,0,0,non_financial_low_risk
synth_01120,2026-02-26T08:00:00,reminder,0.0,33.2,0,8,5,0,non_financial_low_risk
synth_01121,2026-02-26T16:00:00,bill_payment,416.4,84.9,0,16,2,0,low_amount
synth_01122,2026-02-26T21:00:00,bill_payment,357.33,143.8,0,21,5,0,low_amount
synth_01123,2026-02-26T22:00:00,bill_payment,62.74,1.8,1,22,3,1,deadline_override
synth_01124,2026-02-26T01:00:00,reminder,0.0,125.8,0,1,3,0,non_financial_low_risk
synth_01125,2026-02-26T15:00:00,paperwork,0.0,31.9,0,15,0,0,non_financial_low_risk
synth_01126,2026-02-26T02:00:00,reminder,0.0,6.3,0,2,1,0,non_financial_low_risk
synth_01127,2026-02-26T18:00:00,bill_payment,41.51,15.3,0,18,1,0,low_amount
synth_01128,2026-02-26T18:00:00,reminder,0.0,35.8,0,18,1,0,non_financial_low_risk
synth_01129,2026-02-26T21:00:00,bill_payment,711.08,104.8,1,21,5,0,recurring_suppressed
synth_01130,2026-02-26T15:00:00,bill_payment,105.33,29.6,0,15,3,0,low_amount
synth_01131,2026-02-26T14:00:00,bill_payment,231.52,2.2,0,14,2,1,deadline_override
synth_01132,2026-02-26T18:00:00,reminder,0.0,113.9,0,18,1,0,non_financial_low_risk
synth_01133,2026-02-26T19:00:00,bill_payment,221.52,2.7,1,19,3,1,deadline_override
synth_01134,2026-02-26T06:00:00,bill_payment,17.45,24.4,1,6,1,0,recurring_suppressed
synth_01135,2026-02-26T09:00:00,bill_payment,58.53,77.5,0,9,5,0,low_amount
synth_01136,2026-02-26T12:00:00,bill_payment,44.48,10.7,0,12,3,0,low_amount
synth_01137,2026-02-26T13:00:00,appointment,0.0,4.5,0,13,6,0,non_financial_low_risk
synth_01138,2026-02-26T21:00:00,bill_payment,194.78,34.6,0,21,1,0,low_amount
synth_01139,2026-02-26T16:00:00,paperwork,0.0,128.1,0,16,5,0,non_financial_low_risk
synth_01140,2026-02-27T04:00:00,bill_payment,139.06,77.6,0,4,5,0,low_amount
synth_01141,2026-02-27T09:00:00,paperwork,0.0,35.5,0,9,4,1,non_financial_low_risk
synth_01142,2026-02-27T08:00:00,bill_payment,126.92,51.9,0,8,2,0,low_amount
synth_01143,2026-02-27T05:00:00,bill_payment,149.51,52.0,1,5,6,0,recurring_suppressed
synth_01144,2026-02-27T21:00:00,bill_payment,408.41,42.5,0,21,3,0,low_amount
synth_01145,2026-02-27T21:00:00,bill_payment,71.93,66.0,0,21,0,0,low_amount
synth_01146,2026-02-27T12:00:00,bill_payment,121.4,51.2,0,12,6,0,low_amount
synth_01147,2026-02-27T09:00:00,paperwork,0.0,62.1,0,9,4,0,non_financial_low_risk
synth_01148,2026-02-27T22:00:00,appointment,0.0,56.3,0,22,5,0,non_financial_low_risk
synth_01149,2026-02-27T20:00:00,bill_payment,31.14,50.4,0,20,6,0,low_amount
synth_01150,2026-02-27T05:00:00,bill_payment,73.69,30.8,1,5,1,0,recurring_suppressed
synth_01151,2026-02-27T09:00:00,bill_payment,144.2,28.7,1,9,4,0,recurring_suppressed
synth_01152,2026-02-27T13:00:00,bill_payment,104.65,90.3,0,13,6,0,low_amount
synth_01153,2026-02-27T09:00:00,appointment,0.0,63.0,0,9,0,0,non_financial_low_risk
synth_01154,2026-02-27T19:00:00,appointment,0.0,42.9,0,19,5,0,non_financial_low_risk
synth_01155,2026-02-27T01:00:00,reminder,0.0,12.7,0,1,4,1,non_financial_low_risk
synth_01156,2026-02-27T08:00:00,appointment,0.0,38.7,0,8,5,0,non_financial_low_risk
synth_01157,2026-02-27T20:00:00,appointment,0.0,32.8,0,20,2,0,non_financial_low_risk
synth_01158,2026-02-27T16:00:00,bill_payment,14.38,30.4,0,16,1,0,low_amount
synth_01159,2026-02-27T22:00:00,appointment,0.0,122.3,0,22,5,0,non_financial_low_risk
synth_01160,2026-02-28T12:00:00,reminder,0.0,61.6,0,12,3,0,non_financial_low_risk
synth_01161,2026-02-28T15:00:00,appointment,0.0,63.7,0,15,6,0,non_financial_low_risk
synth_01162,2026-02-28T05:00:00,bill_payment,24.87,4.3,0,5,1,1,deadline_override
synth_01163,2026-02-28T15:00:00,appointment,0.0,75.7,0,15,2,0,non_financial_low_risk
synth_01164,2026-02-28T11:00:00,appointment,0.0,336,0,11,2,0,non_financial_low_risk
synth_01165,2026-02-28T08:00:00,bill_payment,105.39,6.2,1,8,2,0,recurring_suppressed
synth_01166,2026-02-28T17:00:00,paperwork,0.0,70.6,0,17,2,0,non_financial_low_risk
synth_01167,2026-02-28T19:00:00,reminder,0.0,99.3,0,19,5,0,non_financial_low_risk
synth_01168,2026-02-28T16:00:00,bill_payment,639.85,5.2,0,16,0,1,deadline_override
synth_01169,2026-02-28T16:00:00,bill_payment,62.12,62.6,0,16,3,0,low_amount
synth_01170,2026-02-28T14:00:00,bill_payment,225.24,7.1,0,14,3,0,low_amount
synth_01171,2026-02-28T08:00:00,bill_payment,492.95,16.2,1,8,2,0,recurring_suppressed
synth_01172,2026-02-28T07:00:00,bill_payment,205.15,67.2,0,7,1,0,low_amount
synth_01173,2026-02-28T11:00:00,bill_payment,108.18,91.8,0,11,0,0,low_amount
synth_01174,2026-02-28T16:00:00,paperwork,0.0,60.7,0,16,0,0,non_financial_low_risk
synth_01175,2026-02-28T20:00:00,bill_payment,344.83,111.7,1,20,5,0,recurring_suppressed
synth_01176,2026-02-28T13:00:00,reminder,0.0,172.8,0,13,3,0,non_financial_low_risk
synth_01177,2026-02-28T23:00:00,paperwork,0.0,99.3,0,23,5,0,non_financial_low_risk
synth_01178,2026-02-28T17:00:00,bill_payment,189.46,24.8,0,17,4,0,low_amount
synth_01179,2026-02-28T20:00:00,appointment,0.0,57.4,0,20,3,0,non_financial_low_risk
synth_01180,2026-03-01T17:00:00,reminder,0.0,4.2,0,17,2,0,non_financial_low_risk
synth_01181,2026-03-01T16:00:00,paperwork,0.0,101.7,0,16,4,0,non_financial_low_risk
synth_01182,2026-03-01T00:00:00,bill_payment,182.03,67.9,1,0,6,0,recurring_suppressed
synth_01183,2026-03-01T23:00:00,bill_payment,365.29,26.4,0,23,0,0,low_amount
synth_01184,2026-03-01T14:00:00,bill_payment,150.83,67.8,0,14,2,0,low_amount
synth_01185,2026-03-01T22:00:00,bill_payment,99.71,65.7,0,22,5,0,low_amount
synth_01186,2026-03-01T09:00:00,paperwork,0.0,12.8,0,9,2,0,non_financial_low_risk
synth_01187,2026-03-01T04:00:00,paperwork,0.0,40.8,0,4,5,0,non_financial_low_risk
synth_01188,2026-03-01T16:00:00,paperwork,0.0,5.3,0,16,4,0,non_financial_low_risk
synth_01189,2026-03-01T04:00:00,paperwork,0.0,29.1,0,4,5,0,non_financial_low_risk
synth_01190,2026-03-01T02:00:00,bill_payment,38.94,6.7,1,2,2,0,recurring_suppressed
synth_01191,2026-03-01T20:00:00,bill_payment,245.46,98.7,0,20,3,0,low_amount
synth_01192,2026-03-01T23:00:00,appointment,0.0,141.7,0,23,3,0,non_financial_low_risk
synth_01193,2026-03-01T16:00:00,bill_payment,12.99,6.7,0,16,0,0,low_amount
synth_01194,2026-03-01T05:00:00,appointment,0.0,1.6,0,5,4,1,non_financial_but_imminent
synth_01195,2026-03-01T13:00:00,reminder,0.0,44.2,0,13,0,0,non_financial_low_risk
synth_01196,2026-03-01T04:00:00,appointment,0.0,2.0,0,4,0,0,non_financial_low_risk
synth_01197,2026-03-01T15:00:00,reminder,0.0,17.3,0,15,0,0,non_financial_low_risk
synth_01198,2026-03-01T06:00:00,bill_payment,177.29,107.8,0,6,1,0,low_amount
synth_01199,2026-03-01T11:00:00,appointment,0.0,6.3,0,11,0,0,non_financial_low_risk
synth_01200,2026-03-02T15:00:00,bill_payment,203.87,110.7,0,15,6,0,low_amount
synth_01201,2026-03-02T16:00:00,appointment,0.0,68.9,0,16,5,0,non_financial_low_risk
synth_01202,2026-03-02T21:00:00,bill_payment,72.31,18.9,0,21,4,0,low_amount
synth_01203,2026-03-02T23:00:00,bill_payment,96.54,152.3,0,23,2,0,low_amount
synth_01204,2026-03-02T18:00:00,reminder,0.0,59.0,0,18,5,0,non_financial_low_risk
synth_01205,2026-03-02T03:00:00,paperwork,0.0,39.5,0,3,5,0,non_financial_low_risk
synth_01206,2026-03-02T06:00:00,bill_payment,251.99,2.6,0,6,6,1,deadline_override
synth_01207,2026-03-02T17:00:00,reminder,0.0,6.2,0,17,1,0,non_financial_low_risk
synth_01208,2026-03-02T10:00:00,bill_payment,679.36,4.2,0,10,3,1,deadline_override
synth_01209,2026-03-02T10:00:00,appointment,0.0,130.4,0,10,3,0,non_financial_low_risk
synth_01210,2026-03-02T17:00:00,bill_payment,161.61,4.6,0,17,1,1,deadline_override
synth_01211,2026-03-02T01:00:00,bill_payment,270.06,145.9,0,1,4,0,low_amount
synth_01212,2026-03-02T10:00:00,bill_payment,263.33,5.0,1,10,2,1,deadline_override
synth_01213,2026-03-02T06:00:00,paperwork,0.0,6.2,0,6,1,0,non_financial_low_risk
synth_01214,2026-03-02T16:00:00,appointment,0.0,32.6,0,16,3,0,non_financial_low_risk
synth_01215,2026-03-02T20:00:00,bill_payment,68.91,3.2,1,20,1,1,deadline_override
synth_01216,2026-03-02T20:00:00,bill_payment,189.92,5.1,0,20,6,1,deadline_override
synth_01217,2026-03-02T20:00:00,appointment,0.0,28.3,0,20,4,0,non_financial_low_risk
synth_01218,2026-03-02T05:00:00,reminder,0.0,22.4,0,5,6,0,non_financial_low_risk
synth_01219,2026-03-02T17:00:00,reminder,0.0,156.2,0,17,3,1,non_financial_low_risk
synth_01220,2026-03-03T19:00:00,paperwork,0.0,155.9,0,19,2,0,non_financial_low_risk
synth_01221,2026-03-03T20:00:00,bill_payment,83.84,54.7,0,20,1,0,low_amount
synth_01222,2026-03-03T23:00:00,appointment,0.0,2.2,0,23,4,0,non_financial_low_risk
synth_01223,2026-03-03T08:00:00,bill_payment,118.48,7.2,0,8,3,0,low_amount
synth_01224,2026-03-03T21:00:00,appointment,0.0,77.7,0,21,2,0,non_financial_low_risk
synth_01225,2026-03-03T08:00:00,reminder,0.0,59.0,0,8,1,0,non_financial_low_risk
synth_01226,2026-03-03T02:00:00,bill_payment,209.95,32.2,0,2,6,0,low_amount
synth_01227,2026-03-03T21:00:00,appointment,0.0,37.1,0,21,3,0,non_financial_low_risk
synth_01228,2026-03-03T00:00:00,bill_payment,107.15,70.1,0,0,0,0,low_amount
synth_01229,2026-03-03T07:00:00,reminder,0.0,28.2,0,7,5,1,non_financial_low_risk
synth_01230,2026-03-03T09:00:00,bill_payment,511.99,4.5,0,9,6,1,deadline_override
synth_01231,2026-03-03T22:00:00,bill_payment,145.72,15.8,0,22,4,0,low_amount
synth_01232,2026-03-03T15:00:00,bill_payment,404.82,97.9,0,15,1,0,low_amount
synth_01233,2026-03-03T21:00:00,appointment,0.0,40.0,0,21,4,0,non_financial_low_risk
synth_01234,2026-03-03T08:00:00,bill_payment,51.69,12.4,0,8,1,0,low_amount
synth_01235,2026-03-03T13:00:00,bill_payment,291.9,103.0,1,13,5,0,recurring_suppressed
synth_01236,2026-03-03T10:00:00,appointment,0.0,92.3,0,10,3,0,non_financial_low_risk
synth_01237,2026-03-03T01:00:00,bill_payment,33.72,32.8,0,1,5,0,low_amount
synth_01238,2026-03-03T02:00:00,bill_payment,112.88,0.2,1,2,4,1,deadline_override
synth_01239,2026-03-03T22:00:00,reminder,0.0,12.3,0,22,3,0,non_financial_low_risk
synth_01240,2026-03-04T10:00:00,reminder,0.0,10.5,0,10,2,0,non_financial_low_risk
synth_01241,2026-03-04T13:00:00,appointment,0.0,1.4,0,13,6,0,non_financial_but_imminent
synth_01242,2026-03-04T08:00:00,paperwork,0.0,131.2,0,8,1,0,non_financial_low_risk
synth_01243,2026-03-04T02:00:00,bill_payment,108.02,19.5,0,2,6,0,low_amount
synth_01244,2026-03-04T01:00:00,bill_payment,37.4,6.4,0,1,3,0,low_amount
synth_01245,2026-03-04T04:00:00,paperwork,0.0,3.2,0,4,0,0,non_financial_low_risk
synth_01246,2026-03-04T17:00:00,bill_payment,54.48,3.3,0,17,0,1,deadline_override
synth_01247,2026-03-04T12:00:00,bill_payment,42.19,51.7,1,12,3,0,recurring_suppressed
synth_01248,2026-03-04T10:00:00,reminder,0.0,46.3,0,10,5,0,non_financial_low_risk
synth_01249,2026-03-04T10:00:00,paperwork,0.0,29.1,0,10,4,0,non_financial_low_risk
synth_01250,2026-03-04T18:00:00,bill_payment,179.94,74.8,1,18,1,0,recurring_suppressed
synth_01251,2026-03-04T01:00:00,bill_payment,86.37,28.2,1,1,0,0,recurring_suppressed
synth_01252,2026-03-04T20:00:00,appointment,0.0,34.5,0,20,6,0,non_financial_low_risk
synth_01253,2026-03-04T04:00:00,appointment,0.0,37.4,0,4,1,0,non_financial_low_risk
synth_01254,2026-03-04T00:00:00,appointment,0.0,16.5,0,0,4,0,non_financial_low_risk
synth_01255,2026-03-04T16:00:00,appointment,0.0,2.8,0,16,6,0,non_financial_low_risk
synth_01256,2026-03-04T06:00:00,reminder,0.0,26.3,0,6,1,0,non_financial_low_risk
synth_01257,2026-03-04T14:00:00,bill_payment,54.34,31.0,0,14,4,0,low_amount
synth_01258,2026-03-04T10:00:00,reminder,0.0,40.1,0,10,4,0,non_financial_low_risk
synth_01259,2026-03-04T22:00:00,bill_payment,690.18,121.2,0,22,1,0,low_amount
synth_01260,2026-03-05T12:00:00,bill_payment,126.87,80.9,0,12,1,0,low_amount
synth_01261,2026-03-05T00:00:00,paperwork,0.0,0.3,0,0,0,1,non_financial_but_imminent
synth_01262,2026-03-05T14:00:00,appointment,0.0,7.4,0,14,1,0,non_financial_low_risk
synth_01263,2026-03-05T00:00:00,reminder,0.0,21.4,0,0,1,0,non_financial_low_risk
synth_01264,2026-03-05T08:00:00,bill_payment,75.3,9.4,1,8,0,1,recurring_suppressed
synth_01265,2026-03-05T03:00:00,appointment,0.0,22.9,0,3,2,0,non_financial_low_risk
synth_01266,2026-03-05T19:00:00,bill_payment,11.31,51.9,0,19,3,0,low_amount
synth_01267,2026-03-05T19:00:00,bill_payment,295.44,22.8,0,19,3,0,low_amount
synth_01268,2026-03-05T01:00:00,bill_payment,41.97,74.8,0,1,5,0,low_amount
synth_01269,2026-03-05T18:00:00,reminder,0.0,91.5,0,18,3,0,non_financial_low_risk
synth_01270,2026-03-05T20:00:00,bill_payment,125.9,3.2,0,20,6,1,deadline_override
synth_01271,2026-03-05T10:00:00,appointment,0.0,30.0,0,10,5,0,non_financial_low_risk
synth_01272,2026-03-05T15:00:00,appointment,0.0,60.4,0,15,3,0,non_financial_low_risk
synth_01273,2026-03-05T06:00:00,bill_payment,1002.77,1.8,1,6,3,1,deadline_override
synth_01274,2026-03-05T04:00:00,bill_payment,1197.57,22.5,0,4,6,1,high_amount
synth_01275,2026-03-05T13:00:00,bill_payment,75.7,30.0,0,13,3,0,low_amount
synth_01276,2026-03-05T07:00:00,bill_payment,344.24,23.1,1,7,2,0,recurring_suppressed
synth_01277,2026-03-05T03:00:00,bill_payment,158.81,74.0,0,3,0,0,low_amount
synth_01278,2026-03-05T21:00:00,bill_payment,73.41,19.2,0,21,6,0,low_amount
synth_01279,2026-03-05T22:00:00,paperwork,0.0,298.2,0,22,5,0,non_financial_low_risk
synth_01280,2026-03-06T12:00:00,bill_payment,301.77,20.4,0,12,6,0,low_amount
synth_01281,2026-03-06T16:00:00,appointment,0.0,30.7,0,16,6,0,non_financial_low_risk
synth_01282,2026-03-06T23:00:00,reminder,0.0,12.4,0,23,5,0,non_financial_low_risk
synth_01283,2026-03-06T10:00:00,bill_payment,214.22,30.4,0,10,6,0,low_amount
synth_01284,2026-03-06T22:00:00,paperwork,0.0,26.9,0,22,3,0,non_financial_low_risk
synth_01285,2026-03-06T23:00:00,bill_payment,177.04,41.4,1,23,0,0,recurring_suppressed
synth_01286,2026-03-06T07:00:00,appointment,0.0,21.0,0,7,3,0,non_financial_low_risk
synth_01287,2026-03-06T22:00:00,paperwork,0.0,69.1,0,22,4,0,non_financial_low_risk
synth_01288,2026-03-06T01:00:00,appointment,0.0,40.2,0,1,1,0,non_financial_low_risk
synth_01289,2026-03-06T20:00:00,reminder,0.0,19.2,0,20,6,0,non_financial_low_risk
synth_01290,2026-03-06T12:00:00,appointment,0.0,96.8,0,12,1,0,non_financial_low_risk
synth_01291,2026-03-06T20:00:00,bill_payment,98.69,19.1,0,20,2,0,low_amount
synth_01292,2026-03-06T05:00:00,bill_payment,164.54,56.1,0,5,1,0,low_amount
synth_01293,2026-03-06T07:00:00,reminder,0.0,16.0,0,7,2,0,non_financial_low_risk
synth_01294,2026-03-06T13:00:00,bill_payment,26.19,9.0,0,13,3,0,low_amount
synth_01295,2026-03-06T06:00:00,bill_payment,169.33,3.4,0,6,1,1,deadline_override
synth_01296,2026-03-06T09:00:00,bill_payment,888.58,8.3,0,9,4,1,high_amount
synth_01297,2026-03-06T06:00:00,paperwork,0.0,29.5,0,6,0,0,non_financial_low_risk
synth_01298,2026-03-06T18:00:00,bill_payment,699.3,13.6,0,18,3,0,low_amount
synth_01299,2026-03-06T09:00:00,appointment,0.0,64.2,0,9,5,0,non_financial_low_risk
synth_01300,2026-03-07T22:00:00,appointment,0.0,57.8,0,22,6,0,non_financial_low_risk
synth_01301,2026-03-07T05:00:00,appointment,0.0,79.7,0,5,3,0,non_financial_low_risk
synth_01302,2026-03-07T14:00:00,reminder,0.0,63.4,0,14,3,0,non_financial_low_risk
synth_01303,2026-03-07T05:00:00,bill_payment,183.74,139.8,1,5,2,0,recurring_suppressed
synth_01304,2026-03-07T02:00:00,appointment,0.0,52.7,0,2,5,0,non_financial_low_risk
synth_01305,2026-03-07T13:00:00,reminder,0.0,114.9,0,13,6,0,non_financial_low_risk
synth_01306,2026-03-07T03:00:00,reminder,0.0,3.8,0,3,4,0,non_financial_low_risk
synth_01307,2026-03-07T02:00:00,bill_payment,131.12,33.9,0,2,5,0,low_amount
synth_01308,2026-03-07T23:00:00,paperwork,0.0,23.0,0,23,3,0,non_financial_low_risk
synth_01309,2026-03-07T02:00:00,bill_payment,478.11,66.3,0,2,0,0,low_amount
synth_01310,2026-03-07T02:00:00,bill_payment,51.01,36.7,0,2,5,0,low_amount
synth_01311,2026-03-07T11:00:00,appointment,0.0,8.0,0,11,1,0,non_financial_low_risk
synth_01312,2026-03-07T16:00:00,bill_payment,226.2,57.3,0,16,5,0,low_amount
synth_01313,2026-03-07T22:00:00,appointment,0.0,5.2,0,22,2,0,non_financial_low_risk
synth_01314,2026-03-07T12:00:00,appointment,0.0,2.4,0,12,6,0,non_financial_low_risk
synth_01315,2026-03-07T00:00:00,bill_payment,389.23,0.8,1,0,2,1,deadline_override
synth_01316,2026-03-07T03:00:00,appointment,0.0,3.1,0,3,6,0,non_financial_low_risk
synth_01317,2026-03-07T01:00:00,appointment,0.0,61.8,0,1,3,0,non_financial_low_risk
synth_01318,2026-03-07T20:00:00,paperwork,0.0,18.7,0,20,1,0,non_financial_low_risk
synth_01319,2026-03-07T13:00:00,reminder,0.0,24.1,0,13,0,0,non_financial_low_risk
synth_01320,2026-03-08T19:00:00,bill_payment,74.07,51.5,1,19,2,1,recurring_suppressed
synth_01321,2026-03-08T19:00:00,reminder,0.0,25.4,0,19,3,0,non_financial_low_risk
synth_01322,2026-03-08T20:00:00,bill_payment,329.71,153.4,0,20,5,0,low_amount
synth_01323,2026-03-08T04:00:00,reminder,0.0,70.8,0,4,2,0,non_financial_low_risk
synth_01324,2026-03-08T21:00:00,paperwork,0.0,55.9,0,21,3,0,non_financial_low_risk
synth_01325,2026-03-08T16:00:00,bill_payment,608.6,34.3,0,16,4,0,low_amount
synth_01326,2026-03-08T02:00:00,bill_payment,58.61,26.9,1,2,0,0,recurring_suppressed
synth_01327,2026-03-08T12:00:00,appointment,0.0,10.8,0,12,1,0,non_financial_low_risk
synth_01328,2026-03-08T01:00:00,bill_payment,62.45,6.9,0,1,4,0,low_amount
synth_01329,2026-03-08T10:00:00,bill_payment,1580.75,12.5,0,10,1,1,high_amount
synth_01330,2026-03-08T16:00:00,bill_payment,965.82,12.1,0,16,2,1,high_amount
synth_01331,2026-03-08T15:00:00,appointment,0.0,3.2,0,15,0,0,non_financial_low_risk
synth_01332,2026-03-08T06:00:00,bill_payment,63.11,38.2,0,6,1,0,low_amount
synth_01333,2026-03-08T19:00:00,bill_payment,137.78,10.6,0,19,1,0,low_amount
synth_01334,2026-03-08T06:00:00,appointment,0.0,164.8,0,6,2,0,non_financial_low_risk
synth_01335,2026-03-08T11:00:00,appointment,0.0,144.8,0,11,3,0,non_financial_low_risk
synth_01336,2026-03-08T19:00:00,appointment,0.0,26.4,0,19,5,0,non_financial_low_risk
synth_01337,2026-03-08T02:00:00,bill_payment,775.14,68.9,0,2,6,0,low_amount
synth_01338,2026-03-08T09:00:00,bill_payment,173.64,9.3,0,9,3,0,low_amount
synth_01339,2026-03-08T10:00:00,appointment,0.0,31.5,0,10,1,0,non_financial_low_risk
synth_01340,2026-03-09T23:00:00,bill_payment,99.63,25.8,0,23,2,0,low_amount
synth_01341,2026-03-09T11:00:00,bill_payment,307.6,59.3,0,11,5,0,low_amount
synth_01342,2026-03-09T11:00:00,bill_payment,122.69,31.2,0,11,5,0,low_amount
synth_01343,2026-03-09T04:00:00,bill_payment,214.2,44.6,0,4,2,0,low_amount
synth_01344,2026-03-09T05:00:00,appointment,0.0,52.2,0,5,0,0,non_financial_low_risk
synth_01345,2026-03-09T02:00:00,bill_payment,283.9,58.8,0,2,4,0,low_amount
synth_01346,2026-03-09T13:00:00,reminder,0.0,8.7,0,13,2,0,non_financial_low_risk
synth_01347,2026-03-09T12:00:00,appointment,0.0,36.6,0,12,4,0,non_financial_low_risk
synth_01348,2026-03-09T04:00:00,bill_payment,17.59,72.0,0,4,2,0,low_amount
synth_01349,2026-03-09T09:00:00,reminder,0.0,24.4,0,9,0,0,non_financial_low_risk
synth_01350,2026-03-09T02:00:00,paperwork,0.0,0.1,0,2,6,1,non_financial_but_imminent
synth_01351,2026-03-09T23:00:00,appointment,0.0,51.0,0,23,3,0,non_financial_low_risk
synth_01352,2026-03-09T14:00:00,bill_payment,239.88,9.6,0,14,4,0,low_amount
synth_01353,2026-03-09T20:00:00,bill_payment,287.24,111.6,0,20,4,0,low_amount
synth_01354,2026-03-09T02:00:00,appointment,0.0,4.0,0,2,3,0,non_financial_low_risk
synth_01355,2026-03-09T00:00:00,bill_payment,132.07,0.5,1,0,5,1,deadline_override
synth_01356,2026-03-09T16:00:00,reminder,0.0,4.9,0,16,6,1,non_financial_low_risk
synth_01357,2026-03-09T08:00:00,appointment,0.0,208.1,0,8,3,0,non_financial_low_risk
synth_01358,2026-03-09T07:00:00,bill_payment,120.11,106.0,0,7,2,0,low_amount
synth_01359,2026-03-09T14:00:00,bill_payment,40.55,19.2,1,14,6,0,recurring_suppressed
synth_01360,2026-03-10T04:00:00,paperwork,0.0,105.1,0,4,0,0,non_financial_low_risk
synth_01361,2026-03-10T22:00:00,reminder,0.0,15.7,0,22,6,0,non_financial_low_risk
synth_01362,2026-03-10T06:00:00,bill_payment,285.64,30.9,0,6,0,0,low_amount
synth_01363,2026-03-10T00:00:00,reminder,0.0,80.4,0,0,5,0,non_financial_low_risk
synth_01364,2026-03-10T12:00:00,bill_payment,350.9,28.2,0,12,5,0,low_amount
synth_01365,2026-03-10T22:00:00,bill_payment,20.38,128.2,0,22,0,0,low_amount
synth_01366,2026-03-10T22:00:00,bill_payment,75.83,35.2,0,22,4,1,low_amount
synth_01367,2026-03-10T21:00:00,appointment,0.0,4.4,0,21,4,0,non_financial_low_risk
synth_01368,2026-03-10T03:00:00,appointment,0.0,108.8,0,3,3,0,non_financial_low_risk
synth_01369,2026-03-10T13:00:00,bill_payment,16.36,51.7,1,13,5,1,recurring_suppressed
synth_01370,2026-03-10T12:00:00,reminder,0.0,19.0,0,12,6,0,non_financial_low_risk
synth_01371,2026-03-10T21:00:00,paperwork,0.0,52.6,0,21,0,0,non_financial_low_risk
synth_01372,2026-03-10T15:00:00,reminder,0.0,48.2,0,15,0,0,non_financial_low_risk
synth_01373,2026-03-10T10:00:00,bill_payment,43.42,123.6,1,10,3,0,recurring_suppressed
synth_01374,2026-03-10T20:00:00,paperwork,0.0,62.0,0,20,5,0,non_financial_low_risk
synth_01375,2026-03-10T07:00:00,reminder,0.0,27.6,0,7,1,0,non_financial_low_risk
synth_01376,2026-03-10T03:00:00,bill_payment,48.84,43.1,1,3,4,0,recurring_suppressed
synth_01377,2026-03-10T18:00:00,reminder,0.0,147.9,0,18,5,1,non_financial_low_risk
synth_01378,2026-03-10T11:00:00,bill_payment,230.32,187.4,0,11,6,0,low_amount
synth_01379,2026-03-10T19:00:00,paperwork,0.0,35.2,0,19,4,0,non_financial_low_risk
synth_01380,2026-03-11T07:00:00,bill_payment,169.69,7.5,0,7,3,0,low_amount
synth_01381,2026-03-11T01:00:00,bill_payment,29.49,90.8,0,1,4,0,low_amount
synth_01382,2026-03-11T08:00:00,appointment,0.0,56.0,0,8,6,0,non_financial_low_risk
synth_01383,2026-03-11T15:00:00,appointment,0.0,84.7,0,15,2,0,non_financial_low_risk
synth_01384,2026-03-11T23:00:00,bill_payment,579.14,84.5,1,23,6,0,recurring_suppressed
synth_01385,2026-03-11T05:00:00,paperwork,0.0,123.2,0,5,6,0,non_financial_low_risk
synth_01386,2026-03-11T12:00:00,bill_payment,170.13,54.4,0,12,3,0,low_amount
synth_01387,2026-03-11T06:00:00,paperwork,0.0,15.9,0,6,5,0,non_financial_low_risk
synth_01388,2026-03-11T14:00:00,bill_payment,323.17,91.0,0,14,5,0,low_amount
synth_01389,2026-03-11T23:00:00,bill_payment,250.04,7.5,1,23,1,0,recurring_suppressed
synth_01390,2026-03-11T04:00:00,bill_payment,405.41,54.4,0,4,3,0,low_amount
synth_01391,2026-03-11T15:00:00,bill_payment,221.85,1.7,1,15,2,1,deadline_override
synth_01392,2026-03-11T12:00:00,reminder,0.0,50.8,0,12,6,0,non_financial_low_risk
synth_01393,2026-03-11T14:00:00,paperwork,0.0,51.6,0,14,6,0,non_financial_low_risk
synth_01394,2026-03-11T03:00:00,bill_payment,232.77,0.6,1,3,3,1,deadline_override
synth_01395,2026-03-11T18:00:00,reminder,0.0,12.2,0,18,4,0,non_financial_low_risk
synth_01396,2026-03-11T03:00:00,appointment,0.0,56.8,0,3,6,0,non_financial_low_risk
synth_01397,2026-03-11T17:00:00,bill_payment,96.06,18.9,0,17,1,0,low_amount
synth_01398,2026-03-11T17:00:00,paperwork,0.0,24.0,0,17,6,0,non_financial_low_risk
synth_01399,2026-03-11T18:00:00,appointment,0.0,35.1,0,18,4,0,non_financial_low_risk
synth_01400,2026-03-12T06:00:00,paperwork,0.0,6.4,0,6,5,0,non_financial_low_risk
synth_01401,2026-03-12T03:00:00,bill_payment,186.43,38.8,0,3,0,0,low_amount
synth_01402,2026-03-12T03:00:00,bill_payment,34.42,91.5,1,3,4,0,recurring_suppressed
synth_01403,2026-03-12T21:00:00,reminder,0.0,9.0,0,21,0,0,non_financial_low_risk
synth_01404,2026-03-12T10:00:00,bill_payment,64.27,7.2,0,10,4,0,low_amount
synth_01405,2026-03-12T16:00:00,reminder,0.0,44.7,0,16,1,0,non_financial_low_risk
synth_01406,2026-03-12T01:00:00,appointment,0.0,2.2,0,1,1,0,non_financial_low_risk
synth_01407,2026-03-12T04:00:00,reminder,0.0,11.6,0,4,4,0,non_financial_low_risk
synth_01408,2026-03-12T23:00:00,appointment,0.0,15.6,0,23,4,0,non_financial_low_risk
synth_01409,2026-03-12T20:00:00,appointment,0.0,14.5,0,20,1,0,non_financial_low_risk
synth_01410,2026-03-12T02:00:00,bill_payment,66.21,56.9,0,2,5,0,low_amount
synth_01411,2026-03-12T06:00:00,reminder,0.0,57.3,0,6,5,0,non_financial_low_risk
synth_01412,2026-03-12T19:00:00,appointment,0.0,82.4,0,19,1,0,non_financial_low_risk
synth_01413,2026-03-12T02:00:00,bill_payment,765.69,1.3,0,2,2,1,deadline_override
synth_01414,2026-03-12T10:00:00,bill_payment,163.65,49.1,0,10,6,0,low_amount
synth_01415,2026-03-12T00:00:00,reminder,0.0,12.3,0,0,0,0,non_financial_low_risk
synth_01416,2026-03-12T03:00:00,reminder,0.0,22.8,0,3,6,0,non_financial_low_risk
synth_01417,2026-03-12T16:00:00,bill_payment,276.26,82.7,0,16,2,0,low_amount
synth_01418,2026-03-12T19:00:00,reminder,0.0,38.5,0,19,0,0,non_financial_low_risk
synth_01419,2026-03-12T17:00:00,bill_payment,590.12,20.3,0,17,4,0,low_amount
synth_01420,2026-03-13T04:00:00,paperwork,0.0,31.1,0,4,2,1,non_financial_low_risk
synth_01421,2026-03-13T04:00:00,appointment,0.0,8.1,0,4,1,0,non_financial_low_risk
synth_01422,2026-03-13T23:00:00,paperwork,0.0,2.6,0,23,5,0,non_financial_low_risk
synth_01423,2026-03-13T19:00:00,paperwork,0.0,13.8,0,19,3,0,non_financial_low_risk
synth_01424,2026-03-13T07:00:00,bill_payment,149.28,26.8,0,7,2,0,low_amount
synth_01425,2026-03-13T02:00:00,bill_payment,30.01,89.6,0,2,5,0,low_amount
synth_01426,2026-03-13T00:00:00,bill_payment,173.34,16.2,0,0,3,0,low_amount
synth_01427,2026-03-13T15:00:00,reminder,0.0,7.0,0,15,4,0,non_financial_low_risk
synth_01428,2026-03-13T03:00:00,appointment,0.0,36.5,0,3,3,1,non_financial_low_risk
synth_01429,2026-03-13T21:00:00,bill_payment,109.51,20.3,0,21,6,0,low_amount
synth_01430,2026-03-13T01:00:00,reminder,0.0,55.3,0,1,4,0,non_financial_low_risk
synth_01431,2026-03-13T11:00:00,bill_payment,373.69,22.0,1,11,0,0,recurring_suppressed
synth_01432,2026-03-13T17:00:00,bill_payment,113.33,117.8,1,17,6,0,recurring_suppressed
synth_01433,2026-03-13T18:00:00,bill_payment,86.8,11.5,0,18,3,0,low_amount
synth_01434,2026-03-13T19:00:00,bill_payment,123.67,32.2,0,19,3,0,low_amount
synth_01435,2026-03-13T02:00:00,bill_payment,59.29,5.1,0,2,4,1,deadline_override
synth_01436,2026-03-13T07:00:00,bill_payment,37.16,8.1,0,7,3,0,low_amount
synth_01437,2026-03-13T14:00:00,bill_payment,125.79,80.1,1,14,5,0,recurring_suppressed
synth_01438,2026-03-13T06:00:00,bill_payment,91.14,21.4,0,6,0,0,low_amount
synth_01439,2026-03-13T06:00:00,bill_payment,68.23,111.0,1,6,3,0,recurring_suppressed
synth_01440,2026-03-14T15:00:00,reminder,0.0,6.1,0,15,4,0,non_financial_low_risk
synth_01441,2026-03-14T12:00:00,appointment,0.0,6.5,0,12,4,0,non_financial_low_risk
synth_01442,2026-03-14T04:00:00,paperwork,0.0,83.8,0,4,0,0,non_financial_low_risk
synth_01443,2026-03-14T11:00:00,paperwork,0.0,6.5,0,11,4,1,non_financial_low_risk
synth_01444,2026-03-14T10:00:00,appointment,0.0,2.6,0,10,3,0,non_financial_low_risk
synth_01445,2026-03-14T09:00:00,paperwork,0.0,27.3,0,9,2,0,non_financial_low_risk
synth_01446,2026-03-14T04:00:00,paperwork,0.0,13.7,0,4,5,0,non_financial_low_risk
synth_01447,2026-03-14T22:00:00,bill_payment,315.69,58.8,0,22,5,0,low_amount
synth_01448,2026-03-14T06:00:00,bill_payment,206.29,6.8,1,6,1,0,recurring_suppressed
synth_01449,2026-03-14T01:00:00,appointment,0.0,4.6,0,1,3,0,non_financial_low_risk
synth_01450,2026-03-14T16:00:00,bill_payment,205.88,19.7,0,16,3,0,low_amount
synth_01451,2026-03-14T10:00:00,bill_payment,81.02,20.8,0,10,0,0,low_amount
synth_01452,2026-03-14T19:00:00,bill_payment,231.9,16.1,1,19,0,0,recurring_suppressed
synth_01453,2026-03-14T21:00:00,bill_payment,144.79,5.7,0,21,4,1,deadline_override
synth_01454,2026-03-14T19:00:00,bill_payment,37.15,65.2,0,19,2,0,low_amount
synth_01455,2026-03-14T19:00:00,bill_payment,176.68,5.4,0,19,0,0,deadline_override
synth_01456,2026-03-14T06:00:00,reminder,0.0,103.4,0,6,1,0,non_financial_low_risk
synth_01457,2026-03-14T17:00:00,reminder,0.0,3.7,0,17,4,0,non_financial_low_risk
synth_01458,2026-03-14T06:00:00,paperwork,0.0,219.4,0,6,4,0,non_financial_low_risk
synth_01459,2026-03-14T17:00:00,bill_payment,40.68,14.0,0,17,2,0,low_amount
synth_01460,2026-03-15T00:00:00,bill_payment,36.45,128.6,0,0,1,0,low_amount
synth_01461,2026-03-15T01:00:00,appointment,0.0,6.6,0,1,4,0,non_financial_low_risk
synth_01462,2026-03-15T12:00:00,reminder,0.0,10.1,0,12,3,0,non_financial_low_risk
synth_01463,2026-03-15T05:00:00,reminder,0.0,170.8,0,5,3,0,non_financial_low_risk
synth_01464,2026-03-15T05:00:00,bill_payment,357.78,15.2,1,5,4,0,recurring_suppressed
synth_01465,2026-03-15T16:00:00,appointment,0.0,101.4,0,16,3,0,non_financial_low_risk
synth_01466,2026-03-15T07:00:00,paperwork,0.0,14.4,0,7,2,0,non_financial_low_risk
synth_01467,2026-03-15T01:00:00,appointment,0.0,9.0,0,1,4,0,non_financial_low_risk
synth_01468,2026-03-15T07:00:00,bill_payment,448.14,75.1,0,7,6,0,low_amount
synth_01469,2026-03-15T22:00:00,bill_payment,318.51,172.0,0,22,4,0,low_amount
synth_01470,2026-03-15T00:00:00,bill_payment,430.98,202.4,0,0,6,0,low_amount
synth_01471,2026-03-15T08:00:00,paperwork,0.0,15.7,0,8,0,0,non_financial_low_risk
synth_01472,2026-03-15T18:00:00,reminder,0.0,72.3,0,18,0,0,non_financial_low_risk
synth_01473,2026-03-15T08:00:00,appointment,0.0,139.8,0,8,6,0,non_financial_low_risk
synth_01474,2026-03-15T14:00:00,appointment,0.0,11.1,0,14,1,0,non_financial_low_risk
synth_01475,2026-03-15T23:00:00,bill_payment,835.18,24.2,0,23,5,1,high_amount
synth_01476,2026-03-15T05:00:00,bill_payment,137.2,29.5,0,5,1,0,low_amount
synth_01477,2026-03-15T09:00:00,reminder,0.0,9.5,0,9,0,0,non_financial_low_risk
synth_01478,2026-03-15T21:00:00,reminder,0.0,81.6,0,21,4,0,non_financial_low_risk
synth_01479,2026-03-15T23:00:00,bill_payment,115.02,49.7,0,23,4,0,low_amount
synth_01480,2026-03-16T03:00:00,paperwork,0.0,0.6,0,3,3,1,non_financial_but_imminent
synth_01481,2026-03-16T00:00:00,bill_payment,297.68,133.9,0,0,6,0,low_amount
synth_01482,2026-03-16T22:00:00,paperwork,0.0,19.8,0,22,0,0,non_financial_low_risk
synth_01483,2026-03-16T14:00:00,appointment,0.0,39.7,0,14,6,0,non_financial_low_risk
synth_01484,2026-03-16T03:00:00,bill_payment,392.62,6.3,0,3,4,0,low_amount
synth_01485,2026-03-16T04:00:00,appointment,0.0,86.9,0,4,0,0,non_financial_low_risk
synth_01486,2026-03-16T21:00:00,bill_payment,126.31,51.1,1,21,3,0,recurring_suppressed
synth_01487,2026-03-16T15:00:00,paperwork,0.0,111.3,0,15,1,0,non_financial_low_risk
synth_01488,2026-03-16T11:00:00,bill_payment,492.45,3.8,0,11,0,1,deadline_override
synth_01489,2026-03-16T16:00:00,appointment,0.0,9.4,0,16,2,0,non_financial_low_risk
synth_01490,2026-03-16T21:00:00,appointment,0.0,7.8,0,21,5,0,non_financial_low_risk
synth_01491,2026-03-16T03:00:00,paperwork,0.0,20.6,0,3,2,0,non_financial_low_risk
synth_01492,2026-03-16T22:00:00,appointment,0.0,129.7,0,22,6,0,non_financial_low_risk
synth_01493,2026-03-16T15:00:00,bill_payment,228.76,23.8,0,15,6,0,low_amount
synth_01494,2026-03-16T08:00:00,appointment,0.0,154.0,0,8,1,0,non_financial_low_risk
synth_01495,2026-03-16T12:00:00,reminder,0.0,9.6,0,12,2,0,non_financial_low_risk
synth_01496,2026-03-16T20:00:00,bill_payment,276.67,75.7,0,20,1,0,low_amount
synth_01497,2026-03-16T15:00:00,appointment,0.0,37.1,0,15,4,0,non_financial_low_risk
synth_01498,2026-03-16T02:00:00,bill_payment,186.35,80.0,1,2,1,0,recurring_suppressed
synth_01499,2026-03-16T03:00:00,bill_payment,418.9,30.8,1,3,0,0,recurring_suppressed
synth_01500,2026-03-17T13:00:00,bill_payment,42.05,86.6,0,13,1,0,low_amount
synth_01501,2026-03-17T23:00:00,bill_payment,251.64,57.1,1,23,0,0,recurring_suppressed
synth_01502,2026-03-17T04:00:00,bill_payment,199.21,43.3,1,4,2,0,recurring_suppressed
synth_01503,2026-03-17T16:00:00,bill_payment,75.81,30.5,1,16,5,0,recurring_suppressed
synth_01504,2026-03-17T14:00:00,appointment,0.0,61.5,0,14,6,0,non_financial_low_risk
synth_01505,2026-03-17T12:00:00,bill_payment,292.7,9.2,1,12,6,0,recurring_suppressed
synth_01506,2026-03-17T22:00:00,reminder,0.0,29.1,0,22,6,0,non_financial_low_risk
synth_01507,2026-03-17T07:00:00,appointment,0.0,17.5,0,7,3,0,non_financial_low_risk
synth_01508,2026-03-17T12:00:00,bill_payment,43.07,144.8,0,12,4,0,low_amount
synth_01509,2026-03-17T20:00:00,bill_payment,183.99,56.6,0,20,5,0,low_amount
synth_01510,2026-03-17T03:00:00,bill_payment,38.98,26.5,1,3,0,0,recurring_suppressed
synth_01511,2026-03-17T07:00:00,paperwork,0.0,19.6,0,7,2,0,non_financial_low_risk
synth_01512,2026-03-17T07:00:00,bill_payment,384.45,10.8,0,7,2,0,low_amount
synth_01513,2026-03-17T15:00:00,appointment,0.0,2.2,0,15,0,1,non_financial_low_risk
synth_01514,2026-03-17T04:00:00,bill_payment,148.5,23.8,0,4,5,0,low_amount
synth_01515,2026-03-17T00:00:00,bill_payment,670.0,33.5,0,0,4,0,low_amount
synth_01516,2026-03-17T01:00:00,appointment,0.0,97.5,0,1,2,0,non_financial_low_risk
synth_01517,2026-03-17T20:00:00,appointment,0.0,3.9,0,20,0,0,non_financial_low_risk
synth_01518,2026-03-17T16:00:00,bill_payment,27.53,7.3,0,16,4,0,low_amount
synth_01519,2026-03-17T10:00:00,appointment,0.0,35.6,0,10,3,0,non_financial_low_risk
synth_01520,2026-03-18T21:00:00,bill_payment,23.81,27.1,0,21,3,0,low_amount
synth_01521,2026-03-18T04:00:00,reminder,0.0,44.8,0,4,4,0,non_financial_low_risk
synth_01522,2026-03-18T04:00:00,appointment,0.0,78.4,0,4,6,0,non_financial_low_risk
synth_01523,2026-03-18T02:00:00,appointment,0.0,166.7,0,2,3,0,non_financial_low_risk
synth_01524,2026-03-18T14:00:00,bill_payment,77.34,4.5,1,14,2,1,deadline_override
synth_01525,2026-03-18T14:00:00,reminder,0.0,69.1,0,14,5,0,non_financial_low_risk
synth_01526,2026-03-18T15:00:00,reminder,0.0,171.1,0,15,0,0,non_financial_low_risk
synth_01527,2026-03-18T16:00:00,bill_payment,94.5,54.8,0,16,6,0,low_amount
synth_01528,2026-03-18T21:00:00,bill_payment,38.88,28.7,0,21,0,0,low_amount
synth_01529,2026-03-18T07:00:00,appointment,0.0,64.9,0,7,5,0,non_financial_low_risk
synth_01530,2026-03-18T02:00:00,bill_payment,379.65,8.3,0,2,1,0,low_amount
synth_01531,2026-03-18T14:00:00,appointment,0.0,4.7,0,14,3,0,non_financial_low_risk
synth_01532,2026-03-18T02:00:00,reminder,0.0,30.0,0,2,1,0,non_financial_low_risk
synth_01533,2026-03-18T13:00:00,reminder,0.0,122.8,0,13,1,0,non_financial_low_risk
synth_01534,2026-03-18T03:00:00,bill_payment,69.99,11.5,0,3,2,0,low_amount
synth_01535,2026-03-18T04:00:00,appointment,0.0,142.4,0,4,5,0,non_financial_low_risk
synth_01536,2026-03-18T12:00:00,appointment,0.0,211.5,0,12,0,0,non_financial_low_risk
synth_01537,2026-03-18T21:00:00,bill_payment,115.53,2.7,0,21,3,1,deadline_override
synth_01538,2026-03-18T02:00:00,appointment,0.0,4.2,0,2,2,0,non_financial_low_risk
synth_01539,2026-03-18T08:00:00,bill_payment,3331.73,35.7,0,8,1,1,high_amount
synth_01540,2026-03-19T11:00:00,bill_payment,469.61,67.2,1,11,3,0,recurring_suppressed
synth_01541,2026-03-19T22:00:00,appointment,0.0,73.5,0,22,3,0,non_financial_low_risk
synth_01542,2026-03-19T00:00:00,appointment,0.0,23.7,0,0,4,0,non_financial_low_risk
synth_01543,2026-03-19T21:00:00,appointment,0.0,3.9,0,21,4,0,non_financial_low_risk
synth_01544,2026-03-19T14:00:00,bill_payment,846.02,18.3,1,14,1,0,recurring_suppressed
synth_01545,2026-03-19T14:00:00,bill_payment,804.39,14.6,0,14,6,1,high_amount
synth_01546,2026-03-19T18:00:00,appointment,0.0,48.9,0,18,0,1,non_financial_low_risk
synth_01547,2026-03-19T22:00:00,paperwork,0.0,10.0,0,22,4,0,non_financial_low_risk
synth_01548,2026-03-19T06:00:00,appointment,0.0,11.7,0,6,1,0,non_financial_low_risk
synth_01549,2026-03-19T11:00:00,appointment,0.0,0.7,0,11,0,1,non_financial_but_imminent
synth_01550,2026-03-19T13:00:00,bill_payment,295.27,33.2,0,13,3,0,low_amount
synth_01551,2026-03-19T10:00:00,paperwork,0.0,26.6,0,10,0,0,non_financial_low_risk
synth_01552,2026-03-19T17:00:00,appointment,0.0,22.4,0,17,4,0,non_financial_low_risk
synth_01553,2026-03-19T22:00:00,bill_payment,45.07,54.7,0,22,4,0,low_amount
synth_01554,2026-03-19T02:00:00,reminder,0.0,5.0,0,2,6,0,non_financial_low_risk
synth_01555,2026-03-19T01:00:00,bill_payment,247.96,48.2,0,1,5,0,low_amount
synth_01556,2026-03-19T15:00:00,bill_payment,56.89,23.0,1,15,0,0,recurring_suppressed
synth_01557,2026-03-19T20:00:00,paperwork,0.0,29.9,0,20,5,0,non_financial_low_risk
synth_01558,2026-03-19T13:00:00,bill_payment,151.33,51.6,0,13,5,0,low_amount
synth_01559,2026-03-19T00:00:00,reminder,0.0,25.7,0,0,0,0,non_financial_low_risk
synth_01560,2026-03-20T07:00:00,bill_payment,197.09,153.5,0,7,4,0,low_amount
synth_01561,2026-03-20T04:00:00,bill_payment,727.58,77.6,0,4,5,0,low_amount
synth_01562,2026-03-20T10:00:00,paperwork,0.0,24.8,0,10,4,0,non_financial_low_risk
synth_01563,2026-03-20T12:00:00,bill_payment,233.61,6.0,0,12,6,1,deadline_override
synth_01564,2026-03-20T05:00:00,reminder,0.0,87.2,0,5,2,0,non_financial_low_risk
synth_01565,2026-03-20T22:00:00,bill_payment,107.96,43.2,1,22,4,0,recurring_suppressed
synth_01566,2026-03-20T20:00:00,bill_payment,62.72,6.7,0,20,6,0,low_amount
synth_01567,2026-03-20T12:00:00,bill_payment,431.82,36.8,1,12,6,0,recurring_suppressed
synth_01568,2026-03-20T11:00:00,bill_payment,59.39,9.6,1,11,6,0,recurring_suppressed
synth_01569,2026-03-20T06:00:00,bill_payment,384.13,32.0,0,6,5,0,low_amount
synth_01570,2026-03-20T14:00:00,reminder,0.0,48.2,0,14,6,0,non_financial_low_risk
synth_01571,2026-03-20T03:00:00,bill_payment,1391.44,47.9,0,3,2,1,high_amount
synth_01572,2026-03-20T17:00:00,appointment,0.0,45.7,0,17,0,0,non_financial_low_risk
synth_01573,2026-03-20T06:00:00,paperwork,0.0,125.4,0,6,4,1,non_financial_low_risk
synth_01574,2026-03-20T06:00:00,bill_payment,152.34,96.8,1,6,0,0,recurring_suppressed
synth_01575,2026-03-20T17:00:00,bill_payment,63.69,147.0,0,17,5,0,low_amount
synth_01576,2026-03-20T16:00:00,paperwork,0.0,32.9,0,16,3,0,non_financial_low_risk
synth_01577,2026-03-20T13:00:00,bill_payment,180.92,11.1,0,13,3,0,low_amount
synth_01578,2026-03-20T19:00:00,paperwork,0.0,81.2,0,19,0,0,non_financial_low_risk
synth_01579,2026-03-20T05:00:00,bill_payment,181.71,48.1,1,5,0,0,recurring_suppressed
synth_01580,2026-03-21T16:00:00,bill_payment,96.58,100.7,0,16,2,0,low_amount
synth_01581,2026-03-21T06:00:00,bill_payment,412.42,9.9,1,6,5,0,recurring_suppressed
synth_01582,2026-03-21T10:00:00,bill_payment,520.44,11.5,0,10,1,0,low_amount
synth_01583,2026-03-21T19:00:00,bill_payment,222.82,5.2,1,19,6,1,deadline_override
synth_01584,2026-03-21T10:00:00,bill_payment,534.55,67.7,0,10,1,0,low_amount
synth_01585,2026-03-21T08:00:00,paperwork,0.0,33.1,0,8,3,0,non_financial_low_risk
synth_01586,2026-03-21T18:00:00,appointment,0.0,44.2,0,18,3,0,non_financial_low_risk
synth_01587,2026-03-21T12:00:00,bill_payment,171.34,29.7,1,12,0,0,recurring_suppressed
synth_01588,2026-03-21T20:00:00,reminder,0.0,1.9,0,20,0,1,non_financial_but_imminent
synth_01589,2026-03-21T12:00:00,bill_payment,1167.69,15.4,0,12,0,1,high_amount
synth_01590,2026-03-21T20:00:00,bill_payment,210.48,57.2,0,20,0,0,low_amount
synth_01591,2026-03-21T07:00:00,reminder,0.0,5.2,0,7,0,0,non_financial_low_risk
synth_01592,2026-03-21T11:00:00,bill_payment,256.46,4.4,0,11,6,1,deadline_override
synth_01593,2026-03-21T01:00:00,reminder,0.0,130.5,0,1,2,0,non_financial_low_risk
synth_01594,2026-03-21T12:00:00,bill_payment,43.55,14.7,0,12,2,0,low_amount
synth_01595,2026-03-21T03:00:00,reminder,0.0,42.0,0,3,1,0,non_financial_low_risk
synth_01596,2026-03-21T21:00:00,bill_payment,428.16,108.4,0,21,0,0,low_amount
synth_01597,2026-03-21T15:00:00,bill_payment,136.77,15.8,0,15,1,0,low_amount
synth_01598,2026-03-21T11:00:00,paperwork,0.0,59.6,0,11,4,0,non_financial_low_risk
synth_01599,2026-03-21T15:00:00,bill_payment,1018.75,57.0,1,15,0,0,recurring_suppressed
synth_01600,2026-03-22T12:00:00,appointment,0.0,30.3,0,12,1,0,non_financial_low_risk
synth_01601,2026-03-22T09:00:00,bill_payment,1782.0,34.6,0,9,5,1,high_amount
synth_01602,2026-03-22T14:00:00,bill_payment,163.88,11.9,0,14,6,0,low_amount
synth_01603,2026-03-22T18:00:00,bill_payment,121.24,26.4,0,18,5,0,low_amount
synth_01604,2026-03-22T03:00:00,appointment,0.0,5.4,0,3,1,1,non_financial_low_risk
synth_01605,2026-03-22T15:00:00,appointment,0.0,14.9,0,15,5,0,non_financial_low_risk
synth_01606,2026-03-22T12:00:00,bill_payment,29.92,21.0,1,12,4,0,recurring_suppressed
synth_01607,2026-03-22T13:00:00,bill_payment,124.51,2.4,0,13,1,1,deadline_override
synth_01608,2026-03-22T21:00:00,bill_payment,216.43,32.7,0,21,0,0,low_amount
synth_01609,2026-03-22T01:00:00,reminder,0.0,11.9,0,1,0,0,non_financial_low_risk
synth_01610,2026-03-22T12:00:00,bill_payment,161.37,102.8,0,12,3,0,low_amount
synth_01611,2026-03-22T06:00:00,bill_payment,1078.68,32.8,1,6,2,0,recurring_suppressed
synth_01612,2026-03-22T00:00:00,paperwork,0.0,16.3,0,0,0,0,non_financial_low_risk
synth_01613,2026-03-22T23:00:00,reminder,0.0,46.7,0,23,2,0,non_financial_low_risk
synth_01614,2026-03-22T21:00:00,appointment,0.0,9.0,0,21,0,0,non_financial_low_risk
synth_01615,2026-03-22T00:00:00,bill_payment,15.83,52.6,0,0,1,0,low_amount
synth_01616,2026-03-22T00:00:00,reminder,0.0,9.0,0,0,4,0,non_financial_low_risk
synth_01617,2026-03-22T07:00:00,appointment,0.0,0.0,0,7,3,1,non_financial_but_imminent
synth_01618,2026-03-22T09:00:00,paperwork,0.0,40.2,0,9,6,0,non_financial_low_risk
synth_01619,2026-03-22T03:00:00,appointment,0.0,67.5,0,3,0,0,non_financial_low_risk
synth_01620,2026-03-23T23:00:00,paperwork,0.0,28.9,0,23,2,0,non_financial_low_risk
synth_01621,2026-03-23T22:00:00,bill_payment,142.58,0.7,0,22,2,1,deadline_override
synth_01622,2026-03-23T19:00:00,paperwork,0.0,93.3,0,19,3,0,non_financial_low_risk
synth_01623,2026-03-23T00:00:00,appointment,0.0,62.5,0,0,1,0,non_financial_low_risk
synth_01624,2026-03-23T04:00:00,reminder,0.0,51.7,0,4,2,0,non_financial_low_risk
synth_01625,2026-03-23T20:00:00,bill_payment,52.58,10.3,0,20,0,0,low_amount
synth_01626,2026-03-23T14:00:00,reminder,0.0,54.5,0,14,4,0,non_financial_low_risk
synth_01627,2026-03-23T10:00:00,reminder,0.0,20.6,0,10,3,0,non_financial_low_risk
synth_01628,2026-03-23T06:00:00,reminder,0.0,15.5,0,6,0,0,non_financial_low_risk
synth_01629,2026-03-23T03:00:00,paperwork,0.0,86.2,0,3,3,0,non_financial_low_risk
synth_01630,2026-03-23T11:00:00,appointment,0.0,75.5,0,11,2,0,non_financial_low_risk
synth_01631,2026-03-23T05:00:00,bill_payment,303.7,16.4,0,5,2,0,low_amount
synth_01632,2026-03-23T03:00:00,bill_payment,73.02,11.8,0,3,0,0,low_amount
synth_01633,2026-03-23T09:00:00,bill_payment,27.64,2.5,1,9,6,1,deadline_override
synth_01634,2026-03-23T04:00:00,appointment,0.0,70.3,0,4,0,0,non_financial_low_risk
synth_01635,2026-03-23T01:00:00,bill_payment,321.93,120.2,1,1,3,0,recurring_suppressed
synth_01636,2026-03-23T08:00:00,bill_payment,256.93,24.4,0,8,2,0,low_amount
synth_01637,2026-03-23T06:00:00,bill_payment,55.91,78.3,1,6,2,0,recurring_suppressed
synth_01638,2026-03-23T02:00:00,appointment,0.0,17.2,0,2,2,0,non_financial_low_risk
synth_01639,2026-03-23T12:00:00,appointment,0.0,37.9,0,12,6,0,non_financial_low_risk
synth_01640,2026-03-24T22:00:00,bill_payment,43.73,18.0,0,22,2,0,low_amount
synth_01641,2026-03-24T13:00:00,bill_payment,115.08,1.3,0,13,0,1,deadline_override
synth_01642,2026-03-24T07:00:00,appointment,0.0,17.3,0,7,4,0,non_financial_low_risk
synth_01643,2026-03-24T12:00:00,bill_payment,179.1,16.7,0,12,1,0,low_amount
synth_01644,2026-03-24T20:00:00,bill_payment,137.09,2.7,0,20,0,1,deadline_override
synth_01645,2026-03-24T23:00:00,bill_payment,69.26,19.3,1,23,4,0,recurring_suppressed
synth_01646,2026-03-24T06:00:00,paperwork,0.0,2.6,0,6,4,0,non_financial_low_risk
synth_01647,2026-03-24T07:00:00,paperwork,0.0,32.8,0,7,5,0,non_financial_low_risk
synth_01648,2026-03-24T19:00:00,bill_payment,351.3,132.3,0,19,5,0,low_amount
synth_01649,2026-03-24T16:00:00,bill_payment,155.97,5.3,1,16,3,1,deadline_override
synth_01650,2026-03-24T15:00:00,reminder,0.0,17.1,0,15,1,0,non_financial_low_risk
synth_01651,2026-03-24T19:00:00,paperwork,0.0,38.0,0,19,5,0,non_financial_low_risk
synth_01652,2026-03-24T04:00:00,appointment,0.0,6.3,0,4,5,1,non_financial_low_risk
synth_01653,2026-03-24T06:00:00,bill_payment,272.57,34.4,0,6,3,0,low_amount
synth_01654,2026-03-24T12:00:00,bill_payment,23.68,22.0,1,12,5,0,recurring_suppressed
synth_01655,2026-03-24T04:00:00,appointment,0.0,80.6,0,4,0,0,non_financial_low_risk
synth_01656,2026-03-24T21:00:00,bill_payment,90.25,1.7,0,21,4,1,deadline_override
synth_01657,2026-03-24T04:00:00,reminder,0.0,21.0,0,4,3,0,non_financial_low_risk
synth_01658,2026-03-24T05:00:00,appointment,0.0,0.4,0,5,2,1,non_financial_but_imminent
synth_01659,2026-03-24T22:00:00,reminder,0.0,11.4,0,22,4,0,non_financial_low_risk
synth_01660,2026-03-25T22:00:00,bill_payment,233.68,61.0,0,22,6,0,low_amount
synth_01661,2026-03-25T20:00:00,bill_payment,302.15,24.0,0,20,3,0,low_amount
synth_01662,2026-03-25T18:00:00,appointment,0.0,51.6,0,18,5,0,non_financial_low_risk
synth_01663,2026-03-25T04:00:00,paperwork,0.0,35.8,0,4,5,0,non_financial_low_risk
synth_01664,2026-03-25T19:00:00,reminder,0.0,20.5,0,19,6,0,non_financial_low_risk
synth_01665,2026-03-25T21:00:00,bill_payment,327.04,4.9,1,21,3,1,deadline_override
synth_01666,2026-03-25T12:00:00,bill_payment,276.88,102.1,0,12,6,0,low_amount
synth_01667,2026-03-25T08:00:00,reminder,0.0,3.1,0,8,0,1,non_financial_low_risk
synth_01668,2026-03-25T11:00:00,paperwork,0.0,28.0,0,11,4,0,non_financial_low_risk
synth_01669,2026-03-25T20:00:00,bill_payment,74.49,28.7,1,20,4,0,recurring_suppressed
synth_01670,2026-03-25T13:00:00,bill_payment,140.85,12.3,0,13,6,0,low_amount
synth_01671,2026-03-25T00:00:00,paperwork,0.0,4.3,0,0,5,0,non_financial_low_risk
synth_01672,2026-03-25T23:00:00,bill_payment,384.16,20.0,0,23,5,0,low_amount
synth_01673,2026-03-25T02:00:00,bill_payment,148.78,110.4,0,2,3,0,low_amount
synth_01674,2026-03-25T19:00:00,bill_payment,317.14,6.0,1,19,4,1,deadline_override
synth_01675,2026-03-25T09:00:00,bill_payment,30.53,3.4,0,9,0,1,deadline_override
synth_01676,2026-03-25T17:00:00,bill_payment,161.78,18.0,0,17,5,0,low_amount
synth_01677,2026-03-25T08:00:00,appointment,0.0,132.6,0,8,5,1,non_financial_low_risk
synth_01678,2026-03-25T17:00:00,bill_payment,75.33,69.5,1,17,6,0,recurring_suppressed
synth_01679,2026-03-25T01:00:00,reminder,0.0,52.3,0,1,1,0,non_financial_low_risk
synth_01680,2026-03-26T19:00:00,paperwork,0.0,39.8,0,19,5,0,non_financial_low_risk
synth_01681,2026-03-26T02:00:00,paperwork,0.0,20.4,0,2,3,0,non_financial_low_risk
synth_01682,2026-03-26T17:00:00,appointment,0.0,4.0,0,17,3,0,non_financial_low_risk
synth_01683,2026-03-26T07:00:00,bill_payment,154.63,27.1,0,7,0,0,low_amount
synth_01684,2026-03-26T21:00:00,bill_payment,287.61,45.0,0,21,5,1,low_amount
synth_01685,2026-03-26T12:00:00,appointment,0.0,23.5,0,12,5,0,non_financial_low_risk
synth_01686,2026-03-26T03:00:00,paperwork,0.0,38.3,0,3,3,0,non_financial_low_risk
synth_01687,2026-03-26T11:00:00,appointment,0.0,112.3,0,11,1,0,non_financial_low_risk
synth_01688,2026-03-26T02:00:00,reminder,0.0,13.1,0,2,4,1,non_financial_low_risk
synth_01689,2026-03-26T00:00:00,bill_payment,1770.41,36.9,1,0,6,1,high_amount
synth_01690,2026-03-26T04:00:00,paperwork,0.0,3.8,0,4,3,0,non_financial_low_risk
synth_01691,2026-03-26T19:00:00,bill_payment,65.18,13.4,1,19,3,0,recurring_suppressed
synth_01692,2026-03-26T23:00:00,bill_payment,51.16,37.7,0,23,6,0,low_amount
synth_01693,2026-03-26T22:00:00,reminder,0.0,11.9,0,22,2,0,non_financial_low_risk
synth_01694,2026-03-26T20:00:00,paperwork,0.0,16.6,0,20,1,0,non_financial_low_risk
synth_01695,2026-03-26T22:00:00,bill_payment,314.69,2.7,0,22,4,1,deadline_override
synth_01696,2026-03-26T23:00:00,bill_payment,157.12,38.6,1,23,6,0,recurring_suppressed
synth_01697,2026-03-26T00:00:00,bill_payment,60.76,69.3,0,0,3,0,low_amount
synth_01698,2026-03-26T19:00:00,bill_payment,188.3,161.0,1,19,3,0,recurring_suppressed
synth_01699,2026-03-26T01:00:00,reminder,0.0,23.3,0,1,1,0,non_financial_low_risk
synth_01700,2026-03-27T11:00:00,bill_payment,129.38,17.5,0,11,0,0,low_amount
synth_01701,2026-03-27T08:00:00,paperwork,0.0,19.7,0,8,6,0,non_financial_low_risk
synth_01702,2026-03-27T01:00:00,bill_payment,819.09,73.3,0,1,6,1,high_amount
synth_01703,2026-03-27T14:00:00,bill_payment,542.83,93.9,0,14,3,0,low_amount
synth_01704,2026-03-27T05:00:00,appointment,0.0,35.1,0,5,3,0,non_financial_low_risk
synth_01705,2026-03-27T00:00:00,reminder,0.0,13.1,0,0,2,0,non_financial_low_risk
synth_01706,2026-03-27T07:00:00,reminder,0.0,4.3,0,7,6,0,non_financial_low_risk
synth_01707,2026-03-27T20:00:00,bill_payment,88.47,21.5,0,20,6,0,low_amount
synth_01708,2026-03-27T14:00:00,bill_payment,50.69,86.8,0,14,3,1,low_amount
synth_01709,2026-03-27T13:00:00,bill_payment,38.0,48.7,0,13,0,0,low_amount
synth_01710,2026-03-27T08:00:00,bill_payment,788.7,147.1,0,8,6,0,low_amount
synth_01711,2026-03-27T20:00:00,bill_payment,146.59,9.2,0,20,0,0,low_amount
synth_01712,2026-03-27T16:00:00,appointment,0.0,9.8,0,16,6,0,non_financial_low_risk
synth_01713,2026-03-27T08:00:00,bill_payment,169.11,145.5,0,8,0,0,low_amount
synth_01714,2026-03-27T22:00:00,reminder,0.0,20.9,0,22,0,0,non_financial_low_risk
synth_01715,2026-03-27T10:00:00,bill_payment,35.39,34.3,1,10,4,0,recurring_suppressed
synth_01716,2026-03-27T20:00:00,paperwork,0.0,25.8,0,20,3,0,non_financial_low_risk
synth_01717,2026-03-27T20:00:00,bill_payment,31.65,19.6,0,20,2,0,low_amount
synth_01718,2026-03-27T05:00:00,reminder,0.0,46.7,0,5,2,1,non_financial_low_risk
synth_01719,2026-03-27T00:00:00,reminder,0.0,116.6,0,0,0,0,non_financial_low_risk
synth_01720,2026-03-28T23:00:00,paperwork,0.0,34.3,0,23,4,0,non_financial_low_risk
synth_01721,2026-03-28T12:00:00,paperwork,0.0,135.0,0,12,6,0,non_financial_low_risk
synth_01722,2026-03-28T20:00:00,appointment,0.0,7.8,0,20,0,0,non_financial_low_risk
synth_01723,2026-03-28T18:00:00,reminder,0.0,233.7,0,18,4,0,non_financial_low_risk
synth_01724,2026-03-28T17:00:00,appointment,0.0,63.6,0,17,5,0,non_financial_low_risk
synth_01725,2026-03-28T19:00:00,reminder,0.0,76.8,0,19,3,0,non_financial_low_risk
synth_01726,2026-03-28T06:00:00,appointment,0.0,18.3,0,6,6,0,non_financial_low_risk
synth_01727,2026-03-28T11:00:00,reminder,0.0,19.1,0,11,1,0,non_financial_low_risk
synth_01728,2026-03-28T07:00:00,paperwork,0.0,5.9,0,7,3,0,non_financial_low_risk
synth_01729,2026-03-28T11:00:00,reminder,0.0,21.6,0,11,4,0,non_financial_low_risk
synth_01730,2026-03-28T19:00:00,reminder,0.0,50.9,0,19,1,0,non_financial_low_risk
synth_01731,2026-03-28T13:00:00,bill_payment,315.9,6.4,0,13,5,0,low_amount
synth_01732,2026-03-28T13:00:00,bill_payment,78.7,18.1,1,13,4,0,recurring_suppressed
synth_01733,2026-03-28T06:00:00,appointment,0.0,48.1,0,6,1,0,non_financial_low_risk
synth_01734,2026-03-28T23:00:00,bill_payment,56.18,38.8,0,23,0,0,low_amount
synth_01735,2026-03-28T16:00:00,bill_payment,97.76,220.7,1,16,3,0,recurring_suppressed
synth_01736,2026-03-28T10:00:00,bill_payment,97.9,59.7,1,10,4,0,recurring_suppressed
synth_01737,2026-03-28T13:00:00,bill_payment,233.38,121.7,0,13,5,0,low_amount
synth_01738,2026-03-28T15:00:00,paperwork,0.0,16.4,0,15,5,0,non_financial_low_risk
synth_01739,2026-03-28T12:00:00,bill_payment,931.43,22.2,0,12,2,1,high_amount
synth_01740,2026-03-29T03:00:00,appointment,0.0,42.6,0,3,1,0,non_financial_low_risk
synth_01741,2026-03-29T13:00:00,bill_payment,482.23,41.6,0,13,2,0,low_amount
synth_01742,2026-03-29T23:00:00,bill_payment,73.09,80.7,0,23,1,0,low_amount
synth_01743,2026-03-29T09:00:00,bill_payment,421.89,20.5,1,9,2,0,recurring_suppressed
synth_01744,2026-03-29T08:00:00,bill_payment,46.87,5.4,1,8,1,1,deadline_override
synth_01745,2026-03-29T05:00:00,appointment,0.0,34.1,0,5,0,0,non_financial_low_risk
synth_01746,2026-03-29T00:00:00,bill_payment,731.67,10.4,0,0,2,0,low_amount
synth_01747,2026-03-29T23:00:00,reminder,0.0,40.6,0,23,3,0,non_financial_low_risk
synth_01748,2026-03-29T03:00:00,paperwork,0.0,16.8,0,3,5,0,non_financial_low_risk
synth_01749,2026-03-29T13:00:00,paperwork,0.0,28.2,0,13,3,0,non_financial_low_risk
synth_01750,2026-03-29T23:00:00,reminder,0.0,238.7,0,23,5,0,non_financial_low_risk
synth_01751,2026-03-29T20:00:00,bill_payment,280.8,34.0,1,20,5,0,recurring_suppressed
synth_01752,2026-03-29T10:00:00,paperwork,0.0,58.9,0,10,0,0,non_financial_low_risk
synth_01753,2026-03-29T10:00:00,reminder,0.0,75.9,0,10,1,0,non_financial_low_risk
synth_01754,2026-03-29T01:00:00,appointment,0.0,100.8,0,1,5,0,non_financial_low_risk
synth_01755,2026-03-29T15:00:00,bill_payment,530.64,11.9,1,15,1,0,recurring_suppressed
synth_01756,2026-03-29T16:00:00,bill_payment,147.36,48.3,1,16,6,0,recurring_suppressed
synth_01757,2026-03-29T01:00:00,bill_payment,116.35,45.3,0,1,3,0,low_amount
synth_01758,2026-03-29T07:00:00,appointment,0.0,47.9,0,7,5,0,non_financial_low_risk
synth_01759,2026-03-29T09:00:00,appointment,0.0,148.1,0,9,6,0,non_financial_low_risk
synth_01760,2026-03-30T15:00:00,bill_payment,129.19,23.9,0,15,2,0,low_amount
synth_01761,2026-03-30T10:00:00,bill_payment,55.92,5.9,0,10,5,1,deadline_override
synth_01762,2026-03-30T15:00:00,appointment,0.0,58.6,0,15,6,0,non_financial_low_risk
synth_01763,2026-03-30T07:00:00,appointment,0.0,25.5,0,7,0,0,non_financial_low_risk
synth_01764,2026-03-30T13:00:00,appointment,0.0,105.9,0,13,0,0,non_financial_low_risk
synth_01765,2026-03-30T08:00:00,bill_payment,260.05,79.5,0,8,0,0,low_amount
synth_01766,2026-03-30T01:00:00,paperwork,0.0,19.9,0,1,2,0,non_financial_low_risk
synth_01767,2026-03-30T19:00:00,bill_payment,683.82,72.6,1,19,4,0,recurring_suppressed
synth_01768,2026-03-30T23:00:00,appointment,0.0,1.0,0,23,0,1,non_financial_but_imminent
synth_01769,2026-03-30T11:00:00,bill_payment,457.72,51.1,0,11,4,0,low_amount
synth_01770,2026-03-30T11:00:00,bill_payment,239.9,12.5,0,11,2,0,low_amount
synth_01771,2026-03-30T00:00:00,appointment,0.0,13.7,0,0,0,0,non_financial_low_risk
synth_01772,2026-03-30T16:00:00,paperwork,0.0,35.9,0,16,3,0,non_financial_low_risk
synth_01773,2026-03-30T12:00:00,bill_payment,328.94,1.6,0,12,5,1,deadline_override
synth_01774,2026-03-30T02:00:00,paperwork,0.0,100.4,0,2,0,0,non_financial_low_risk
synth_01775,2026-03-30T13:00:00,paperwork,0.0,69.0,0,13,0,1,non_financial_low_risk
synth_01776,2026-03-30T04:00:00,paperwork,0.0,44.6,0,4,0,0,non_financial_low_risk
synth_01777,2026-03-30T19:00:00,paperwork,0.0,10.4,0,19,6,0,non_financial_low_risk
synth_01778,2026-03-30T08:00:00,bill_payment,152.0,15.4,1,8,5,0,recurring_suppressed
synth_01779,2026-03-30T09:00:00,bill_payment,125.09,25.0,1,9,5,0,recurring_suppressed
synth_01780,2026-03-31T17:00:00,bill_payment,24.26,24.0,0,17,5,0,low_amount
synth_01781,2026-03-31T18:00:00,bill_payment,657.18,12.7,0,18,0,0,low_amount
synth_01782,2026-03-31T07:00:00,bill_payment,59.2,96.1,0,7,0,0,low_amount
synth_01783,2026-03-31T23:00:00,appointment,0.0,30.8,0,23,6,0,non_financial_low_risk
synth_01784,2026-03-31T04:00:00,bill_payment,291.39,17.9,0,4,0,0,low_amount
synth_01785,2026-03-31T00:00:00,appointment,0.0,25.0,0,0,2,0,non_financial_low_risk
synth_01786,2026-03-31T17:00:00,paperwork,0.0,76.0,0,17,3,0,non_financial_low_risk
synth_01787,2026-03-31T22:00:00,appointment,0.0,18.6,0,22,3,0,non_financial_low_risk
synth_01788,2026-03-31T02:00:00,reminder,0.0,236.5,0,2,0,0,non_financial_low_risk
synth_01789,2026-03-31T03:00:00,bill_payment,154.91,10.6,0,3,0,0,low_amount
synth_01790,2026-03-31T16:00:00,appointment,0.0,47.2,0,16,3,0,non_financial_low_risk
synth_01791,2026-03-31T00:00:00,reminder,0.0,26.0,0,0,2,0,non_financial_low_risk
synth_01792,2026-03-31T21:00:00,reminder,0.0,61.1,0,21,2,0,non_financial_low_risk
synth_01793,2026-03-31T20:00:00,appointment,0.0,22.3,0,20,1,0,non_financial_low_risk
synth_01794,2026-03-31T19:00:00,appointment,0.0,11.0,0,19,5,0,non_financial_low_risk
synth_01795,2026-03-31T06:00:00,appointment,0.0,30.7,0,6,2,0,non_financial_low_risk
synth_01796,2026-03-31T04:00:00,paperwork,0.0,91.8,0,4,1,0,non_financial_low_risk
synth_01797,2026-03-31T13:00:00,paperwork,0.0,0.5,0,13,1,1,non_financial_but_imminent
synth_01798,2026-03-31T17:00:00,bill_payment,548.93,10.0,0,17,3,0,low_amount
synth_01799,2026-03-31T07:00:00,bill_payment,138.37,20.7,0,7,2,0,low_amount
synth_01800,2026-04-01T13:00:00,reminder,0.0,15.4,0,13,4,0,non_financial_low_risk
synth_01801,2026-04-01T03:00:00,bill_payment,204.75,10.9,0,3,5,0,low_amount
synth_01802,2026-04-01T12:00:00,bill_payment,170.3,35.5,0,12,2,0,low_amount
synth_01803,2026-04-01T23:00:00,reminder,0.0,44.6,0,23,6,0,non_financial_low_risk
synth_01804,2026-04-01T00:00:00,reminder,0.0,11.3,0,0,6,0,non_financial_low_risk
synth_01805,2026-04-01T00:00:00,bill_payment,1218.06,7.4,0,0,2,1,high_amount
synth_01806,2026-04-01T14:00:00,reminder,0.0,7.1,0,14,3,0,non_financial_low_risk
synth_01807,2026-04-01T12:00:00,bill_payment,148.53,39.4,0,12,5,0,low_amount
synth_01808,2026-04-01T05:00:00,bill_payment,162.13,103.1,0,5,5,0,low_amount
synth_01809,2026-04-01T17:00:00,paperwork,0.0,87.9,0,17,3,0,non_financial_low_risk
synth_01810,2026-04-01T17:00:00,paperwork,0.0,55.5,0,17,3,0,non_financial_low_risk
synth_01811,2026-04-01T06:00:00,bill_payment,324.15,26.5,0,6,3,0,low_amount
synth_01812,2026-04-01T06:00:00,reminder,0.0,258.7,0,6,3,0,non_financial_low_risk
synth_01813,2026-04-01T16:00:00,bill_payment,189.08,116.1,0,16,0,0,low_amount
synth_01814,2026-04-01T08:00:00,bill_payment,65.71,2.2,0,8,2,1,deadline_override
synth_01815,2026-04-01T22:00:00,reminder,0.0,83.2,0,22,3,0,non_financial_low_risk
synth_01816,2026-04-01T15:00:00,appointment,0.0,32.3,0,15,5,0,non_financial_low_risk
synth_01817,2026-04-01T01:00:00,paperwork,0.0,79.1,0,1,2,1,non_financial_low_risk
synth_01818,2026-04-01T23:00:00,reminder,0.0,8.0,0,23,1,0,non_financial_low_risk
synth_01819,2026-04-01T01:00:00,bill_payment,55.46,2.8,0,1,2,1,deadline_override
synth_01820,2026-04-02T06:00:00,appointment,0.0,196.7,0,6,5,0,non_financial_low_risk
synth_01821,2026-04-02T11:00:00,bill_payment,45.09,113.4,0,11,4,1,low_amount
synth_01822,2026-04-02T21:00:00,appointment,0.0,25.8,0,21,5,0,non_financial_low_risk
synth_01823,2026-04-02T01:00:00,bill_payment,264.65,14.9,1,1,2,0,recurring_suppressed
synth_01824,2026-04-02T20:00:00,appointment,0.0,25.3,0,20,5,0,non_financial_low_risk
synth_01825,2026-04-02T17:00:00,reminder,0.0,17.9,0,17,2,0,non_financial_low_risk
synth_01826,2026-04-02T02:00:00,appointment,0.0,86.8,0,2,4,0,non_financial_low_risk
synth_01827,2026-04-02T20:00:00,bill_payment,389.52,4.3,0,20,0,1,deadline_override
synth_01828,2026-04-02T11:00:00,paperwork,0.0,11.8,0,11,3,0,non_financial_low_risk
synth_01829,2026-04-02T21:00:00,paperwork,0.0,13.6,0,21,5,0,non_financial_low_risk
synth_01830,2026-04-02T23:00:00,reminder,0.0,66.0,0,23,1,0,non_financial_low_risk
synth_01831,2026-04-02T06:00:00,bill_payment,85.01,40.0,0,6,2,0,low_amount
synth_01832,2026-04-02T18:00:00,bill_payment,41.28,14.7,0,18,2,0,low_amount
synth_01833,2026-04-02T20:00:00,appointment,0.0,28.7,0,20,5,0,non_financial_low_risk
synth_01834,2026-04-02T22:00:00,bill_payment,414.97,37.1,1,22,3,0,recurring_suppressed
synth_01835,2026-04-02T06:00:00,paperwork,0.0,76.4,0,6,2,0,non_financial_low_risk
synth_01836,2026-04-02T08:00:00,appointment,0.0,85.0,0,8,0,0,non_financial_low_risk
synth_01837,2026-04-02T20:00:00,bill_payment,72.29,122.4,0,20,1,0,low_amount
synth_01838,2026-04-02T18:00:00,appointment,0.0,18.7,0,18,3,0,non_financial_low_risk
synth_01839,2026-04-02T03:00:00,reminder,0.0,18.7,0,3,5,0,non_financial_low_risk
synth_01840,2026-04-03T15:00:00,reminder,0.0,8.3,0,15,2,0,non_financial_low_risk
synth_01841,2026-04-03T11:00:00,reminder,0.0,9.9,0,11,2,0,non_financial_low_risk
synth_01842,2026-04-03T14:00:00,appointment,0.0,66.9,0,14,6,0,non_financial_low_risk
synth_01843,2026-04-03T23:00:00,appointment,0.0,56.9,0,23,3,0,non_financial_low_risk
synth_01844,2026-04-03T01:00:00,bill_payment,426.79,31.6,0,1,1,0,low_amount
synth_01845,2026-04-03T13:00:00,reminder,0.0,33.9,0,13,3,0,non_financial_low_risk
synth_01846,2026-04-03T00:00:00,reminder,0.0,24.6,0,0,1,0,non_financial_low_risk
synth_01847,2026-04-03T22:00:00,reminder,0.0,104.5,0,22,4,0,non_financial_low_risk
synth_01848,2026-04-03T04:00:00,reminder,0.0,66.9,0,4,5,0,non_financial_low_risk
synth_01849,2026-04-03T09:00:00,reminder,0.0,168.8,0,9,6,0,non_financial_low_risk
synth_01850,2026-04-03T05:00:00,paperwork,0.0,29.5,0,5,3,1,non_financial_low_risk
synth_01851,2026-04-03T06:00:00,bill_payment,417.5,4.0,1,6,3,1,deadline_override
synth_01852,2026-04-03T11:00:00,bill_payment,1420.23,22.5,0,11,0,1,high_amount
synth_01853,2026-04-03T15:00:00,appointment,0.0,57.6,0,15,5,0,non_financial_low_risk
synth_01854,2026-04-03T03:00:00,appointment,0.0,13.3,0,3,3,0,non_financial_low_risk
synth_01855,2026-04-03T10:00:00,paperwork,0.0,6.9,0,10,2,0,non_financial_low_risk
synth_01856,2026-04-03T12:00:00,paperwork,0.0,26.5,0,12,4,0,non_financial_low_risk
synth_01857,2026-04-03T18:00:00,appointment,0.0,64.7,0,18,0,0,non_financial_low_risk
synth_01858,2026-04-03T11:00:00,appointment,0.0,70.1,0,11,2,0,non_financial_low_risk
synth_01859,2026-04-03T12:00:00,paperwork,0.0,45.3,0,12,0,0,non_financial_low_risk
synth_01860,2026-04-04T20:00:00,bill_payment,70.35,27.4,0,20,1,0,low_amount
synth_01861,2026-04-04T13:00:00,bill_payment,44.92,1.7,0,13,1,1,deadline_override
synth_01862,2026-04-04T14:00:00,appointment,0.0,86.3,0,14,6,0,non_financial_low_risk
synth_01863,2026-04-04T12:00:00,appointment,0.0,5.1,0,12,6,0,non_financial_low_risk
synth_01864,2026-04-04T20:00:00,bill_payment,35.84,55.6,1,20,5,0,recurring_suppressed
synth_01865,2026-04-04T08:00:00,paperwork,0.0,17.3,0,8,5,0,non_financial_low_risk
synth_01866,2026-04-04T14:00:00,appointment,0.0,77.8,0,14,4,0,non_financial_low_risk
synth_01867,2026-04-04T17:00:00,appointment,0.0,19.6,0,17,2,0,non_financial_low_risk
synth_01868,2026-04-04T00:00:00,bill_payment,81.77,98.0,1,0,2,0,recurring_suppressed
synth_01869,2026-04-04T16:00:00,paperwork,0.0,14.3,0,16,6,0,non_financial_low_risk
synth_01870,2026-04-04T14:00:00,reminder,0.0,27.4,0,14,2,1,non_financial_low_risk
synth_01871,2026-04-04T01:00:00,reminder,0.0,29.6,0,1,4,0,non_financial_low_risk
synth_01872,2026-04-04T05:00:00,bill_payment,95.99,82.1,0,5,2,0,low_amount
synth_01873,2026-04-04T01:00:00,bill_payment,59.79,43.5,0,1,4,0,low_amount
synth_01874,2026-04-04T14:00:00,bill_payment,476.21,27.1,1,14,5,0,recurring_suppressed
synth_01875,2026-04-04T23:00:00,reminder,0.0,112.3,0,23,6,0,non_financial_low_risk
synth_01876,2026-04-04T11:00:00,appointment,0.0,3.8,0,11,0,0,non_financial_low_risk
synth_01877,2026-04-04T03:00:00,reminder,0.0,48.7,0,3,3,0,non_financial_low_risk
synth_01878,2026-04-04T20:00:00,paperwork,0.0,19.8,0,20,5,0,non_financial_low_risk
synth_01879,2026-04-04T02:00:00,bill_payment,14.08,61.4,0,2,6,0,low_amount
synth_01880,2026-04-05T18:00:00,reminder,0.0,75.8,0,18,2,0,non_financial_low_risk
synth_01881,2026-04-05T07:00:00,appointment,0.0,37.2,0,7,5,0,non_financial_low_risk
synth_01882,2026-04-05T05:00:00,bill_payment,119.87,27.6,0,5,2,0,low_amount
synth_01883,2026-04-05T06:00:00,bill_payment,117.5,16.1,1,6,0,0,recurring_suppressed
synth_01884,2026-04-05T14:00:00,appointment,0.0,15.4,0,14,4,0,non_financial_low_risk
synth_01885,2026-04-05T07:00:00,appointment,0.0,4.9,0,7,0,0,non_financial_low_risk
synth_01886,2026-04-05T13:00:00,bill_payment,321.58,45.1,0,13,5,0,low_amount
synth_01887,2026-04-05T17:00:00,appointment,0.0,31.0,0,17,0,0,non_financial_low_risk
synth_01888,2026-04-05T17:00:00,bill_payment,304.23,92.5,0,17,5,0,low_amount
synth_01889,2026-04-05T15:00:00,bill_payment,86.5,40.7,1,15,4,0,recurring_suppressed
synth_01890,2026-04-05T14:00:00,bill_payment,401.38,17.4,0,14,5,0,low_amount
synth_01891,2026-04-05T00:00:00,bill_payment,227.37,39.9,0,0,6,0,low_amount
synth_01892,2026-04-05T07:00:00,appointment,0.0,32.4,0,7,3,0,non_financial_low_risk
synth_01893,2026-04-05T03:00:00,bill_payment,569.45,4.9,1,3,4,1,deadline_override
synth_01894,2026-04-05T23:00:00,reminder,0.0,69.9,0,23,3,0,non_financial_low_risk
synth_01895,2026-04-05T21:00:00,bill_payment,24.09,47.8,0,21,5,0,low_amount
synth_01896,2026-04-05T14:00:00,bill_payment,165.77,94.1,0,14,2,0,low_amount
synth_01897,2026-04-05T10:00:00,bill_payment,392.58,16.3,0,10,6,0,low_amount
synth_01898,2026-04-05T13:00:00,bill_payment,516.14,50.8,0,13,1,0,low_amount
synth_01899,2026-04-05T19:00:00,appointment,0.0,7.2,0,19,4,0,non_financial_low_risk
synth_01900,2026-04-06T00:00:00,appointment,0.0,63.2,0,0,2,0,non_financial_low_risk
synth_01901,2026-04-06T19:00:00,bill_payment,314.28,145.6,1,19,6,0,recurring_suppressed
synth_01902,2026-04-06T05:00:00,appointment,0.0,95.6,0,5,3,0,non_financial_low_risk
synth_01903,2026-04-06T22:00:00,reminder,0.0,9.2,0,22,1,0,non_financial_low_risk
synth_01904,2026-04-06T19:00:00,bill_payment,379.43,29.7,1,19,3,0,recurring_suppressed
synth_01905,2026-04-06T16:00:00,paperwork,0.0,173.0,0,16,5,0,non_financial_low_risk
synth_01906,2026-04-06T05:00:00,appointment,0.0,19.3,0,5,1,0,non_financial_low_risk
synth_01907,2026-04-06T01:00:00,reminder,0.0,0.3,0,1,5,1,non_financial_but_imminent
synth_01908,2026-04-06T12:00:00,reminder,0.0,259.7,0,12,0,0,non_financial_low_risk
synth_01909,2026-04-06T17:00:00,reminder,0.0,103.1,0,17,0,0,non_financial_low_risk
synth_01910,2026-04-06T22:00:00,appointment,0.0,217.4,0,22,0,0,non_financial_low_risk
synth_01911,2026-04-06T12:00:00,paperwork,0.0,3.0,0,12,6,0,non_financial_low_risk
synth_01912,2026-04-06T22:00:00,paperwork,0.0,21.7,0,22,4,0,non_financial_low_risk
synth_01913,2026-04-06T18:00:00,bill_payment,271.81,90.1,0,18,6,0,low_amount
synth_01914,2026-04-06T21:00:00,paperwork,0.0,21.9,0,21,2,0,non_financial_low_risk
synth_01915,2026-04-06T14:00:00,bill_payment,141.93,19.2,0,14,5,0,low_amount
synth_01916,2026-04-06T22:00:00,bill_payment,78.05,28.2,0,22,2,0,low_amount
synth_01917,2026-04-06T04:00:00,appointment,0.0,68.8,0,4,4,0,non_financial_low_risk
synth_01918,2026-04-06T05:00:00,bill_payment,101.25,16.5,0,5,4,0,low_amount
synth_01919,2026-04-06T09:00:00,appointment,0.0,27.8,0,9,1,0,non_financial_low_risk
synth_01920,2026-04-07T09:00:00,appointment,0.0,7.6,0,9,6,0,non_financial_low_risk
synth_01921,2026-04-07T06:00:00,appointment,0.0,1.4,0,6,4,1,non_financial_but_imminent
synth_01922,2026-04-07T23:00:00,appointment,0.0,14.4,0,23,4,0,non_financial_low_risk
synth_01923,2026-04-07T19:00:00,reminder,0.0,25.0,0,19,1,0,non_financial_low_risk
synth_01924,2026-04-07T16:00:00,appointment,0.0,42.5,0,16,2,0,non_financial_low_risk
synth_01925,2026-04-07T21:00:00,bill_payment,573.01,31.8,0,21,0,0,low_amount
synth_01926,2026-04-07T20:00:00,bill_payment,72.18,72.2,0,20,1,0,low_amount
synth_01927,2026-04-07T00:00:00,appointment,0.0,117.0,0,0,6,0,non_financial_low_risk
synth_01928,2026-04-07T07:00:00,paperwork,0.0,74.4,0,7,5,0,non_financial_low_risk
synth_01929,2026-04-07T03:00:00,appointment,0.0,24.4,0,3,2,0,non_financial_low_risk
synth_01930,2026-04-07T16:00:00,bill_payment,160.35,76.8,0,16,1,0,low_amount
synth_01931,2026-04-07T20:00:00,paperwork,0.0,9.7,0,20,6,0,non_financial_low_risk
synth_01932,2026-04-07T01:00:00,appointment,0.0,29.2,0,1,4,0,non_financial_low_risk
synth_01933,2026-04-07T04:00:00,bill_payment,829.16,119.7,0,4,4,1,high_amount
synth_01934,2026-04-07T01:00:00,bill_payment,19.54,31.1,1,1,2,0,recurring_suppressed
synth_01935,2026-04-07T18:00:00,bill_payment,137.91,31.0,1,18,1,0,recurring_suppressed
synth_01936,2026-04-07T14:00:00,bill_payment,29.29,113.0,0,14,6,0,low_amount
synth_01937,2026-04-07T14:00:00,appointment,0.0,48.4,0,14,0,0,non_financial_low_risk
synth_01938,2026-04-07T09:00:00,bill_payment,45.93,19.1,0,9,5,0,low_amount
synth_01939,2026-04-07T08:00:00,reminder,0.0,13.7,0,8,5,0,non_financial_low_risk
synth_01940,2026-04-08T15:00:00,bill_payment,766.14,18.5,0,15,3,0,low_amount
synth_01941,2026-04-08T20:00:00,bill_payment,123.41,124.5,0,20,5,0,low_amount
synth_01942,2026-04-08T10:00:00,bill_payment,1364.39,11.5,0,10,6,1,high_amount
synth_01943,2026-04-08T05:00:00,bill_payment,56.47,40.6,1,5,1,0,recurring_suppressed
synth_01944,2026-04-08T19:00:00,paperwork,0.0,91.8,0,19,5,0,non_financial_low_risk
synth_01945,2026-04-08T20:00:00,reminder,0.0,190.6,0,20,4,0,non_financial_low_risk
synth_01946,2026-04-08T08:00:00,paperwork,0.0,15.1,0,8,3,0,non_financial_low_risk
synth_01947,2026-04-08T09:00:00,paperwork,0.0,22.2,0,9,2,0,non_financial_low_risk
synth_01948,2026-04-08T09:00:00,paperwork,0.0,18.2,0,9,3,0,non_financial_low_risk
synth_01949,2026-04-08T12:00:00,paperwork,0.0,0.3,0,12,0,1,non_financial_but_imminent
synth_01950,2026-04-08T11:00:00,bill_payment,241.59,60.5,1,11,0,0,recurring_suppressed
synth_01951,2026-04-08T17:00:00,paperwork,0.0,18.9,0,17,5,0,non_financial_low_risk
synth_01952,2026-04-08T10:00:00,bill_payment,154.27,5.4,1,10,5,1,deadline_override
synth_01953,2026-04-08T01:00:00,paperwork,0.0,30.5,0,1,6,0,non_financial_low_risk
synth_01954,2026-04-08T15:00:00,appointment,0.0,115.0,0,15,1,0,non_financial_low_risk
synth_01955,2026-04-08T03:00:00,appointment,0.0,22.6,0,3,0,0,non_financial_low_risk
synth_01956,2026-04-08T23:00:00,bill_payment,10,5.6,1,23,0,1,deadline_override
synth_01957,2026-04-08T04:00:00,paperwork,0.0,25.6,0,4,6,0,non_financial_low_risk
synth_01958,2026-04-08T21:00:00,bill_payment,79.78,13.5,0,21,2,0,low_amount
synth_01959,2026-04-08T04:00:00,paperwork,0.0,56.2,0,4,6,0,non_financial_low_risk
synth_01960,2026-04-09T23:00:00,reminder,0.0,57.7,0,23,2,0,non_financial_low_risk
synth_01961,2026-04-09T07:00:00,bill_payment,1137.1,11.6,0,7,3,1,high_amount
synth_01962,2026-04-09T04:00:00,bill_payment,493.06,44.4,0,4,0,0,low_amount
synth_01963,2026-04-09T16:00:00,bill_payment,648.59,40.0,0,16,6,0,low_amount
synth_01964,2026-04-09T18:00:00,paperwork,0.0,32.5,0,18,2,0,non_financial_low_risk
synth_01965,2026-04-09T17:00:00,paperwork,0.0,40.0,0,17,6,0,non_financial_low_risk
synth_01966,2026-04-09T20:00:00,bill_payment,176.19,41.0,0,20,1,0,low_amount
synth_01967,2026-04-09T08:00:00,paperwork,0.0,27.1,0,8,3,0,non_financial_low_risk
synth_01968,2026-04-09T20:00:00,reminder,0.0,64.5,0,20,2,0,non_financial_low_risk
synth_01969,2026-04-09T16:00:00,appointment,0.0,19.9,0,16,6,0,non_financial_low_risk
synth_01970,2026-04-09T00:00:00,paperwork,0.0,27.2,0,0,3,0,non_financial_low_risk
synth_01971,2026-04-09T21:00:00,bill_payment,60.03,14.4,1,21,6,0,recurring_suppressed
synth_01972,2026-04-09T18:00:00,appointment,0.0,52.6,0,18,2,0,non_financial_low_risk
synth_01973,2026-04-09T06:00:00,paperwork,0.0,41.3,0,6,6,0,non_financial_low_risk
synth_01974,2026-04-09T04:00:00,bill_payment,29.54,138.8,1,4,4,0,recurring_suppressed
synth_01975,2026-04-09T07:00:00,bill_payment,215.7,8.6,0,7,1,0,low_amount
synth_01976,2026-04-09T06:00:00,bill_payment,345.34,2.4,0,6,1,1,deadline_override
synth_01977,2026-04-09T05:00:00,appointment,0.0,6.4,0,5,4,0,non_financial_low_risk
synth_01978,2026-04-09T06:00:00,paperwork,0.0,6.2,0,6,0,0,non_financial_low_risk
synth_01979,2026-04-09T10:00:00,paperwork,0.0,21.3,0,10,3,0,non_financial_low_risk
synth_01980,2026-04-10T11:00:00,reminder,0.0,77.2,0,11,3,0,non_financial_low_risk
synth_01981,2026-04-10T03:00:00,bill_payment,136.75,78.1,0,3,2,0,low_amount
synth_01982,2026-04-10T12:00:00,bill_payment,215.34,58.0,0,12,3,1,low_amount
synth_01983,2026-04-10T10:00:00,reminder,0.0,62.8,0,10,0,0,non_financial_low_risk
synth_01984,2026-04-10T01:00:00,bill_payment,170.67,8.1,0,1,0,0,low_amount
synth_01985,2026-04-10T13:00:00,bill_payment,281.54,46.1,0,13,1,0,low_amount
synth_01986,2026-04-10T21:00:00,appointment,0.0,7.9,0,21,1,0,non_financial_low_risk
synth_01987,2026-04-10T00:00:00,reminder,0.0,74.1,0,0,3,0,non_financial_low_risk
synth_01988,2026-04-10T00:00:00,bill_payment,32.81,46.7,1,0,2,1,recurring_suppressed
synth_01989,2026-04-10T04:00:00,appointment,0.0,63.7,0,4,3,1,non_financial_low_risk
synth_01990,2026-04-10T07:00:00,bill_payment,219.54,8.3,1,7,0,0,recurring_suppressed
synth_01991,2026-04-10T14:00:00,bill_payment,774.01,25.7,0,14,1,0,low_amount
synth_01992,2026-04-10T15:00:00,paperwork,0.0,0.0,0,15,3,1,non_financial_but_imminent
synth_01993,2026-04-10T03:00:00,bill_payment,71.77,150.9,0,3,3,0,low_amount
synth_01994,2026-04-10T04:00:00,paperwork,0.0,40.6,0,4,1,0,non_financial_low_risk
synth_01995,2026-04-10T21:00:00,paperwork,0.0,7.4,0,21,0,0,non_financial_low_risk
synth_01996,2026-04-10T19:00:00,paperwork,0.0,15.9,0,19,0,0,non_financial_low_risk
synth_01997,2026-04-10T18:00:00,bill_payment,276.19,59.5,0,18,4,0,low_amount
synth_01998,2026-04-10T04:00:00,reminder,0.0,14.9,0,4,2,0,non_financial_low_risk
synth_01999,2026-04-10T01:00:00,appointment,0.0,41.6,0,1,5,0,non_financial_low_risk
synth_02000,2026-04-11T05:00:00,bill_payment,73.71,1.7,0,5,3,1,deadline_override
synth_02001,2026-04-11T11:00:00,appointment,0.0,31.7,0,11,1,0,non_financial_low_risk
synth_02002,2026-04-11T14:00:00,paperwork,0.0,41.3,0,14,1,0,non_financial_low_risk
synth_02003,2026-04-11T10:00:00,bill_payment,95.11,51.1,0,10,2,0,low_amount
synth_02004,2026-04-11T03:00:00,bill_payment,14.24,71.0,0,3,5,0,low_amount
synth_02005,2026-04-11T11:00:00,paperwork,0.0,14.6,0,11,3,0,non_financial_low_risk
synth_02006,2026-04-11T07:00:00,reminder,0.0,6.5,0,7,3,0,non_financial_low_risk
synth_02007,2026-04-11T17:00:00,bill_payment,234.96,20.5,0,17,0,0,low_amount
synth_02008,2026-04-11T16:00:00,reminder,0.0,9.7,0,16,1,0,non_financial_low_risk
synth_02009,2026-04-11T06:00:00,appointment,0.0,71.8,0,6,5,0,non_financial_low_risk
synth_02010,2026-04-11T18:00:00,appointment,0.0,72.7,0,18,6,0,non_financial_low_risk
synth_02011,2026-04-11T05:00:00,bill_payment,170.01,56.8,0,5,2,0,low_amount
synth_02012,2026-04-11T19:00:00,appointment,0.0,48.4,0,19,1,0,non_financial_low_risk
synth_02013,2026-04-11T19:00:00,paperwork,0.0,7.9,0,19,3,0,non_financial_low_risk
synth_02014,2026-04-11T08:00:00,bill_payment,138.39,133.6,1,8,5,0,recurring_suppressed
synth_02015,2026-04-11T13:00:00,bill_payment,1168.53,153.6,1,13,1,0,recurring_suppressed
synth_02016,2026-04-11T07:00:00,paperwork,0.0,69.4,0,7,3,0,non_financial_low_risk
synth_02017,2026-04-11T06:00:00,appointment,0.0,23.8,0,6,1,0,non_financial_low_risk
synth_02018,2026-04-11T23:00:00,bill_payment,496.75,107.1,1,23,4,0,recurring_suppressed
synth_02019,2026-04-11T03:00:00,bill_payment,107.13,68.6,1,3,4,0,recurring_suppressed
synth_02020,2026-04-12T03:00:00,bill_payment,234.78,51.8,1,3,4,0,recurring_suppressed
synth_02021,2026-04-12T23:00:00,appointment,0.0,3.5,0,23,2,0,non_financial_low_risk
synth_02022,2026-04-12T08:00:00,reminder,0.0,2.0,0,8,0,0,non_financial_low_risk
synth_02023,2026-04-12T09:00:00,bill_payment,17.19,96.3,0,9,1,0,low_amount
synth_02024,2026-04-12T22:00:00,bill_payment,367.99,91.1,0,22,3,0,low_amount
synth_02025,2026-04-12T08:00:00,appointment,0.0,96.2,0,8,6,0,non_financial_low_risk
synth_02026,2026-04-12T11:00:00,bill_payment,57.28,26.1,0,11,0,1,low_amount
synth_02027,2026-04-12T18:00:00,paperwork,0.0,31.9,0,18,3,0,non_financial_low_risk
synth_02028,2026-04-12T19:00:00,bill_payment,493.82,44.8,0,19,4,0,low_amount
synth_02029,2026-04-12T03:00:00,appointment,0.0,2.1,0,3,4,0,non_financial_low_risk
synth_02030,2026-04-12T03:00:00,appointment,0.0,5.0,0,3,0,0,non_financial_low_risk
synth_02031,2026-04-12T22:00:00,bill_payment,249.67,44.4,0,22,5,1,low_amount
synth_02032,2026-04-12T14:00:00,appointment,0.0,27.9,0,14,4,0,non_financial_low_risk
synth_02033,2026-04-12T00:00:00,bill_payment,55.62,65.5,0,0,1,0,low_amount
synth_02034,2026-04-12T11:00:00,bill_payment,2619.55,14.0,0,11,2,1,high_amount
synth_02035,2026-04-12T08:00:00,bill_payment,133.35,29.4,0,8,6,0,low_amount
synth_02036,2026-04-12T11:00:00,bill_payment,458.89,18.6,0,11,6,0,low_amount
synth_02037,2026-04-12T10:00:00,paperwork,0.0,93.2,0,10,2,0,non_financial_low_risk
synth_02038,2026-04-12T07:00:00,paperwork,0.0,86.8,0,7,2,0,non_financial_low_risk
synth_02039,2026-04-12T05:00:00,bill_payment,474.2,18.0,0,5,6,0,low_amount
synth_02040,2026-04-13T05:00:00,bill_payment,271.15,78.7,0,5,1,0,low_amount
synth_02041,2026-04-13T17:00:00,bill_payment,807.64,57.8,0,17,4,1,high_amount
synth_02042,2026-04-13T02:00:00,appointment,0.0,3.8,0,2,0,0,non_financial_low_risk
synth_02043,2026-04-13T08:00:00,reminder,0.0,52.2,0,8,1,0,non_financial_low_risk
synth_02044,2026-04-13T12:00:00,appointment,0.0,24.3,0,12,0,0,non_financial_low_risk
synth_02045,2026-04-13T09:00:00,paperwork,0.0,100.4,0,9,4,0,non_financial_low_risk
synth_02046,2026-04-13T15:00:00,bill_payment,21.82,52.9,1,15,1,0,recurring_suppressed
synth_02047,2026-04-13T07:00:00,reminder,0.0,13.5,0,7,3,0,non_financial_low_risk
synth_02048,2026-04-13T13:00:00,bill_payment,441.07,38.5,0,13,1,0,low_amount
synth_02049,2026-04-13T12:00:00,appointment,0.0,47.4,0,12,5,0,non_financial_low_risk
synth_02050,2026-04-13T08:00:00,paperwork,0.0,21.7,0,8,3,0,non_financial_low_risk
synth_02051,2026-04-13T10:00:00,reminder,0.0,132.6,0,10,4,0,non_financial_low_risk
synth_02052,2026-04-13T22:00:00,reminder,0.0,6.9,0,22,1,0,non_financial_low_risk
synth_02053,2026-04-13T16:00:00,appointment,0.0,4.9,0,16,5,0,non_financial_low_risk
synth_02054,2026-04-13T20:00:00,bill_payment,641.95,61.1,0,20,4,0,low_amount
synth_02055,2026-04-13T18:00:00,bill_payment,10.31,29.6,0,18,3,0,low_amount
synth_02056,2026-04-13T14:00:00,reminder,0.0,1.1,0,14,4,1,non_financial_but_imminent
synth_02057,2026-04-13T22:00:00,reminder,0.0,31.1,0,22,1,0,non_financial_low_risk
synth_02058,2026-04-13T00:00:00,bill_payment,485.61,13.9,0,0,5,0,low_amount
synth_02059,2026-04-13T09:00:00,bill_payment,263.92,24.2,0,9,4,0,low_amount
synth_02060,2026-04-14T17:00:00,bill_payment,12.14,34.0,0,17,5,0,low_amount
synth_02061,2026-04-14T01:00:00,reminder,0.0,169.8,0,1,5,0,non_financial_low_risk
synth_02062,2026-04-14T02:00:00,appointment,0.0,71.5,0,2,4,0,non_financial_low_risk
synth_02063,2026-04-14T05:00:00,bill_payment,67.1,187.3,0,5,6,0,low_amount
synth_02064,2026-04-14T03:00:00,appointment,0.0,32.8,0,3,2,0,non_financial_low_risk
synth_02065,2026-04-14T21:00:00,reminder,0.0,41.0,0,21,3,0,non_financial_low_risk
synth_02066,2026-04-14T05:00:00,bill_payment,108.18,9.7,0,5,5,0,low_amount
synth_02067,2026-04-14T20:00:00,bill_payment,52.23,10.7,0,20,5,0,low_amount
synth_02068,2026-04-14T08:00:00,appointment,0.0,4.7,0,8,0,0,non_financial_low_risk
synth_02069,2026-04-14T16:00:00,bill_payment,208.46,4.8,1,16,0,0,deadline_override
synth_02070,2026-04-14T19:00:00,bill_payment,347.31,149.6,1,19,3,0,recurring_suppressed
synth_02071,2026-04-14T18:00:00,bill_payment,15.13,117.0,0,18,1,0,low_amount
synth_02072,2026-04-14T05:00:00,paperwork,0.0,101.6,0,5,4,0,non_financial_low_risk
synth_02073,2026-04-14T01:00:00,paperwork,0.0,1.5,0,1,4,1,non_financial_but_imminent
synth_02074,2026-04-14T09:00:00,paperwork,0.0,6.2,0,9,2,0,non_financial_low_risk
synth_02075,2026-04-14T05:00:00,appointment,0.0,42.8,0,5,0,0,non_financial_low_risk
synth_02076,2026-04-14T10:00:00,appointment,0.0,284.6,0,10,3,0,non_financial_low_risk
synth_02077,2026-04-14T14:00:00,appointment,0.0,23.6,0,14,0,0,non_financial_low_risk
synth_02078,2026-04-14T12:00:00,bill_payment,84.97,155.0,0,12,0,0,low_amount
synth_02079,2026-04-14T21:00:00,reminder,0.0,121.9,0,21,5,0,non_financial_low_risk
synth_02080,2026-04-15T02:00:00,appointment,0.0,90.4,0,2,5,0,non_financial_low_risk
synth_02081,2026-04-15T22:00:00,reminder,0.0,39.7,0,22,4,0,non_financial_low_risk
synth_02082,2026-04-15T09:00:00,paperwork,0.0,49.5,0,9,2,0,non_financial_low_risk
synth_02083,2026-04-15T20:00:00,paperwork,0.0,16.6,0,20,3,0,non_financial_low_risk
synth_02084,2026-04-15T12:00:00,bill_payment,143.26,18.6,0,12,2,0,low_amount
synth_02085,2026-04-15T21:00:00,paperwork,0.0,16.3,0,21,5,0,non_financial_low_risk
synth_02086,2026-04-15T02:00:00,paperwork,0.0,10.0,0,2,2,0,non_financial_low_risk
synth_02087,2026-04-15T05:00:00,paperwork,0.0,40.7,0,5,5,0,non_financial_low_risk
synth_02088,2026-04-15T21:00:00,bill_payment,106.16,37.0,0,21,6,0,low_amount
synth_02089,2026-04-15T16:00:00,appointment,0.0,90.8,0,16,2,0,non_financial_low_risk
synth_02090,2026-04-15T10:00:00,bill_payment,55.0,9.9,1,10,0,0,recurring_suppressed
synth_02091,2026-04-15T19:00:00,appointment,0.0,40.6,0,19,0,1,non_financial_low_risk
synth_02092,2026-04-15T12:00:00,bill_payment,100.67,23.7,1,12,0,0,recurring_suppressed
synth_02093,2026-04-15T08:00:00,appointment,0.0,46.7,0,8,3,0,non_financial_low_risk
synth_02094,2026-04-15T09:00:00,paperwork,0.0,111.5,0,9,1,0,non_financial_low_risk
synth_02095,2026-04-15T13:00:00,appointment,0.0,117.6,0,13,5,1,non_financial_low_risk
synth_02096,2026-04-15T06:00:00,paperwork,0.0,22.7,0,6,6,0,non_financial_low_risk
synth_02097,2026-04-15T05:00:00,bill_payment,15.56,3.5,1,5,6,1,deadline_override
synth_02098,2026-04-15T17:00:00,bill_payment,35.16,128.1,0,17,2,0,low_amount
synth_02099,2026-04-15T03:00:00,appointment,0.0,5.5,0,3,3,0,non_financial_low_risk
synth_02100,2026-04-16T17:00:00,reminder,0.0,144.0,0,17,6,0,non_financial_low_risk
synth_02101,2026-04-16T22:00:00,bill_payment,57.07,85.9,1,22,6,0,recurring_suppressed
synth_02102,2026-04-16T21:00:00,bill_payment,58.49,28.0,0,21,4,0,low_amount
synth_02103,2026-04-16T10:00:00,bill_payment,66.61,40.4,0,10,6,0,low_amount
synth_02104,2026-04-16T06:00:00,reminder,0.0,20.7,0,6,5,0,non_financial_low_risk
synth_02105,2026-04-16T10:00:00,bill_payment,816.85,12.2,0,10,5,1,high_amount
synth_02106,2026-04-16T05:00:00,bill_payment,72.48,44.2,1,5,1,0,recurring_suppressed
synth_02107,2026-04-16T10:00:00,bill_payment,153.65,61.2,0,10,2,1,low_amount
synth_02108,2026-04-16T00:00:00,reminder,0.0,55.3,0,0,3,1,non_financial_low_risk
synth_02109,2026-04-16T01:00:00,bill_payment,90.91,93.4,0,1,4,0,low_amount
synth_02110,2026-04-16T21:00:00,bill_payment,477.12,40.7,0,21,4,0,low_amount
synth_02111,2026-04-16T15:00:00,reminder,0.0,13.0,0,15,4,0,non_financial_low_risk
synth_02112,2026-04-16T15:00:00,reminder,0.0,48.6,0,15,1,0,non_financial_low_risk
synth_02113,2026-04-16T09:00:00,reminder,0.0,12.2,0,9,5,0,non_financial_low_risk
synth_02114,2026-04-16T08:00:00,reminder,0.0,23.6,0,8,1,0,non_financial_low_risk
synth_02115,2026-04-16T17:00:00,bill_payment,291.01,29.6,0,17,6,0,low_amount
synth_02116,2026-04-16T13:00:00,bill_payment,400.2,136.6,0,13,3,0,low_amount
synth_02117,2026-04-16T23:00:00,bill_payment,106.62,18.9,0,23,4,0,low_amount
synth_02118,2026-04-16T19:00:00,bill_payment,71.95,99.3,0,19,2,0,low_amount
synth_02119,2026-04-16T13:00:00,appointment,0.0,69.3,0,13,2,0,non_financial_low_risk
synth_02120,2026-04-17T19:00:00,bill_payment,223.76,85.9,0,19,3,0,low_amount
synth_02121,2026-04-17T05:00:00,bill_payment,166.61,23.3,0,5,3,1,low_amount
synth_02122,2026-04-17T04:00:00,bill_payment,173.06,197.4,0,4,5,0,low_amount
synth_02123,2026-04-17T13:00:00,paperwork,0.0,10.6,0,13,2,0,non_financial_low_risk
synth_02124,2026-04-17T15:00:00,reminder,0.0,6.7,0,15,2,0,non_financial_low_risk
synth_02125,2026-04-17T20:00:00,paperwork,0.0,36.3,0,20,0,0,non_financial_low_risk
synth_02126,2026-04-17T00:00:00,paperwork,0.0,4.3,0,0,6,0,non_financial_low_risk
synth_02127,2026-04-17T02:00:00,bill_payment,51.7,152.1,0,2,2,0,low_amount
synth_02128,2026-04-17T09:00:00,bill_payment,589.59,19.8,1,9,0,0,recurring_suppressed
synth_02129,2026-04-17T13:00:00,bill_payment,350.12,6.1,0,13,1,0,low_amount
synth_02130,2026-04-17T08:00:00,appointment,0.0,57.8,0,8,5,0,non_financial_low_risk
synth_02131,2026-04-17T11:00:00,bill_payment,134.55,70.0,0,11,3,0,low_amount
synth_02132,2026-04-17T11:00:00,bill_payment,1038.36,104.1,0,11,0,1,high_amount
synth_02133,2026-04-17T04:00:00,appointment,0.0,54.3,0,4,0,0,non_financial_low_risk
synth_02134,2026-04-17T20:00:00,paperwork,0.0,53.1,0,20,2,0,non_financial_low_risk
synth_02135,2026-04-17T11:00:00,paperwork,0.0,74.1,0,11,4,0,non_financial_low_risk
synth_02136,2026-04-17T18:00:00,appointment,0.0,46.7,0,18,3,0,non_financial_low_risk
synth_02137,2026-04-17T00:00:00,bill_payment,56.88,192.9,0,0,3,0,low_amount
synth_02138,2026-04-17T10:00:00,bill_payment,380.47,14.7,0,10,0,0,low_amount
synth_02139,2026-04-17T21:00:00,reminder,0.0,51.3,0,21,0,0,non_financial_low_risk
synth_02140,2026-04-18T22:00:00,bill_payment,93.21,30.5,0,22,5,0,low_amount
synth_02141,2026-04-18T22:00:00,bill_payment,88.61,242.9,0,22,2,0,low_amount
synth_02142,2026-04-18T14:00:00,bill_payment,84.99,15.9,1,14,5,0,recurring_suppressed
synth_02143,2026-04-18T16:00:00,appointment,0.0,18.4,0,16,0,1,non_financial_low_risk
synth_02144,2026-04-18T18:00:00,bill_payment,285.22,9.4,1,18,6,0,recurring_suppressed
synth_02145,2026-04-18T18:00:00,bill_payment,292.18,115.0,1,18,5,0,recurring_suppressed
synth_02146,2026-04-18T10:00:00,reminder,0.0,47.9,0,10,6,0,non_financial_low_risk
synth_02147,2026-04-18T04:00:00,appointment,0.0,2.8,0,4,1,0,non_financial_low_risk
synth_02148,2026-04-18T22:00:00,reminder,0.0,9.9,0,22,0,1,non_financial_low_risk
synth_02149,2026-04-18T01:00:00,paperwork,0.0,12.7,0,1,5,0,non_financial_low_risk
synth_02150,2026-04-18T19:00:00,bill_payment,164.95,10.5,0,19,5,0,low_amount
synth_02151,2026-04-18T00:00:00,bill_payment,1741.62,3.0,1,0,0,1,high_amount
synth_02152,2026-04-18T22:00:00,bill_payment,34.22,172.9,0,22,6,0,low_amount
synth_02153,2026-04-18T16:00:00,bill_payment,25.88,43.1,0,16,5,0,low_amount
synth_02154,2026-04-18T21:00:00,bill_payment,1501.82,36.3,0,21,2,1,high_amount
synth_02155,2026-04-18T13:00:00,bill_payment,28.94,111.8,1,13,0,0,recurring_suppressed
synth_02156,2026-04-18T23:00:00,reminder,0.0,28.3,0,23,5,0,non_financial_low_risk
synth_02157,2026-04-18T11:00:00,appointment,0.0,119.1,0,11,5,0,non_financial_low_risk
synth_02158,2026-04-18T08:00:00,appointment,0.0,3.3,0,8,5,0,non_financial_low_risk
synth_02159,2026-04-18T15:00:00,appointment,0.0,65.1,0,15,2,0,non_financial_low_risk
synth_02160,2026-04-19T23:00:00,paperwork,0.0,18.1,0,23,1,0,non_financial_low_risk
synth_02161,2026-04-19T12:00:00,bill_payment,273.2,101.8,0,12,3,0,low_amount
synth_02162,2026-04-19T23:00:00,appointment,0.0,8.0,0,23,6,0,non_financial_low_risk
synth_02163,2026-04-19T10:00:00,reminder,0.0,99.2,0,10,3,0,non_financial_low_risk
synth_02164,2026-04-19T00:00:00,appointment,0.0,24.5,0,0,3,0,non_financial_low_risk
synth_02165,2026-04-19T18:00:00,appointment,0.0,9.1,0,18,1,0,non_financial_low_risk
synth_02166,2026-04-19T05:00:00,bill_payment,138.14,10.6,0,5,2,0,low_amount
synth_02167,2026-04-19T06:00:00,reminder,0.0,15.6,0,6,3,0,non_financial_low_risk
synth_02168,2026-04-19T05:00:00,appointment,0.0,27.4,0,5,3,0,non_financial_low_risk
synth_02169,2026-04-19T15:00:00,bill_payment,78.47,16.4,1,15,6,0,recurring_suppressed
synth_02170,2026-04-19T20:00:00,appointment,0.0,150.9,0,20,1,0,non_financial_low_risk
synth_02171,2026-04-19T10:00:00,bill_payment,263.93,43.9,0,10,5,0,low_amount
synth_02172,2026-04-19T18:00:00,appointment,0.0,6.6,0,18,3,0,non_financial_low_risk
synth_02173,2026-04-19T10:00:00,bill_payment,121.74,19.0,1,10,5,0,recurring_suppressed
synth_02174,2026-04-19T17:00:00,reminder,0.0,74.2,0,17,2,0,non_financial_low_risk
synth_02175,2026-04-19T07:00:00,bill_payment,76.65,18.6,0,7,5,0,low_amount
synth_02176,2026-04-19T16:00:00,bill_payment,482.76,30.5,1,16,0,0,recurring_suppressed
synth_02177,2026-04-19T23:00:00,bill_payment,72.61,29.8,0,23,2,0,low_amount
synth_02178,2026-04-19T01:00:00,bill_payment,11.98,59.7,0,1,3,0,low_amount
synth_02179,2026-04-19T19:00:00,appointment,0.0,19.0,0,19,3,0,non_financial_low_risk
synth_02180,2026-04-20T15:00:00,paperwork,0.0,150.7,0,15,2,0,non_financial_low_risk
synth_02181,2026-04-20T20:00:00,appointment,0.0,83.4,0,20,1,0,non_financial_low_risk
synth_02182,2026-04-20T23:00:00,appointment,0.0,6.2,0,23,0,0,non_financial_low_risk
synth_02183,2026-04-20T00:00:00,bill_payment,325.69,75.1,0,0,2,0,low_amount
synth_02184,2026-04-20T04:00:00,bill_payment,254.02,30.0,0,4,3,0,low_amount
synth_02185,2026-04-20T10:00:00,appointment,0.0,43.2,0,10,0,0,non_financial_low_risk
synth_02186,2026-04-20T19:00:00,appointment,0.0,10.6,0,19,3,0,non_financial_low_risk
synth_02187,2026-04-20T00:00:00,appointment,0.0,18.7,0,0,0,0,non_financial_low_risk
synth_02188,2026-04-20T00:00:00,bill_payment,141.13,85.6,0,0,5,0,low_amount
synth_02189,2026-04-20T10:00:00,bill_payment,30.86,68.6,0,10,4,0,low_amount
synth_02190,2026-04-20T02:00:00,bill_payment,160.73,60.0,0,2,1,0,low_amount
synth_02191,2026-04-20T07:00:00,appointment,0.0,135.1,0,7,0,0,non_financial_low_risk
synth_02192,2026-04-20T13:00:00,reminder,0.0,19.8,0,13,2,0,non_financial_low_risk
synth_02193,2026-04-20T16:00:00,appointment,0.0,37.8,0,16,3,0,non_financial_low_risk
synth_02194,2026-04-20T08:00:00,bill_payment,435.14,5.9,0,8,1,1,deadline_override
synth_02195,2026-04-20T01:00:00,appointment,0.0,39.2,0,1,5,0,non_financial_low_risk
synth_02196,2026-04-20T10:00:00,bill_payment,81.83,98.1,0,10,3,0,low_amount
synth_02197,2026-04-20T09:00:00,appointment,0.0,0.9,0,9,3,0,non_financial_but_imminent
synth_02198,2026-04-20T02:00:00,paperwork,0.0,25.7,0,2,0,0,non_financial_low_risk
synth_02199,2026-04-20T11:00:00,bill_payment,54.39,20.6,1,11,4,0,recurring_suppressed
synth_02200,2026-04-21T09:00:00,bill_payment,46.12,118.4,0,9,2,0,low_amount
synth_02201,2026-04-21T06:00:00,appointment,0.0,8.4,0,6,6,0,non_financial_low_risk
synth_02202,2026-04-21T00:00:00,bill_payment,95.47,6.1,1,0,3,0,recurring_suppressed
synth_02203,2026-04-21T12:00:00,appointment,0.0,34.4,0,12,1,0,non_financial_low_risk
synth_02204,2026-04-21T18:00:00,bill_payment,1387.47,99.5,1,18,5,0,recurring_suppressed
synth_02205,2026-04-21T18:00:00,paperwork,0.0,53.8,0,18,6,0,non_financial_low_risk
synth_02206,2026-04-21T07:00:00,appointment,0.0,50.1,0,7,4,0,non_financial_low_risk
synth_02207,2026-04-21T00:00:00,paperwork,0.0,11.7,0,0,2,1,non_financial_low_risk
synth_02208,2026-04-21T06:00:00,paperwork,0.0,94.5,0,6,3,0,non_financial_low_risk
synth_02209,2026-04-21T09:00:00,bill_payment,186.82,32.5,0,9,6,0,low_amount
synth_02210,2026-04-21T19:00:00,reminder,0.0,13.7,0,19,0,0,non_financial_low_risk
synth_02211,2026-04-21T00:00:00,reminder,0.0,46.4,0,0,2,0,non_financial_low_risk
synth_02212,2026-04-21T06:00:00,bill_payment,88.4,8.3,1,6,5,0,recurring_suppressed
synth_02213,2026-04-21T09:00:00,bill_payment,126.56,70.6,0,9,1,0,low_amount
synth_02214,2026-04-21T06:00:00,reminder,0.0,104.8,0,6,0,0,non_financial_low_risk
synth_02215,2026-04-21T00:00:00,paperwork,0.0,55.0,0,0,3,0,non_financial_low_risk
synth_02216,2026-04-21T08:00:00,bill_payment,323.36,104.4,0,8,2,1,low_amount
synth_02217,2026-04-21T22:00:00,appointment,0.0,3.1,0,22,1,0,non_financial_low_risk
synth_02218,2026-04-21T05:00:00,bill_payment,116.72,27.2,0,5,0,0,low_amount
synth_02219,2026-04-21T00:00:00,bill_payment,83.45,31.3,0,0,5,0,low_amount
synth_02220,2026-04-22T14:00:00,reminder,0.0,12.8,0,14,6,1,non_financial_low_risk
synth_02221,2026-04-22T13:00:00,appointment,0.0,99.2,0,13,4,0,non_financial_low_risk
synth_02222,2026-04-22T23:00:00,appointment,0.0,12.6,0,23,0,0,non_financial_low_risk
synth_02223,2026-04-22T11:00:00,bill_payment,36.72,37.8,0,11,5,0,low_amount
synth_02224,2026-04-22T14:00:00,bill_payment,292.79,9.2,0,14,2,0,low_amount
synth_02225,2026-04-22T13:00:00,bill_payment,2826.24,54.1,0,13,0,1,high_amount
synth_02226,2026-04-22T11:00:00,reminder,0.0,19.4,0,11,5,0,non_financial_low_risk
synth_02227,2026-04-22T05:00:00,paperwork,0.0,95.0,0,5,0,0,non_financial_low_risk
synth_02228,2026-04-22T04:00:00,reminder,0.0,194.8,0,4,4,0,non_financial_low_risk
synth_02229,2026-04-22T18:00:00,appointment,0.0,65.6,0,18,1,0,non_financial_low_risk
synth_02230,2026-04-22T12:00:00,paperwork,0.0,83.6,0,12,0,0,non_financial_low_risk
synth_02231,2026-04-22T17:00:00,reminder,0.0,223.5,0,17,0,0,non_financial_low_risk
synth_02232,2026-04-22T17:00:00,appointment,0.0,14.1,0,17,5,0,non_financial_low_risk
synth_02233,2026-04-22T10:00:00,paperwork,0.0,55.3,0,10,3,0,non_financial_low_risk
synth_02234,2026-04-22T17:00:00,paperwork,0.0,76.5,0,17,3,0,non_financial_low_risk
synth_02235,2026-04-22T11:00:00,paperwork,0.0,11.9,0,11,5,0,non_financial_low_risk
synth_02236,2026-04-22T20:00:00,paperwork,0.0,5.4,0,20,5,0,non_financial_low_risk
synth_02237,2026-04-22T06:00:00,paperwork,0.0,108.3,0,6,5,1,non_financial_low_risk
synth_02238,2026-04-22T03:00:00,paperwork,0.0,33.7,0,3,3,0,non_financial_low_risk
synth_02239,2026-04-22T17:00:00,bill_payment,455.01,25.0,0,17,5,0,low_amount
synth_02240,2026-04-23T00:00:00,paperwork,0.0,1.1,0,0,2,1,non_financial_but_imminent
synth_02241,2026-04-23T13:00:00,bill_payment,260.08,14.0,0,13,2,0,low_amount
synth_02242,2026-04-23T19:00:00,bill_payment,196.43,22.6,0,19,4,0,low_amount
synth_02243,2026-04-23T21:00:00,appointment,0.0,43.2,0,21,3,0,non_financial_low_risk
synth_02244,2026-04-23T08:00:00,appointment,0.0,20.8,0,8,5,0,non_financial_low_risk
synth_02245,2026-04-23T03:00:00,paperwork,0.0,67.1,0,3,3,0,non_financial_low_risk
synth_02246,2026-04-23T21:00:00,appointment,0.0,20.8,0,21,3,0,non_financial_low_risk
synth_02247,2026-04-23T22:00:00,bill_payment,52.32,4.6,1,22,5,1,deadline_override
synth_02248,2026-04-23T07:00:00,appointment,0.0,66.4,0,7,4,0,non_financial_low_risk
synth_02249,2026-04-23T13:00:00,bill_payment,29.65,92.6,1,13,0,1,recurring_suppressed
synth_02250,2026-04-23T22:00:00,bill_payment,651.56,33.5,0,22,4,0,low_amount
synth_02251,2026-04-23T01:00:00,reminder,0.0,50.9,0,1,2,0,non_financial_low_risk
synth_02252,2026-04-23T14:00:00,appointment,0.0,32.4,0,14,2,0,non_financial_low_risk
synth_02253,2026-04-23T02:00:00,bill_payment,207.03,55.7,0,2,1,0,low_amount
synth_02254,2026-04-23T12:00:00,bill_payment,64.56,50.9,1,12,0,0,recurring_suppressed
synth_02255,2026-04-23T22:00:00,bill_payment,777.89,32.6,0,22,0,0,low_amount
synth_02256,2026-04-23T00:00:00,bill_payment,183.24,21.9,0,0,5,0,low_amount
synth_02257,2026-04-23T03:00:00,appointment,0.0,48.4,0,3,3,0,non_financial_low_risk
synth_02258,2026-04-23T21:00:00,bill_payment,178.95,3.2,1,21,2,1,deadline_override
synth_02259,2026-04-23T04:00:00,appointment,0.0,13.4,0,4,0,1,non_financial_low_risk
synth_02260,2026-04-24T17:00:00,bill_payment,71.12,51.8,0,17,2,0,low_amount
synth_02261,2026-04-24T18:00:00,reminder,0.0,51.3,0,18,3,0,non_financial_low_risk
synth_02262,2026-04-24T11:00:00,bill_payment,66.52,65.9,0,11,0,0,low_amount
synth_02263,2026-04-24T04:00:00,bill_payment,158.09,36.3,0,4,2,0,low_amount
synth_02264,2026-04-24T06:00:00,reminder,0.0,77.5,0,6,5,0,non_financial_low_risk
synth_02265,2026-04-24T12:00:00,appointment,0.0,5.0,0,12,4,0,non_financial_low_risk
synth_02266,2026-04-24T04:00:00,appointment,0.0,78.2,0,4,5,0,non_financial_low_risk
synth_02267,2026-04-24T02:00:00,appointment,0.0,94.8,0,2,3,0,non_financial_low_risk
synth_02268,2026-04-24T07:00:00,reminder,0.0,40.1,0,7,5,0,non_financial_low_risk
synth_02269,2026-04-24T07:00:00,paperwork,0.0,21.6,0,7,6,0,non_financial_low_risk
synth_02270,2026-04-24T21:00:00,bill_payment,54.92,72.8,1,21,5,0,recurring_suppressed
synth_02271,2026-04-24T19:00:00,bill_payment,671.46,66.3,1,19,6,0,recurring_suppressed
synth_02272,2026-04-24T15:00:00,bill_payment,1016.81,13.3,0,15,6,1,high_amount
synth_02273,2026-04-24T17:00:00,appointment,0.0,25.9,0,17,0,0,non_financial_low_risk
synth_02274,2026-04-24T01:00:00,paperwork,0.0,71.2,0,1,2,0,non_financial_low_risk
synth_02275,2026-04-24T15:00:00,bill_payment,23.86,44.6,0,15,4,0,low_amount
synth_02276,2026-04-24T18:00:00,paperwork,0.0,87.8,0,18,5,0,non_financial_low_risk
synth_02277,2026-04-24T18:00:00,appointment,0.0,43.9,0,18,1,0,non_financial_low_risk
synth_02278,2026-04-24T08:00:00,bill_payment,144.08,34.9,0,8,5,0,low_amount
synth_02279,2026-04-24T07:00:00,bill_payment,65.45,18.0,0,7,4,0,low_amount
synth_02280,2026-04-25T10:00:00,reminder,0.0,10.2,0,10,4,0,non_financial_low_risk
synth_02281,2026-04-25T04:00:00,bill_payment,259.43,10.0,0,4,6,0,low_amount
synth_02282,2026-04-25T14:00:00,bill_payment,258.0,37.6,0,14,4,0,low_amount
synth_02283,2026-04-25T20:00:00,bill_payment,268.6,13.6,0,20,6,0,low_amount
synth_02284,2026-04-25T11:00:00,reminder,0.0,79.6,0,11,1,0,non_financial_low_risk
synth_02285,2026-04-25T14:00:00,paperwork,0.0,129.4,0,14,4,0,non_financial_low_risk
synth_02286,2026-04-25T08:00:00,bill_payment,88.37,24.0,1,8,3,0,recurring_suppressed
synth_02287,2026-04-25T08:00:00,reminder,0.0,42.1,0,8,4,0,non_financial_low_risk
synth_02288,2026-04-25T15:00:00,bill_payment,33.77,192.0,0,15,3,0,low_amount
synth_02289,2026-04-25T02:00:00,bill_payment,57.84,77.6,1,2,2,0,recurring_suppressed
synth_02290,2026-04-25T03:00:00,appointment,0.0,6.5,0,3,5,0,non_financial_low_risk
synth_02291,2026-04-25T19:00:00,bill_payment,815.41,0.5,0,19,5,1,high_amount
synth_02292,2026-04-25T17:00:00,bill_payment,39.15,40.6,1,17,2,0,recurring_suppressed
synth_02293,2026-04-25T12:00:00,bill_payment,172.14,11.9,0,12,1,0,low_amount
synth_02294,2026-04-25T15:00:00,bill_payment,33.29,45.7,0,15,0,0,low_amount
synth_02295,2026-04-25T14:00:00,paperwork,0.0,12.0,0,14,4,0,non_financial_low_risk
synth_02296,2026-04-25T18:00:00,bill_payment,82.17,13.1,0,18,6,0,low_amount
synth_02297,2026-04-25T14:00:00,bill_payment,81.35,4.1,0,14,1,1,deadline_override
synth_02298,2026-04-25T21:00:00,bill_payment,210.67,37.4,1,21,3,0,recurring_suppressed
synth_02299,2026-04-25T00:00:00,reminder,0.0,20.1,0,0,3,0,non_financial_low_risk
synth_02300,2026-04-26T22:00:00,bill_payment,129.37,7.5,1,22,5,0,recurring_suppressed
synth_02301,2026-04-26T10:00:00,paperwork,0.0,11.1,0,10,2,0,non_financial_low_risk
synth_02302,2026-04-26T00:00:00,bill_payment,88.8,44.0,0,0,5,0,low_amount
synth_02303,2026-04-26T11:00:00,bill_payment,293.15,77.3,0,11,2,0,low_amount
synth_02304,2026-04-26T13:00:00,appointment,0.0,61.8,0,13,0,0,non_financial_low_risk
synth_02305,2026-04-26T16:00:00,bill_payment,86.64,11.9,0,16,4,0,low_amount
synth_02306,2026-04-26T22:00:00,bill_payment,36.07,2.4,1,22,1,1,deadline_override
synth_02307,2026-04-26T02:00:00,appointment,0.0,2.5,0,2,4,0,non_financial_low_risk
synth_02308,2026-04-26T13:00:00,appointment,0.0,16.7,0,13,2,0,non_financial_low_risk
synth_02309,2026-04-26T19:00:00,bill_payment,120.9,3.3,0,19,0,1,deadline_override
synth_02310,2026-04-26T23:00:00,paperwork,0.0,98.6,0,23,1,0,non_financial_low_risk
synth_02311,2026-04-26T05:00:00,appointment,0.0,26.4,0,5,1,1,non_financial_low_risk
synth_02312,2026-04-26T02:00:00,reminder,0.0,44.3,0,2,0,0,non_financial_low_risk
synth_02313,2026-04-26T11:00:00,bill_payment,467.07,72.5,0,11,5,0,low_amount
synth_02314,2026-04-26T00:00:00,appointment,0.0,9.9,0,0,2,0,non_financial_low_risk
synth_02315,2026-04-26T00:00:00,paperwork,0.0,34.6,0,0,4,0,non_financial_low_risk
synth_02316,2026-04-26T18:00:00,bill_payment,70.22,95.0,0,18,6,0,low_amount
synth_02317,2026-04-26T01:00:00,bill_payment,74.54,13.7,0,1,0,0,low_amount
synth_02318,2026-04-26T17:00:00,bill_payment,63.28,32.3,0,17,4,0,low_amount
synth_02319,2026-04-26T20:00:00,reminder,0.0,30.2,0,20,4,0,non_financial_low_risk
synth_02320,2026-04-27T23:00:00,appointment,0.0,60.8,0,23,3,0,non_financial_low_risk
synth_02321,2026-04-27T16:00:00,appointment,0.0,25.1,0,16,6,0,non_financial_low_risk
synth_02322,2026-04-27T19:00:00,paperwork,0.0,11.1,0,19,2,0,non_financial_low_risk
synth_02323,2026-04-27T15:00:00,bill_payment,510.44,17.1,1,15,1,0,recurring_suppressed
synth_02324,2026-04-27T23:00:00,bill_payment,1187.05,28.7,0,23,1,1,high_amount
synth_02325,2026-04-27T14:00:00,bill_payment,59.26,32.0,0,14,2,0,low_amount
synth_02326,2026-04-27T01:00:00,appointment,0.0,25.8,0,1,1,0,non_financial_low_risk
synth_02327,2026-04-27T09:00:00,reminder,0.0,122.9,0,9,2,0,non_financial_low_risk
synth_02328,2026-04-27T20:00:00,appointment,0.0,23.5,0,20,6,0,non_financial_low_risk
synth_02329,2026-04-27T16:00:00,appointment,0.0,21.0,0,16,4,0,non_financial_low_risk
synth_02330,2026-04-27T15:00:00,reminder,0.0,97.4,0,15,0,0,non_financial_low_risk
synth_02331,2026-04-27T16:00:00,bill_payment,256.06,1.2,1,16,2,0,deadline_override
synth_02332,2026-04-27T01:00:00,bill_payment,421.47,46.7,1,1,6,0,recurring_suppressed
synth_02333,2026-04-27T17:00:00,bill_payment,118.29,69.2,1,17,5,0,recurring_suppressed
synth_02334,2026-04-27T04:00:00,appointment,0.0,317.0,0,4,6,0,non_financial_low_risk
synth_02335,2026-04-27T23:00:00,appointment,0.0,27.8,0,23,5,0,non_financial_low_risk
synth_02336,2026-04-27T04:00:00,bill_payment,103.36,2.1,0,4,1,1,deadline_override
synth_02337,2026-04-27T02:00:00,bill_payment,107.83,223.1,1,2,1,0,recurring_suppressed
synth_02338,2026-04-27T21:00:00,bill_payment,143.3,30.3,0,21,3,0,low_amount
synth_02339,2026-04-27T10:00:00,appointment,0.0,80.1,0,10,4,0,non_financial_low_risk
synth_02340,2026-04-28T23:00:00,bill_payment,38.52,41.3,0,23,2,0,low_amount
synth_02341,2026-04-28T08:00:00,bill_payment,19.23,60.5,0,8,6,0,low_amount
synth_02342,2026-04-28T00:00:00,reminder,0.0,12.3,0,0,3,0,non_financial_low_risk
synth_02343,2026-04-28T18:00:00,bill_payment,153.43,61.8,0,18,2,0,low_amount
synth_02344,2026-04-28T07:00:00,bill_payment,586.57,89.3,1,7,3,0,recurring_suppressed
synth_02345,2026-04-28T16:00:00,reminder,0.0,57.4,0,16,2,0,non_financial_low_risk
synth_02346,2026-04-28T21:00:00,bill_payment,177.55,13.3,0,21,0,0,low_amount
synth_02347,2026-04-28T12:00:00,reminder,0.0,2.8,0,12,6,0,non_financial_low_risk
synth_02348,2026-04-28T15:00:00,bill_payment,575.35,22.2,0,15,3,0,low_amount
synth_02349,2026-04-28T05:00:00,bill_payment,57.57,12.9,1,5,2,0,recurring_suppressed
synth_02350,2026-04-28T00:00:00,bill_payment,115.19,4.1,0,0,1,1,deadline_override
synth_02351,2026-04-28T22:00:00,appointment,0.0,4.6,0,22,5,0,non_financial_low_risk
synth_02352,2026-04-28T21:00:00,bill_payment,140.31,16.5,0,21,5,0,low_amount
synth_02353,2026-04-28T02:00:00,appointment,0.0,52.6,0,2,0,0,non_financial_low_risk
synth_02354,2026-04-28T16:00:00,bill_payment,492.95,14.9,1,16,0,0,recurring_suppressed
synth_02355,2026-04-28T22:00:00,bill_payment,18.46,14.5,0,22,4,0,low_amount
synth_02356,2026-04-28T01:00:00,appointment,0.0,56.1,0,1,3,0,non_financial_low_risk
synth_02357,2026-04-28T14:00:00,appointment,0.0,57.0,0,14,2,0,non_financial_low_risk
synth_02358,2026-04-28T09:00:00,bill_payment,708.11,26.0,0,9,5,0,low_amount
synth_02359,2026-04-28T03:00:00,bill_payment,67.72,4.0,0,3,1,1,deadline_override
synth_02360,2026-04-29T13:00:00,bill_payment,760.39,41.6,0,13,3,0,low_amount
synth_02361,2026-04-29T17:00:00,appointment,0.0,137.2,0,17,5,0,non_financial_low_risk
synth_02362,2026-04-29T15:00:00,reminder,0.0,11.3,0,15,5,1,non_financial_low_risk
synth_02363,2026-04-29T12:00:00,bill_payment,83.52,33.0,0,12,6,0,low_amount
synth_02364,2026-04-29T10:00:00,bill_payment,53.03,163.3,0,10,6,0,low_amount
synth_02365,2026-04-29T05:00:00,appointment,0.0,0.4,0,5,2,1,non_financial_but_imminent
synth_02366,2026-04-29T04:00:00,appointment,0.0,213.8,0,4,0,0,non_financial_low_risk
synth_02367,2026-04-29T19:00:00,bill_payment,75.46,47.9,0,19,2,0,low_amount
synth_02368,2026-04-29T23:00:00,bill_payment,76.67,54.7,0,23,4,0,low_amount
synth_02369,2026-04-29T23:00:00,bill_payment,169.43,125.4,1,23,6,1,recurring_suppressed
synth_02370,2026-04-29T09:00:00,reminder,0.0,42.9,0,9,4,0,non_financial_low_risk
synth_02371,2026-04-29T00:00:00,appointment,0.0,16.1,0,0,3,0,non_financial_low_risk
synth_02372,2026-04-29T13:00:00,reminder,0.0,3.1,0,13,3,0,non_financial_low_risk
synth_02373,2026-04-29T10:00:00,appointment,0.0,12.6,0,10,6,0,non_financial_low_risk
synth_02374,2026-04-29T18:00:00,bill_payment,50.24,1.9,1,18,2,1,deadline_override
synth_02375,2026-04-29T00:00:00,bill_payment,76.97,82.7,1,0,3,1,recurring_suppressed
synth_02376,2026-04-29T00:00:00,bill_payment,508.51,110.3,0,0,4,0,low_amount
synth_02377,2026-04-29T09:00:00,paperwork,0.0,69.9,0,9,6,0,non_financial_low_risk
synth_02378,2026-04-29T12:00:00,bill_payment,227.51,5.9,1,12,4,1,deadline_override
synth_02379,2026-04-29T03:00:00,bill_payment,121.73,13.5,0,3,1,0,low_amount
synth_02380,2026-04-30T09:00:00,paperwork,0.0,8.9,0,9,5,0,non_financial_low_risk
synth_02381,2026-04-30T09:00:00,bill_payment,88.9,21.5,0,9,2,0,low_amount
synth_02382,2026-04-30T02:00:00,appointment,0.0,48.9,0,2,1,0,non_financial_low_risk
synth_02383,2026-04-30T07:00:00,reminder,0.0,0.2,0,7,0,1,non_financial_but_imminent
synth_02384,2026-04-30T05:00:00,paperwork,0.0,138.7,0,5,0,0,non_financial_low_risk
synth_02385,2026-04-30T15:00:00,bill_payment,149.2,36.7,0,15,5,0,low_amount
synth_02386,2026-04-30T02:00:00,paperwork,0.0,21.1,0,2,2,0,non_financial_low_risk
synth_02387,2026-04-30T08:00:00,paperwork,0.0,37.8,0,8,5,1,non_financial_low_risk
synth_02388,2026-04-30T02:00:00,reminder,0.0,78.3,0,2,0,0,non_financial_low_risk
synth_02389,2026-04-30T20:00:00,bill_payment,169.74,10.4,0,20,2,1,low_amount
synth_02390,2026-04-30T13:00:00,reminder,0.0,75.5,0,13,0,0,non_financial_low_risk
synth_02391,2026-04-30T05:00:00,paperwork,0.0,24.7,0,5,1,0,non_financial_low_risk
synth_02392,2026-04-30T22:00:00,appointment,0.0,42.4,0,22,0,0,non_financial_low_risk
synth_02393,2026-04-30T15:00:00,paperwork,0.0,86.3,0,15,4,0,non_financial_low_risk
synth_02394,2026-04-30T00:00:00,bill_payment,207.64,2.1,0,0,4,1,deadline_override
synth_02395,2026-04-30T20:00:00,reminder,0.0,130.4,0,20,2,0,non_financial_low_risk
synth_02396,2026-04-30T14:00:00,paperwork,0.0,167.7,0,14,0,0,non_financial_low_risk
synth_02397,2026-04-30T17:00:00,bill_payment,175.13,43.1,0,17,4,0,low_amount
synth_02398,2026-04-30T09:00:00,bill_payment,189.37,86.6,0,9,4,0,low_amount
synth_02399,2026-04-30T10:00:00,bill_payment,58.92,22.9,1,10,6,0,recurring_suppressed
synth_02400,2026-05-01T00:00:00,bill_payment,158.09,17.7,1,0,0,0,recurring_suppressed
synth_02401,2026-05-01T03:00:00,bill_payment,3174.26,128.6,0,3,2,1,high_amount
synth_02402,2026-05-01T10:00:00,reminder,0.0,70.1,0,10,0,0,non_financial_low_risk
synth_02403,2026-05-01T17:00:00,bill_payment,310.32,15.5,0,17,6,0,low_amount
synth_02404,2026-05-01T17:00:00,reminder,0.0,80.1,0,17,4,0,non_financial_low_risk
synth_02405,2026-05-01T21:00:00,appointment,0.0,113.7,0,21,2,0,non_financial_low_risk
synth_02406,2026-05-01T10:00:00,bill_payment,483.67,101.0,1,10,2,0,recurring_suppressed
synth_02407,2026-05-01T07:00:00,bill_payment,121.68,8.3,0,7,0,0,low_amount
synth_02408,2026-05-01T21:00:00,bill_payment,120.72,6.5,0,21,4,0,low_amount
synth_02409,2026-05-01T06:00:00,bill_payment,2299.15,41.3,0,6,3,1,high_amount
synth_02410,2026-05-01T11:00:00,bill_payment,28.87,10.3,0,11,1,0,low_amount
synth_02411,2026-05-01T09:00:00,appointment,0.0,116.0,0,9,2,0,non_financial_low_risk
synth_02412,2026-05-01T13:00:00,reminder,0.0,6.4,0,13,2,0,non_financial_low_risk
synth_02413,2026-05-01T12:00:00,appointment,0.0,182.8,0,12,4,0,non_financial_low_risk
synth_02414,2026-05-01T21:00:00,bill_payment,62.79,49.1,1,21,1,0,recurring_suppressed
synth_02415,2026-05-01T03:00:00,bill_payment,590.69,6.8,1,3,4,1,recurring_suppressed
synth_02416,2026-05-01T20:00:00,bill_payment,115.79,28.4,1,20,6,0,recurring_suppressed
synth_02417,2026-05-01T21:00:00,bill_payment,632.46,35.1,1,21,1,0,recurring_suppressed
synth_02418,2026-05-01T07:00:00,bill_payment,114.72,52.6,0,7,3,0,low_amount
synth_02419,2026-05-01T14:00:00,bill_payment,137.93,105.5,1,14,4,0,recurring_suppressed
synth_02420,2026-05-02T00:00:00,bill_payment,342.88,15.7,0,0,3,0,low_amount
synth_02421,2026-05-02T11:00:00,appointment,0.0,42.4,0,11,2,0,non_financial_low_risk
synth_02422,2026-05-02T05:00:00,bill_payment,242.47,31.1,0,5,3,0,low_amount
synth_02423,2026-05-02T07:00:00,reminder,0.0,0.8,0,7,5,1,non_financial_but_imminent
synth_02424,2026-05-02T23:00:00,bill_payment,834.01,130.5,1,23,2,0,recurring_suppressed
synth_02425,2026-05-02T21:00:00,appointment,0.0,15.2,0,21,4,0,non_financial_low_risk
synth_02426,2026-05-02T18:00:00,paperwork,0.0,1.0,0,18,0,1,non_financial_but_imminent
synth_02427,2026-05-02T19:00:00,bill_payment,1656.48,53.0,0,19,4,1,high_amount
synth_02428,2026-05-02T15:00:00,appointment,0.0,9.7,0,15,4,1,non_financial_low_risk
synth_02429,2026-05-02T22:00:00,reminder,0.0,19.0,0,22,6,0,non_financial_low_risk
synth_02430,2026-05-02T06:00:00,appointment,0.0,0.1,0,6,1,1,non_financial_but_imminent
synth_02431,2026-05-02T20:00:00,bill_payment,288.79,78.4,0,20,3,0,low_amount
synth_02432,2026-05-02T11:00:00,reminder,0.0,40.0,0,11,0,0,non_financial_low_risk
synth_02433,2026-05-02T10:00:00,appointment,0.0,106.1,0,10,0,0,non_financial_low_risk
synth_02434,2026-05-02T17:00:00,bill_payment,422.05,32.6,0,17,0,0,low_amount
synth_02435,2026-05-02T13:00:00,bill_payment,392.27,96.7,1,13,4,0,recurring_suppressed
synth_02436,2026-05-02T03:00:00,bill_payment,130.55,64.3,1,3,0,0,recurring_suppressed
synth_02437,2026-05-02T08:00:00,reminder,0.0,25.3,0,8,5,0,non_financial_low_risk
synth_02438,2026-05-02T08:00:00,bill_payment,64.53,13.0,1,8,6,0,recurring_suppressed
synth_02439,2026-05-02T07:00:00,paperwork,0.0,133.7,0,7,0,0,non_financial_low_risk
synth_02440,2026-05-03T15:00:00,bill_payment,11.14,62.6,0,15,6,0,low_amount
synth_02441,2026-05-03T03:00:00,paperwork,0.0,104.9,0,3,0,0,non_financial_low_risk
synth_02442,2026-05-03T20:00:00,bill_payment,435.89,8.6,0,20,4,1,low_amount
synth_02443,2026-05-03T06:00:00,bill_payment,71.23,64.2,0,6,6,0,low_amount
synth_02444,2026-05-03T03:00:00,bill_payment,119.3,12.3,1,3,5,0,recurring_suppressed
synth_02445,2026-05-03T04:00:00,bill_payment,1098.82,17.1,0,4,5,1,high_amount
synth_02446,2026-05-03T00:00:00,reminder,0.0,30.8,0,0,1,0,non_financial_low_risk
synth_02447,2026-05-03T13:00:00,appointment,0.0,55.4,0,13,0,0,non_financial_low_risk
synth_02448,2026-05-03T05:00:00,bill_payment,37.46,27.4,0,5,2,0,low_amount
synth_02449,2026-05-03T16:00:00,paperwork,0.0,103.3,0,16,4,0,non_financial_low_risk
synth_02450,2026-05-03T14:00:00,reminder,0.0,199.7,0,14,1,0,non_financial_low_risk
synth_02451,2026-05-03T06:00:00,appointment,0.0,51.9,0,6,3,0,non_financial_low_risk
synth_02452,2026-05-03T08:00:00,appointment,0.0,76.0,0,8,2,0,non_financial_low_risk
synth_02453,2026-05-03T12:00:00,bill_payment,1022.78,1.0,0,12,6,1,high_amount
synth_02454,2026-05-03T03:00:00,reminder,0.0,99.7,0,3,6,0,non_financial_low_risk
synth_02455,2026-05-03T22:00:00,reminder,0.0,12.5,0,22,4,0,non_financial_low_risk
synth_02456,2026-05-03T04:00:00,bill_payment,96.51,41.7,0,4,0,0,low_amount
synth_02457,2026-05-03T04:00:00,appointment,0.0,12.7,0,4,1,0,non_financial_low_risk
synth_02458,2026-05-03T02:00:00,appointment,0.0,44.8,0,2,1,0,non_financial_low_risk
synth_02459,2026-05-03T05:00:00,bill_payment,156.37,14.5,0,5,0,0,low_amount
synth_02460,2026-05-04T07:00:00,reminder,0.0,11.0,0,7,5,0,non_financial_low_risk
synth_02461,2026-05-04T02:00:00,appointment,0.0,47.1,0,2,3,0,non_financial_low_risk
synth_02462,2026-05-04T10:00:00,appointment,0.0,64.2,0,10,3,0,non_financial_low_risk
synth_02463,2026-05-04T23:00:00,bill_payment,1447.62,71.7,0,23,0,1,high_amount
synth_02464,2026-05-04T15:00:00,bill_payment,522.81,4.1,0,15,6,1,deadline_override
synth_02465,2026-05-04T11:00:00,paperwork,0.0,37.2,0,11,0,0,non_financial_low_risk
synth_02466,2026-05-04T23:00:00,paperwork,0.0,44.6,0,23,1,0,non_financial_low_risk
synth_02467,2026-05-04T09:00:00,bill_payment,722.38,33.7,1,9,2,0,recurring_suppressed
synth_02468,2026-05-04T21:00:00,appointment,0.0,7.7,0,21,4,0,non_financial_low_risk
synth_02469,2026-05-04T09:00:00,bill_payment,177.82,7.8,0,9,4,0,low_amount
synth_02470,2026-05-04T19:00:00,bill_payment,117.09,27.4,1,19,0,1,recurring_suppressed
synth_02471,2026-05-04T16:00:00,bill_payment,71.29,20.1,0,16,2,0,low_amount
synth_02472,2026-05-04T07:00:00,bill_payment,173.4,7.8,1,7,2,0,recurring_suppressed
synth_02473,2026-05-04T17:00:00,bill_payment,96.37,41.3,0,17,5,1,low_amount
synth_02474,2026-05-04T07:00:00,appointment,0.0,25.1,0,7,3,0,non_financial_low_risk
synth_02475,2026-05-04T11:00:00,appointment,0.0,29.6,0,11,6,0,non_financial_low_risk
synth_02476,2026-05-04T16:00:00,paperwork,0.0,72.4,0,16,1,0,non_financial_low_risk
synth_02477,2026-05-04T16:00:00,bill_payment,373.33,36.1,0,16,5,1,low_amount
synth_02478,2026-05-04T20:00:00,appointment,0.0,14.4,0,20,1,0,non_financial_low_risk
synth_02479,2026-05-04T07:00:00,appointment,0.0,102.0,0,7,4,0,non_financial_low_risk
synth_02480,2026-05-05T20:00:00,paperwork,0.0,10.0,0,20,0,0,non_financial_low_risk
synth_02481,2026-05-05T23:00:00,bill_payment,217.08,24.5,0,23,1,0,low_amount
synth_02482,2026-05-05T09:00:00,appointment,0.0,52.8,0,9,3,0,non_financial_low_risk
synth_02483,2026-05-05T08:00:00,bill_payment,465.96,5.3,0,8,0,1,deadline_override
synth_02484,2026-05-05T09:00:00,bill_payment,199.25,140.2,0,9,6,0,low_amount
synth_02485,2026-05-05T05:00:00,bill_payment,1046.58,22.1,0,5,2,1,high_amount
synth_02486,2026-05-05T21:00:00,reminder,0.0,62.7,0,21,0,0,non_financial_low_risk
synth_02487,2026-05-05T00:00:00,bill_payment,273.67,36.3,0,0,6,0,low_amount
synth_02488,2026-05-05T08:00:00,bill_payment,29.59,35.1,0,8,2,0,low_amount
synth_02489,2026-05-05T09:00:00,bill_payment,294.74,53.8,0,9,5,0,low_amount
synth_02490,2026-05-05T06:00:00,reminder,0.0,16.5,0,6,1,0,non_financial_low_risk
synth_02491,2026-05-05T16:00:00,paperwork,0.0,21.1,0,16,2,0,non_financial_low_risk
synth_02492,2026-05-05T23:00:00,reminder,0.0,6.3,0,23,1,0,non_financial_low_risk
synth_02493,2026-05-05T22:00:00,paperwork,0.0,4.5,0,22,4,0,non_financial_low_risk
synth_02494,2026-05-05T03:00:00,appointment,0.0,101.2,0,3,4,1,non_financial_low_risk
synth_02495,2026-05-05T02:00:00,reminder,0.0,13.2,0,2,5,0,non_financial_low_risk
synth_02496,2026-05-05T20:00:00,appointment,0.0,6.9,0,20,2,0,non_financial_low_risk
synth_02497,2026-05-05T19:00:00,bill_payment,123.65,3.8,1,19,6,1,deadline_override
synth_02498,2026-05-05T12:00:00,paperwork,0.0,19.0,0,12,0,0,non_financial_low_risk
synth_02499,2026-05-05T17:00:00,appointment,0.0,25.1,0,17,5,0,non_financial_low_risk
synth_02500,2026-05-06T05:00:00,reminder,0.0,0.5,0,5,1,1,non_financial_but_imminent
synth_02501,2026-05-06T03:00:00,reminder,0.0,1.4,0,3,2,1,non_financial_but_imminent
synth_02502,2026-05-06T12:00:00,bill_payment,25.97,123.9,1,12,2,0,recurring_suppressed
synth_02503,2026-05-06T09:00:00,paperwork,0.0,14.7,0,9,6,0,non_financial_low_risk
synth_02504,2026-05-06T06:00:00,bill_payment,306.65,0.1,0,6,3,1,deadline_override
synth_02505,2026-05-06T01:00:00,paperwork,0.0,6.9,0,1,0,0,non_financial_low_risk
synth_02506,2026-05-06T17:00:00,bill_payment,33.11,70.9,1,17,2,0,recurring_suppressed
synth_02507,2026-05-06T13:00:00,bill_payment,113.98,42.4,0,13,1,0,low_amount
synth_02508,2026-05-06T19:00:00,paperwork,0.0,136.3,0,19,4,0,non_financial_low_risk
synth_02509,2026-05-06T01:00:00,bill_payment,129.25,26.0,1,1,5,0,recurring_suppressed
synth_02510,2026-05-06T17:00:00,paperwork,0.0,6.7,0,17,3,0,non_financial_low_risk
synth_02511,2026-05-06T12:00:00,bill_payment,114.81,75.4,1,12,3,0,recurring_suppressed
synth_02512,2026-05-06T22:00:00,paperwork,0.0,2.3,0,22,0,0,non_financial_low_risk
synth_02513,2026-05-06T00:00:00,bill_payment,59.2,103.6,1,0,3,0,recurring_suppressed
synth_02514,2026-05-06T23:00:00,appointment,0.0,18.5,0,23,1,0,non_financial_low_risk
synth_02515,2026-05-06T18:00:00,bill_payment,33.44,34.2,1,18,0,0,recurring_suppressed
synth_02516,2026-05-06T17:00:00,paperwork,0.0,26.5,0,17,5,0,non_financial_low_risk
synth_02517,2026-05-06T08:00:00,appointment,0.0,198.2,0,8,2,0,non_financial_low_risk
synth_02518,2026-05-06T21:00:00,bill_payment,131.22,17.0,0,21,4,0,low_amount
synth_02519,2026-05-06T06:00:00,appointment,0.0,25.1,0,6,1,0,non_financial_low_risk
synth_02520,2026-05-07T03:00:00,appointment,0.0,6.4,0,3,5,0,non_financial_low_risk
synth_02521,2026-05-07T01:00:00,appointment,0.0,0.9,0,1,4,1,non_financial_but_imminent
synth_02522,2026-05-07T09:00:00,appointment,0.0,59.0,0,9,2,0,non_financial_low_risk
synth_02523,2026-05-07T14:00:00,reminder,0.0,60.2,0,14,2,0,non_financial_low_risk
synth_02524,2026-05-07T19:00:00,bill_payment,769.3,46.9,0,19,4,0,low_amount
synth_02525,2026-05-07T17:00:00,reminder,0.0,51.3,0,17,5,0,non_financial_low_risk
synth_02526,2026-05-07T21:00:00,appointment,0.0,62.8,0,21,6,0,non_financial_low_risk
synth_02527,2026-05-07T09:00:00,appointment,0.0,105.6,0,9,1,0,non_financial_low_risk
synth_02528,2026-05-07T16:00:00,bill_payment,73.0,5.2,1,16,2,1,deadline_override
synth_02529,2026-05-07T05:00:00,paperwork,0.0,93.3,0,5,1,0,non_financial_low_risk
synth_02530,2026-05-07T07:00:00,paperwork,0.0,79.0,0,7,2,0,non_financial_low_risk
synth_02531,2026-05-07T18:00:00,paperwork,0.0,27.0,0,18,4,0,non_financial_low_risk
synth_02532,2026-05-07T20:00:00,bill_payment,187.93,39.2,1,20,0,0,recurring_suppressed
synth_02533,2026-05-07T17:00:00,bill_payment,1168.95,9.2,1,17,5,0,recurring_suppressed
synth_02534,2026-05-07T21:00:00,appointment,0.0,18.9,0,21,4,0,non_financial_low_risk
synth_02535,2026-05-07T16:00:00,appointment,0.0,109.8,0,16,1,0,non_financial_low_risk
synth_02536,2026-05-07T09:00:00,appointment,0.0,0.8,0,9,6,0,non_financial_but_imminent
synth_02537,2026-05-07T18:00:00,bill_payment,88.32,191.8,0,18,4,0,low_amount
synth_02538,2026-05-07T17:00:00,bill_payment,2125.88,25.0,0,17,5,1,high_amount
synth_02539,2026-05-07T17:00:00,appointment,0.0,4.7,0,17,3,0,non_financial_low_risk
synth_02540,2026-05-08T13:00:00,bill_payment,3691.86,11.7,0,13,0,1,high_amount
synth_02541,2026-05-08T06:00:00,appointment,0.0,7.6,0,6,6,0,non_financial_low_risk
synth_02542,2026-05-08T03:00:00,appointment,0.0,188.9,0,3,2,0,non_financial_low_risk
synth_02543,2026-05-08T04:00:00,paperwork,0.0,24.4,0,4,1,0,non_financial_low_risk
synth_02544,2026-05-08T08:00:00,paperwork,0.0,91.0,0,8,5,0,non_financial_low_risk
synth_02545,2026-05-08T05:00:00,reminder,0.0,85.8,0,5,3,0,non_financial_low_risk
synth_02546,2026-05-08T12:00:00,bill_payment,284.6,44.0,0,12,0,0,low_amount
synth_02547,2026-05-08T06:00:00,bill_payment,650.03,10.8,1,6,6,0,recurring_suppressed
synth_02548,2026-05-08T00:00:00,paperwork,0.0,83.2,0,0,0,0,non_financial_low_risk
synth_02549,2026-05-08T01:00:00,bill_payment,17.45,3.6,0,1,3,1,deadline_override
synth_02550,2026-05-08T13:00:00,bill_payment,201.14,41.9,0,13,5,0,low_amount
synth_02551,2026-05-08T08:00:00,paperwork,0.0,12.0,0,8,2,1,non_financial_low_risk
synth_02552,2026-05-08T09:00:00,appointment,0.0,28.1,0,9,3,0,non_financial_low_risk
synth_02553,2026-05-08T04:00:00,paperwork,0.0,28.6,0,4,5,0,non_financial_low_risk
synth_02554,2026-05-08T19:00:00,reminder,0.0,53.4,0,19,1,0,non_financial_low_risk
synth_02555,2026-05-08T15:00:00,appointment,0.0,4.6,0,15,5,0,non_financial_low_risk
synth_02556,2026-05-08T01:00:00,appointment,0.0,23.3,0,1,1,0,non_financial_low_risk
synth_02557,2026-05-08T08:00:00,reminder,0.0,3.3,0,8,0,0,non_financial_low_risk
synth_02558,2026-05-08T02:00:00,appointment,0.0,36.6,0,2,1,0,non_financial_low_risk
synth_02559,2026-05-08T04:00:00,appointment,0.0,4.5,0,4,2,0,non_financial_low_risk
synth_02560,2026-05-09T12:00:00,reminder,0.0,10.9,0,12,0,0,non_financial_low_risk
synth_02561,2026-05-09T06:00:00,reminder,0.0,30.0,0,6,6,0,non_financial_low_risk
synth_02562,2026-05-09T02:00:00,reminder,0.0,54.4,0,2,4,0,non_financial_low_risk
synth_02563,2026-05-09T10:00:00,bill_payment,59.28,83.7,0,10,1,0,low_amount
synth_02564,2026-05-09T12:00:00,appointment,0.0,179.9,0,12,0,0,non_financial_low_risk
synth_02565,2026-05-09T23:00:00,bill_payment,752.94,17.6,0,23,1,0,low_amount
synth_02566,2026-05-09T03:00:00,bill_payment,48.36,34.3,0,3,3,0,low_amount
synth_02567,2026-05-09T06:00:00,reminder,0.0,13.0,0,6,5,0,non_financial_low_risk
synth_02568,2026-05-09T15:00:00,bill_payment,139.4,7.3,0,15,5,0,low_amount
synth_02569,2026-05-09T05:00:00,reminder,0.0,3.8,0,5,5,0,non_financial_low_risk
synth_02570,2026-05-09T17:00:00,appointment,0.0,82.5,0,17,6,0,non_financial_low_risk
synth_02571,2026-05-09T13:00:00,appointment,0.0,14.5,0,13,1,0,non_financial_low_risk
synth_02572,2026-05-09T07:00:00,bill_payment,277.85,68.1,0,7,6,0,low_amount
synth_02573,2026-05-09T13:00:00,bill_payment,33.15,37.6,0,13,0,0,low_amount
synth_02574,2026-05-09T23:00:00,appointment,0.0,28.7,0,23,0,0,non_financial_low_risk
synth_02575,2026-05-09T20:00:00,paperwork,0.0,37.8,0,20,3,0,non_financial_low_risk
synth_02576,2026-05-09T15:00:00,reminder,0.0,6.1,0,15,5,0,non_financial_low_risk
synth_02577,2026-05-09T12:00:00,reminder,0.0,32.9,0,12,4,0,non_financial_low_risk
synth_02578,2026-05-09T02:00:00,bill_payment,353.92,0.1,0,2,5,1,deadline_override
synth_02579,2026-05-09T21:00:00,bill_payment,213.3,8.3,0,21,6,0,low_amount
synth_02580,2026-05-10T05:00:00,bill_payment,120.16,3.6,0,5,0,1,deadline_override
synth_02581,2026-05-10T19:00:00,bill_payment,187.37,55.0,1,19,4,0,recurring_suppressed
synth_02582,2026-05-10T05:00:00,paperwork,0.0,97.2,0,5,1,0,non_financial_low_risk
synth_02583,2026-05-10T21:00:00,bill_payment,106.66,44.6,0,21,6,0,low_amount
synth_02584,2026-05-10T22:00:00,reminder,0.0,43.8,0,22,2,0,non_financial_low_risk
synth_02585,2026-05-10T20:00:00,bill_payment,46.64,34.5,0,20,0,0,low_amount
synth_02586,2026-05-10T14:00:00,appointment,0.0,37.9,0,14,6,0,non_financial_low_risk
synth_02587,2026-05-10T17:00:00,bill_payment,204.73,123.5,1,17,3,0,recurring_suppressed
synth_02588,2026-05-10T21:00:00,appointment,0.0,37.2,0,21,1,1,non_financial_low_risk
synth_02589,2026-05-10T02:00:00,appointment,0.0,15.4,0,2,4,0,non_financial_low_risk
synth_02590,2026-05-10T15:00:00,appointment,0.0,174.0,0,15,4,0,non_financial_low_risk
synth_02591,2026-05-10T22:00:00,bill_payment,25.65,118.5,0,22,6,0,low_amount
synth_02592,2026-05-10T18:00:00,paperwork,0.0,18.5,0,18,1,0,non_financial_low_risk
synth_02593,2026-05-10T17:00:00,paperwork,0.0,75.0,0,17,2,0,non_financial_low_risk
synth_02594,2026-05-10T22:00:00,bill_payment,348.19,75.5,0,22,2,0,low_amount
synth_02595,2026-05-10T12:00:00,appointment,0.0,97.1,0,12,3,0,non_financial_low_risk
synth_02596,2026-05-10T17:00:00,bill_payment,136.31,53.7,1,17,1,0,recurring_suppressed
synth_02597,2026-05-10T18:00:00,bill_payment,108.18,130.6,0,18,3,0,low_amount
synth_02598,2026-05-10T04:00:00,bill_payment,344.73,48.8,0,4,5,0,low_amount
synth_02599,2026-05-10T12:00:00,appointment,0.0,15.1,0,12,6,0,non_financial_low_risk
synth_02600,2026-05-11T18:00:00,reminder,0.0,10.4,0,18,0,0,non_financial_low_risk
synth_02601,2026-05-11T15:00:00,bill_payment,74.03,19.8,0,15,1,0,low_amount
synth_02602,2026-05-11T22:00:00,bill_payment,33.88,24.8,0,22,1,0,low_amount
synth_02603,2026-05-11T03:00:00,appointment,0.0,55.7,0,3,1,0,non_financial_low_risk
synth_02604,2026-05-11T22:00:00,reminder,0.0,5.4,0,22,3,0,non_financial_low_risk
synth_02605,2026-05-11T17:00:00,bill_payment,262.96,150.2,0,17,2,1,low_amount
synth_02606,2026-05-11T06:00:00,bill_payment,138.08,83.6,1,6,2,0,recurring_suppressed
synth_02607,2026-05-11T03:00:00,bill_payment,292.6,41.3,0,3,3,0,low_amount
synth_02608,2026-05-11T11:00:00,bill_payment,98.4,75.7,1,11,1,0,recurring_suppressed
synth_02609,2026-05-11T06:00:00,bill_payment,95.94,84.4,1,6,5,0,recurring_suppressed
synth_02610,2026-05-11T13:00:00,appointment,0.0,11.6,0,13,3,0,non_financial_low_risk
synth_02611,2026-05-11T13:00:00,reminder,0.0,4.9,0,13,3,0,non_financial_low_risk
synth_02612,2026-05-11T20:00:00,bill_payment,483.83,90.0,0,20,6,0,low_amount
synth_02613,2026-05-11T01:00:00,reminder,0.0,75.5,0,1,6,0,non_financial_low_risk
synth_02614,2026-05-11T03:00:00,appointment,0.0,45.9,0,3,5,0,non_financial_low_risk
synth_02615,2026-05-11T23:00:00,appointment,0.0,3.0,0,23,6,0,non_financial_low_risk
synth_02616,2026-05-11T04:00:00,appointment,0.0,15.2,0,4,1,0,non_financial_low_risk
synth_02617,2026-05-11T11:00:00,appointment,0.0,93.2,0,11,3,0,non_financial_low_risk
synth_02618,2026-05-11T01:00:00,bill_payment,27.89,79.6,0,1,2,0,low_amount
synth_02619,2026-05-11T14:00:00,appointment,0.0,25.8,0,14,4,0,non_financial_low_risk
synth_02620,2026-05-12T23:00:00,bill_payment,43.1,19.8,0,23,5,0,low_amount
synth_02621,2026-05-12T13:00:00,appointment,0.0,63.4,0,13,2,0,non_financial_low_risk
synth_02622,2026-05-12T19:00:00,bill_payment,419.38,9.4,1,19,0,0,recurring_suppressed
synth_02623,2026-05-12T10:00:00,paperwork,0.0,26.8,0,10,0,0,non_financial_low_risk
synth_02624,2026-05-12T01:00:00,reminder,0.0,102.8,0,1,1,0,non_financial_low_risk
synth_02625,2026-05-12T04:00:00,bill_payment,34.92,12.7,0,4,5,0,low_amount
synth_02626,2026-05-12T10:00:00,reminder,0.0,84.2,0,10,6,0,non_financial_low_risk
synth_02627,2026-05-12T13:00:00,bill_payment,78.3,35.4,0,13,4,0,low_amount
synth_02628,2026-05-12T09:00:00,appointment,0.0,16.0,0,9,6,0,non_financial_low_risk
synth_02629,2026-05-12T19:00:00,appointment,0.0,23.4,0,19,5,0,non_financial_low_risk
synth_02630,2026-05-12T07:00:00,appointment,0.0,91.2,0,7,3,0,non_financial_low_risk
synth_02631,2026-05-12T09:00:00,appointment,0.0,27.9,0,9,5,0,non_financial_low_risk
synth_02632,2026-05-12T16:00:00,paperwork,0.0,6.7,0,16,5,0,non_financial_low_risk
synth_02633,2026-05-12T02:00:00,reminder,0.0,16.3,0,2,4,0,non_financial_low_risk
synth_02634,2026-05-12T03:00:00,paperwork,0.0,59.0,0,3,5,0,non_financial_low_risk
synth_02635,2026-05-12T19:00:00,paperwork,0.0,6.5,0,19,1,0,non_financial_low_risk
synth_02636,2026-05-12T19:00:00,appointment,0.0,47.3,0,19,0,0,non_financial_low_risk
synth_02637,2026-05-12T16:00:00,paperwork,0.0,104.0,0,16,1,0,non_financial_low_risk
synth_02638,2026-05-12T17:00:00,appointment,0.0,10.9,0,17,3,0,non_financial_low_risk
synth_02639,2026-05-12T12:00:00,appointment,0.0,69.9,0,12,4,0,non_financial_low_risk
synth_02640,2026-05-13T05:00:00,appointment,0.0,9.3,0,5,2,0,non_financial_low_risk
synth_02641,2026-05-13T12:00:00,bill_payment,308.41,47.4,0,12,1,0,low_amount
synth_02642,2026-05-13T19:00:00,reminder,0.0,18.9,0,19,0,0,non_financial_low_risk
synth_02643,2026-05-13T14:00:00,paperwork,0.0,53.2,0,14,3,0,non_financial_low_risk
synth_02644,2026-05-13T12:00:00,appointment,0.0,62.8,0,12,0,0,non_financial_low_risk
synth_02645,2026-05-13T21:00:00,bill_payment,130.35,30.4,1,21,1,0,recurring_suppressed
synth_02646,2026-05-13T18:00:00,paperwork,0.0,62.5,0,18,5,0,non_financial_low_risk
synth_02647,2026-05-13T06:00:00,bill_payment,72.91,149.1,0,6,5,0,low_amount
synth_02648,2026-05-13T02:00:00,bill_payment,39.85,19.0,0,2,5,0,low_amount
synth_02649,2026-05-13T05:00:00,appointment,0.0,7.5,0,5,2,0,non_financial_low_risk
synth_02650,2026-05-13T18:00:00,paperwork,0.0,13.5,0,18,6,0,non_financial_low_risk
synth_02651,2026-05-13T20:00:00,bill_payment,172.88,26.0,0,20,3,0,low_amount
synth_02652,2026-05-13T12:00:00,reminder,0.0,11.9,0,12,2,0,non_financial_low_risk
synth_02653,2026-05-13T15:00:00,bill_payment,14.19,41.4,0,15,4,0,low_amount
synth_02654,2026-05-13T00:00:00,bill_payment,965.09,90.4,0,0,1,1,high_amount
synth_02655,2026-05-13T16:00:00,bill_payment,57.21,52.7,0,16,3,0,low_amount
synth_02656,2026-05-13T16:00:00,bill_payment,1274.0,7.1,0,16,1,1,high_amount
synth_02657,2026-05-13T01:00:00,bill_payment,50.18,62.7,0,1,4,0,low_amount
synth_02658,2026-05-13T16:00:00,bill_payment,132.92,55.6,0,16,4,0,low_amount
synth_02659,2026-05-13T21:00:00,bill_payment,459.31,61.5,0,21,4,0,low_amount
synth_02660,2026-05-14T01:00:00,bill_payment,355.05,76.9,0,1,1,1,low_amount
synth_02661,2026-05-14T12:00:00,reminder,0.0,12.9,0,12,5,0,non_financial_low_risk
synth_02662,2026-05-14T10:00:00,appointment,0.0,75.9,0,10,0,0,non_financial_low_risk
synth_02663,2026-05-14T04:00:00,bill_payment,760.93,126.7,1,4,5,0,recurring_suppressed
synth_02664,2026-05-14T18:00:00,paperwork,0.0,62.8,0,18,5,0,non_financial_low_risk
synth_02665,2026-05-14T06:00:00,bill_payment,72.76,50.9,0,6,0,0,low_amount
synth_02666,2026-05-14T18:00:00,bill_payment,30.0,30.5,1,18,3,0,recurring_suppressed
synth_02667,2026-05-14T01:00:00,reminder,0.0,7.5,0,1,5,0,non_financial_low_risk
synth_02668,2026-05-14T14:00:00,bill_payment,79.33,55.7,0,14,3,0,low_amount
synth_02669,2026-05-14T19:00:00,appointment,0.0,2.6,0,19,6,0,non_financial_low_risk
synth_02670,2026-05-14T03:00:00,bill_payment,43.66,6.7,1,3,4,0,recurring_suppressed
synth_02671,2026-05-14T07:00:00,bill_payment,514.91,124.7,0,7,1,0,low_amount
synth_02672,2026-05-14T09:00:00,paperwork,0.0,11.6,0,9,4,0,non_financial_low_risk
synth_02673,2026-05-14T16:00:00,bill_payment,26.19,52.5,0,16,0,0,low_amount
synth_02674,2026-05-14T02:00:00,paperwork,0.0,9.3,0,2,2,1,non_financial_low_risk
synth_02675,2026-05-14T16:00:00,appointment,0.0,24.1,0,16,1,0,non_financial_low_risk
synth_02676,2026-05-14T10:00:00,reminder,0.0,41.2,0,10,1,0,non_financial_low_risk
synth_02677,2026-05-14T23:00:00,bill_payment,264.05,21.9,0,23,3,0,low_amount
synth_02678,2026-05-14T21:00:00,bill_payment,558.3,78.6,1,21,4,0,recurring_suppressed
synth_02679,2026-05-14T14:00:00,bill_payment,307.75,0.8,1,14,0,1,deadline_override
synth_02680,2026-05-15T04:00:00,bill_payment,919.33,37.2,0,4,1,1,high_amount
synth_02681,2026-05-15T03:00:00,bill_payment,69.74,31.6,1,3,2,0,recurring_suppressed
synth_02682,2026-05-15T08:00:00,appointment,0.0,39.1,0,8,0,0,non_financial_low_risk
synth_02683,2026-05-15T23:00:00,appointment,0.0,28.1,0,23,0,0,non_financial_low_risk
synth_02684,2026-05-15T07:00:00,reminder,0.0,1.1,0,7,1,1,non_financial_but_imminent
synth_02685,2026-05-15T05:00:00,bill_payment,2603.16,20.1,1,5,6,1,high_amount
synth_02686,2026-05-15T22:00:00,appointment,0.0,0.4,0,22,5,1,non_financial_but_imminent
synth_02687,2026-05-15T20:00:00,bill_payment,10,150.6,0,20,3,0,low_amount
synth_02688,2026-05-15T02:00:00,reminder,0.0,17.7,0,2,2,0,non_financial_low_risk
synth_02689,2026-05-15T11:00:00,appointment,0.0,299.3,0,11,2,0,non_financial_low_risk
synth_02690,2026-05-15T08:00:00,bill_payment,59.11,5.4,0,8,3,1,deadline_override
synth_02691,2026-05-15T01:00:00,bill_payment,232.56,76.6,0,1,1,1,low_amount
synth_02692,2026-05-15T17:00:00,reminder,0.0,75.5,0,17,1,0,non_financial_low_risk
synth_02693,2026-05-15T17:00:00,bill_payment,256.29,8.5,0,17,0,0,low_amount
synth_02694,2026-05-15T14:00:00,paperwork,0.0,53.2,0,14,0,0,non_financial_low_risk
synth_02695,2026-05-15T14:00:00,bill_payment,304.47,10.4,1,14,0,0,recurring_suppressed
synth_02696,2026-05-15T02:00:00,appointment,0.0,12.5,0,2,0,0,non_financial_low_risk
synth_02697,2026-05-15T06:00:00,bill_payment,145.65,24.6,1,6,0,1,recurring_suppressed
synth_02698,2026-05-15T22:00:00,bill_payment,19.54,54.2,0,22,3,0,low_amount
synth_02699,2026-05-15T17:00:00,appointment,0.0,11.0,0,17,0,0,non_financial_low_risk
synth_02700,2026-05-16T06:00:00,reminder,0.0,78.1,0,6,4,0,non_financial_low_risk
synth_02701,2026-05-16T14:00:00,paperwork,0.0,120.9,0,14,2,0,non_financial_low_risk
synth_02702,2026-05-16T04:00:00,reminder,0.0,27.6,0,4,0,0,non_financial_low_risk
synth_02703,2026-05-16T01:00:00,bill_payment,84.09,92.3,1,1,2,0,recurring_suppressed
synth_02704,2026-05-16T03:00:00,bill_payment,87.03,42.7,0,3,0,0,low_amount
synth_02705,2026-05-16T08:00:00,appointment,0.0,30.2,0,8,0,1,non_financial_low_risk
synth_02706,2026-05-16T17:00:00,appointment,0.0,42.3,0,17,6,0,non_financial_low_risk
synth_02707,2026-05-16T08:00:00,bill_payment,789.07,93.7,0,8,4,1,low_amount
synth_02708,2026-05-16T19:00:00,bill_payment,225.61,79.2,1,19,6,0,recurring_suppressed
synth_02709,2026-05-16T16:00:00,reminder,0.0,73.4,0,16,3,0,non_financial_low_risk
synth_02710,2026-05-16T18:00:00,appointment,0.0,10.6,0,18,3,0,non_financial_low_risk
synth_02711,2026-05-16T17:00:00,paperwork,0.0,23.1,0,17,5,0,non_financial_low_risk
synth_02712,2026-05-16T01:00:00,bill_payment,115.9,11.7,1,1,3,0,recurring_suppressed
synth_02713,2026-05-16T23:00:00,bill_payment,80.68,18.7,1,23,5,0,recurring_suppressed
synth_02714,2026-05-16T18:00:00,appointment,0.0,43.4,0,18,4,0,non_financial_low_risk
synth_02715,2026-05-16T00:00:00,reminder,0.0,28.4,0,0,0,0,non_financial_low_risk
synth_02716,2026-05-16T13:00:00,reminder,0.0,8.7,0,13,6,0,non_financial_low_risk
synth_02717,2026-05-16T14:00:00,appointment,0.0,1.3,0,14,0,1,non_financial_but_imminent
synth_02718,2026-05-16T05:00:00,paperwork,0.0,37.3,0,5,0,0,non_financial_low_risk
synth_02719,2026-05-16T20:00:00,bill_payment,21.62,1.3,0,20,2,1,deadline_override
synth_02720,2026-05-17T02:00:00,reminder,0.0,132.3,0,2,1,0,non_financial_low_risk
synth_02721,2026-05-17T16:00:00,paperwork,0.0,45.8,0,16,4,0,non_financial_low_risk
synth_02722,2026-05-17T04:00:00,reminder,0.0,42.2,0,4,0,0,non_financial_low_risk
synth_02723,2026-05-17T00:00:00,bill_payment,150.91,16.4,0,0,6,0,low_amount
synth_02724,2026-05-17T05:00:00,bill_payment,171.81,14.5,0,5,6,0,low_amount
synth_02725,2026-05-17T16:00:00,reminder,0.0,103.2,0,16,4,0,non_financial_low_risk
synth_02726,2026-05-17T00:00:00,bill_payment,10,37.2,1,0,2,0,recurring_suppressed
synth_02727,2026-05-17T06:00:00,bill_payment,53.64,84.7,1,6,3,0,recurring_suppressed
synth_02728,2026-05-17T16:00:00,bill_payment,68.32,52.9,0,16,3,0,low_amount
synth_02729,2026-05-17T19:00:00,appointment,0.0,75.2,0,19,5,0,non_financial_low_risk
synth_02730,2026-05-17T23:00:00,reminder,0.0,7.8,0,23,6,0,non_financial_low_risk
synth_02731,2026-05-17T15:00:00,reminder,0.0,53.3,0,15,5,0,non_financial_low_risk
synth_02732,2026-05-17T02:00:00,bill_payment,184.48,6.0,0,2,6,1,deadline_override
synth_02733,2026-05-17T15:00:00,bill_payment,113.08,38.5,1,15,2,0,recurring_suppressed
synth_02734,2026-05-17T07:00:00,paperwork,0.0,38.7,0,7,2,0,non_financial_low_risk
synth_02735,2026-05-17T21:00:00,bill_payment,393.68,76.7,0,21,5,0,low_amount
synth_02736,2026-05-17T17:00:00,bill_payment,98.46,86.5,0,17,1,0,low_amount
synth_02737,2026-05-17T08:00:00,reminder,0.0,26.9,0,8,3,0,non_financial_low_risk
synth_02738,2026-05-17T05:00:00,bill_payment,130.99,19.8,0,5,2,0,low_amount
synth_02739,2026-05-17T18:00:00,bill_payment,208.37,38.0,1,18,6,0,recurring_suppressed
synth_02740,2026-05-18T13:00:00,bill_payment,79.73,12.4,1,13,1,0,recurring_suppressed
synth_02741,2026-05-18T02:00:00,bill_payment,168.85,3.4,1,2,0,1,deadline_override
synth_02742,2026-05-18T11:00:00,bill_payment,668.22,67.8,0,11,5,0,low_amount
synth_02743,2026-05-18T06:00:00,appointment,0.0,81.0,0,6,5,0,non_financial_low_risk
synth_02744,2026-05-18T07:00:00,bill_payment,137.1,0.0,1,7,0,1,deadline_override
synth_02745,2026-05-18T05:00:00,bill_payment,153.66,72.6,0,5,2,0,low_amount
synth_02746,2026-05-18T10:00:00,bill_payment,95.91,6.4,1,10,5,1,recurring_suppressed
synth_02747,2026-05-18T15:00:00,bill_payment,183.49,3.1,0,15,5,1,deadline_override
synth_02748,2026-05-18T19:00:00,appointment,0.0,57.8,0,19,4,0,non_financial_low_risk
synth_02749,2026-05-18T17:00:00,appointment,0.0,2.1,0,17,5,1,non_financial_low_risk
synth_02750,2026-05-18T13:00:00,bill_payment,309.85,15.2,0,13,4,0,low_amount
synth_02751,2026-05-18T12:00:00,bill_payment,68.97,9.8,0,12,2,0,low_amount
synth_02752,2026-05-18T07:00:00,appointment,0.0,37.1,0,7,5,0,non_financial_low_risk
synth_02753,2026-05-18T09:00:00,bill_payment,221.34,127.9,0,9,5,0,low_amount
synth_02754,2026-05-18T03:00:00,bill_payment,98.7,18.1,0,3,0,0,low_amount
synth_02755,2026-05-18T01:00:00,paperwork,0.0,54.6,0,1,6,0,non_financial_low_risk
synth_02756,2026-05-18T22:00:00,appointment,0.0,21.5,0,22,3,0,non_financial_low_risk
synth_02757,2026-05-18T07:00:00,bill_payment,37.03,26.4,0,7,6,0,low_amount
synth_02758,2026-05-18T12:00:00,paperwork,0.0,38.9,0,12,1,0,non_financial_low_risk
synth_02759,2026-05-18T12:00:00,bill_payment,24.68,19.1,0,12,3,1,low_amount
synth_02760,2026-05-19T18:00:00,bill_payment,295.52,79.0,1,18,2,0,recurring_suppressed
synth_02761,2026-05-19T23:00:00,bill_payment,102.17,96.2,0,23,6,0,low_amount
synth_02762,2026-05-19T00:00:00,bill_payment,147.68,74.7,1,0,6,0,recurring_suppressed
synth_02763,2026-05-19T00:00:00,bill_payment,118.3,67.8,0,0,4,0,low_amount
synth_02764,2026-05-19T07:00:00,reminder,0.0,70.1,0,7,1,0,non_financial_low_risk
synth_02765,2026-05-19T04:00:00,paperwork,0.0,1.4,0,4,1,1,non_financial_but_imminent
synth_02766,2026-05-19T12:00:00,bill_payment,53.26,57.9,1,12,5,0,recurring_suppressed
synth_02767,2026-05-19T01:00:00,appointment,0.0,12.5,0,1,0,0,non_financial_low_risk
synth_02768,2026-05-19T05:00:00,appointment,0.0,8.4,0,5,0,0,non_financial_low_risk
synth_02769,2026-05-19T12:00:00,bill_payment,47.36,56.8,0,12,1,0,low_amount
synth_02770,2026-05-19T03:00:00,appointment,0.0,23.7,0,3,0,0,non_financial_low_risk
synth_02771,2026-05-19T11:00:00,paperwork,0.0,5.1,0,11,6,0,non_financial_low_risk
synth_02772,2026-05-19T16:00:00,reminder,0.0,36.6,0,16,5,0,non_financial_low_risk
synth_02773,2026-05-19T22:00:00,bill_payment,26.0,34.9,0,22,3,0,low_amount
synth_02774,2026-05-19T14:00:00,bill_payment,348.87,43.4,0,14,6,0,low_amount
synth_02775,2026-05-19T04:00:00,reminder,0.0,15.3,0,4,5,0,non_financial_low_risk
synth_02776,2026-05-19T07:00:00,bill_payment,159.23,68.4,0,7,3,0,low_amount
synth_02777,2026-05-19T17:00:00,appointment,0.0,23.4,0,17,0,0,non_financial_low_risk
synth_02778,2026-05-19T05:00:00,bill_payment,306.2,196.7,0,5,2,0,low_amount
synth_02779,2026-05-19T07:00:00,appointment,0.0,57.0,0,7,4,0,non_financial_low_risk
synth_02780,2026-05-20T14:00:00,bill_payment,457.28,50.8,1,14,2,0,recurring_suppressed
synth_02781,2026-05-20T02:00:00,reminder,0.0,89.6,0,2,0,0,non_financial_low_risk
synth_02782,2026-05-20T15:00:00,bill_payment,61.87,69.6,0,15,5,0,low_amount
synth_02783,2026-05-20T14:00:00,paperwork,0.0,196.4,0,14,3,0,non_financial_low_risk
synth_02784,2026-05-20T05:00:00,bill_payment,28.44,49.7,0,5,3,0,low_amount
synth_02785,2026-05-20T15:00:00,bill_payment,578.94,55.5,0,15,2,0,low_amount
synth_02786,2026-05-20T02:00:00,appointment,0.0,3.0,0,2,4,0,non_financial_low_risk
synth_02787,2026-05-20T08:00:00,reminder,0.0,84.1,0,8,2,0,non_financial_low_risk
synth_02788,2026-05-20T08:00:00,bill_payment,566.08,37.8,0,8,4,0,low_amount
synth_02789,2026-05-20T22:00:00,bill_payment,71.16,1.7,0,22,6,1,deadline_override
synth_02790,2026-05-20T13:00:00,bill_payment,118.3,34.7,1,13,2,0,recurring_suppressed
synth_02791,2026-05-20T01:00:00,bill_payment,36.43,21.4,1,1,6,0,recurring_suppressed
synth_02792,2026-05-20T22:00:00,paperwork,0.0,101.4,0,22,0,0,non_financial_low_risk
synth_02793,2026-05-20T17:00:00,appointment,0.0,28.7,0,17,0,1,non_financial_low_risk
synth_02794,2026-05-20T23:00:00,appointment,0.0,67.6,0,23,5,0,non_financial_low_risk
synth_02795,2026-05-20T17:00:00,appointment,0.0,6.3,0,17,3,0,non_financial_low_risk
synth_02796,2026-05-20T17:00:00,appointment,0.0,14.2,0,17,5,0,non_financial_low_risk
synth_02797,2026-05-20T18:00:00,appointment,0.0,41.6,0,18,4,0,non_financial_low_risk
synth_02798,2026-05-20T10:00:00,bill_payment,1569.79,3.0,0,10,3,1,high_amount
synth_02799,2026-05-20T12:00:00,bill_payment,140.65,28.6,1,12,1,1,recurring_suppressed
synth_02800,2026-05-21T08:00:00,bill_payment,434.89,66.1,0,8,1,0,low_amount
synth_02801,2026-05-21T20:00:00,reminder,0.0,85.5,0,20,1,0,non_financial_low_risk
synth_02802,2026-05-21T20:00:00,bill_payment,46.73,5.2,0,20,5,1,deadline_override
synth_02803,2026-05-21T01:00:00,bill_payment,369.28,9.1,0,1,5,0,low_amount
synth_02804,2026-05-21T03:00:00,reminder,0.0,8.8,0,3,0,0,non_financial_low_risk
synth_02805,2026-05-21T16:00:00,bill_payment,101.47,5.8,0,16,6,1,deadline_override
synth_02806,2026-05-21T21:00:00,appointment,0.0,39.2,0,21,3,0,non_financial_low_risk
synth_02807,2026-05-21T02:00:00,bill_payment,243.36,10.1,0,2,2,0,low_amount
synth_02808,2026-05-21T09:00:00,paperwork,0.0,109.5,0,9,2,0,non_financial_low_risk
synth_02809,2026-05-21T16:00:00,appointment,0.0,4.3,0,16,6,1,non_financial_low_risk
synth_02810,2026-05-21T17:00:00,appointment,0.0,26.2,0,17,5,0,non_financial_low_risk
synth_02811,2026-05-21T23:00:00,bill_payment,50.89,4.9,1,23,6,1,deadline_override
synth_02812,2026-05-21T05:00:00,appointment,0.0,66.8,0,5,0,0,non_financial_low_risk
synth_02813,2026-05-21T23:00:00,paperwork,0.0,137.9,0,23,4,0,non_financial_low_risk
synth_02814,2026-05-21T22:00:00,paperwork,0.0,19.3,0,22,0,0,non_financial_low_risk
synth_02815,2026-05-21T13:00:00,reminder,0.0,53.0,0,13,2,0,non_financial_low_risk
synth_02816,2026-05-21T02:00:00,bill_payment,4083.7,17.1,1,2,5,1,high_amount
synth_02817,2026-05-21T09:00:00,reminder,0.0,12.2,0,9,0,0,non_financial_low_risk
synth_02818,2026-05-21T19:00:00,appointment,0.0,5.1,0,19,6,0,non_financial_low_risk
synth_02819,2026-05-21T15:00:00,appointment,0.0,71.1,0,15,0,0,non_financial_low_risk
synth_02820,2026-05-22T09:00:00,bill_payment,1272.15,27.0,0,9,4,1,high_amount
synth_02821,2026-05-22T19:00:00,appointment,0.0,40.2,0,19,3,0,non_financial_low_risk
synth_02822,2026-05-22T16:00:00,appointment,0.0,73.8,0,16,1,0,non_financial_low_risk
synth_02823,2026-05-22T20:00:00,appointment,0.0,35.2,0,20,4,0,non_financial_low_risk
synth_02824,2026-05-22T20:00:00,appointment,0.0,55.0,0,20,3,0,non_financial_low_risk
synth_02825,2026-05-22T12:00:00,bill_payment,120.17,89.1,0,12,0,0,low_amount
synth_02826,2026-05-22T20:00:00,bill_payment,96.31,213.3,0,20,4,0,low_amount
synth_02827,2026-05-22T00:00:00,paperwork,0.0,9.9,0,0,2,0,non_financial_low_risk
synth_02828,2026-05-22T18:00:00,appointment,0.0,0.3,0,18,2,1,non_financial_but_imminent
synth_02829,2026-05-22T11:00:00,reminder,0.0,73.6,0,11,2,0,non_financial_low_risk
synth_02830,2026-05-22T15:00:00,reminder,0.0,6.0,0,15,3,0,non_financial_low_risk
synth_02831,2026-05-22T02:00:00,bill_payment,370.32,23.3,1,2,0,0,recurring_suppressed
synth_02832,2026-05-22T04:00:00,paperwork,0.0,49.7,0,4,2,0,non_financial_low_risk
synth_02833,2026-05-22T04:00:00,paperwork,0.0,24.7,0,4,3,0,non_financial_low_risk
synth_02834,2026-05-22T01:00:00,bill_payment,215.42,34.5,1,1,6,0,recurring_suppressed
synth_02835,2026-05-22T23:00:00,reminder,0.0,103.4,0,23,5,0,non_financial_low_risk
synth_02836,2026-05-22T17:00:00,reminder,0.0,5.3,0,17,2,0,non_financial_low_risk
synth_02837,2026-05-22T04:00:00,bill_payment,115.84,0.1,0,4,6,1,deadline_override
synth_02838,2026-05-22T18:00:00,appointment,0.0,0.0,0,18,0,1,non_financial_but_imminent
synth_02839,2026-05-22T08:00:00,bill_payment,204.27,58.5,0,8,0,0,low_amount
synth_02840,2026-05-23T10:00:00,bill_payment,138.54,8.5,0,10,5,0,low_amount
synth_02841,2026-05-23T16:00:00,bill_payment,29.38,50.7,0,16,1,0,low_amount
synth_02842,2026-05-23T17:00:00,bill_payment,134.52,243.1,1,17,6,0,recurring_suppressed
synth_02843,2026-05-23T00:00:00,bill_payment,246.53,5.9,0,0,4,1,deadline_override
synth_02844,2026-05-23T21:00:00,appointment,0.0,79.0,0,21,0,0,non_financial_low_risk
synth_02845,2026-05-23T01:00:00,bill_payment,503.61,82.5,1,1,0,0,recurring_suppressed
synth_02846,2026-05-23T21:00:00,paperwork,0.0,43.2,0,21,0,1,non_financial_low_risk
synth_02847,2026-05-23T20:00:00,appointment,0.0,113.5,0,20,0,0,non_financial_low_risk
synth_02848,2026-05-23T22:00:00,appointment,0.0,18.0,0,22,2,0,non_financial_low_risk
synth_02849,2026-05-23T17:00:00,bill_payment,577.62,35.4,0,17,4,0,low_amount
synth_02850,2026-05-23T19:00:00,reminder,0.0,20.3,0,19,2,0,non_financial_low_risk
synth_02851,2026-05-23T23:00:00,appointment,0.0,5.9,0,23,0,0,non_financial_low_risk
synth_02852,2026-05-23T04:00:00,paperwork,0.0,34.7,0,4,3,0,non_financial_low_risk
synth_02853,2026-05-23T01:00:00,bill_payment,162.74,70.7,0,1,2,0,low_amount
synth_02854,2026-05-23T02:00:00,bill_payment,694.12,24.8,0,2,3,0,low_amount
synth_02855,2026-05-23T10:00:00,bill_payment,104.04,69.3,0,10,6,0,low_amount
synth_02856,2026-05-23T18:00:00,bill_payment,735.89,65.7,0,18,4,0,low_amount
synth_02857,2026-05-23T09:00:00,paperwork,0.0,13.9,0,9,4,0,non_financial_low_risk
synth_02858,2026-05-23T10:00:00,appointment,0.0,164.7,0,10,6,0,non_financial_low_risk
synth_02859,2026-05-23T20:00:00,reminder,0.0,76.7,0,20,6,0,non_financial_low_risk
synth_02860,2026-05-24T10:00:00,reminder,0.0,37.3,0,10,2,0,non_financial_low_risk
synth_02861,2026-05-24T22:00:00,paperwork,0.0,125.6,0,22,0,0,non_financial_low_risk
synth_02862,2026-05-24T18:00:00,bill_payment,105.92,155.6,1,18,1,0,recurring_suppressed
synth_02863,2026-05-24T09:00:00,bill_payment,456.68,2.1,0,9,5,0,deadline_override
synth_02864,2026-05-24T07:00:00,reminder,0.0,5.1,0,7,0,0,non_financial_low_risk
synth_02865,2026-05-24T16:00:00,reminder,0.0,29.8,0,16,3,0,non_financial_low_risk
synth_02866,2026-05-24T10:00:00,reminder,0.0,0.9,0,10,6,1,non_financial_but_imminent
synth_02867,2026-05-24T01:00:00,reminder,0.0,55.0,0,1,5,0,non_financial_low_risk
synth_02868,2026-05-24T22:00:00,bill_payment,108.0,81.7,0,22,0,0,low_amount
synth_02869,2026-05-24T21:00:00,reminder,0.0,107.3,0,21,1,0,non_financial_low_risk
synth_02870,2026-05-24T18:00:00,reminder,0.0,73.8,0,18,2,0,non_financial_low_risk
synth_02871,2026-05-24T02:00:00,bill_payment,48.98,80.3,0,2,2,0,low_amount
synth_02872,2026-05-24T20:00:00,bill_payment,246.41,101.2,0,20,5,0,low_amount
synth_02873,2026-05-24T15:00:00,bill_payment,287.13,1.6,1,15,0,1,deadline_override
synth_02874,2026-05-24T14:00:00,paperwork,0.0,89.3,0,14,4,0,non_financial_low_risk
synth_02875,2026-05-24T18:00:00,reminder,0.0,59.1,0,18,5,0,non_financial_low_risk
synth_02876,2026-05-24T12:00:00,bill_payment,19.27,3.3,1,12,2,1,deadline_override
synth_02877,2026-05-24T23:00:00,appointment,0.0,168.1,0,23,0,0,non_financial_low_risk
synth_02878,2026-05-24T08:00:00,reminder,0.0,6.1,0,8,2,0,non_financial_low_risk
synth_02879,2026-05-24T03:00:00,bill_payment,95.7,17.1,0,3,1,0,low_amount
synth_02880,2026-05-25T07:00:00,bill_payment,1112.3,154.3,0,7,2,1,high_amount
synth_02881,2026-05-25T15:00:00,bill_payment,36.58,1.6,0,15,4,1,deadline_override
synth_02882,2026-05-25T08:00:00,bill_payment,163.49,23.5,0,8,0,0,low_amount
synth_02883,2026-05-25T16:00:00,reminder,0.0,266.4,0,16,2,0,non_financial_low_risk
synth_02884,2026-05-25T09:00:00,bill_payment,380.06,10.3,0,9,4,0,low_amount
synth_02885,2026-05-25T00:00:00,reminder,0.0,95.0,0,0,0,0,non_financial_low_risk
synth_02886,2026-05-25T05:00:00,appointment,0.0,68.3,0,5,2,0,non_financial_low_risk
synth_02887,2026-05-25T12:00:00,bill_payment,640.13,3.6,1,12,2,1,deadline_override
synth_02888,2026-05-25T03:00:00,reminder,0.0,9.7,0,3,3,0,non_financial_low_risk
synth_02889,2026-05-25T01:00:00,bill_payment,11.94,3.5,0,1,4,0,deadline_override
synth_02890,2026-05-25T21:00:00,reminder,0.0,26.3,0,21,0,0,non_financial_low_risk
synth_02891,2026-05-25T07:00:00,bill_payment,439.95,117.5,0,7,0,0,low_amount
synth_02892,2026-05-25T12:00:00,reminder,0.0,4.4,0,12,3,0,non_financial_low_risk
synth_02893,2026-05-25T14:00:00,bill_payment,456.22,54.4,0,14,2,0,low_amount
synth_02894,2026-05-25T17:00:00,reminder,0.0,39.0,0,17,3,0,non_financial_low_risk
synth_02895,2026-05-25T05:00:00,appointment,0.0,9.9,0,5,4,0,non_financial_low_risk
synth_02896,2026-05-25T12:00:00,paperwork,0.0,17.9,0,12,0,0,non_financial_low_risk
synth_02897,2026-05-25T05:00:00,paperwork,0.0,26.1,0,5,6,1,non_financial_low_risk
synth_02898,2026-05-25T11:00:00,appointment,0.0,29.4,0,11,4,0,non_financial_low_risk
synth_02899,2026-05-25T11:00:00,bill_payment,226.07,114.2,1,11,6,0,recurring_suppressed
synth_02900,2026-05-26T05:00:00,paperwork,0.0,38.4,0,5,1,0,non_financial_low_risk
synth_02901,2026-05-26T19:00:00,reminder,0.0,5.0,0,19,5,0,non_financial_low_risk
synth_02902,2026-05-26T15:00:00,bill_payment,745.92,6.4,0,15,5,1,low_amount
synth_02903,2026-05-26T17:00:00,bill_payment,40.48,36.8,0,17,0,0,low_amount
synth_02904,2026-05-26T14:00:00,reminder,0.0,40.4,0,14,5,0,non_financial_low_risk
synth_02905,2026-05-26T10:00:00,bill_payment,265.64,34.9,0,10,1,0,low_amount
synth_02906,2026-05-26T06:00:00,paperwork,0.0,57.7,0,6,0,0,non_financial_low_risk
synth_02907,2026-05-26T16:00:00,bill_payment,811.94,41.9,0,16,2,1,high_amount
synth_02908,2026-05-26T21:00:00,reminder,0.0,96.6,0,21,0,0,non_financial_low_risk
synth_02909,2026-05-26T06:00:00,bill_payment,330.98,0.1,1,6,4,1,deadline_override
synth_02910,2026-05-26T23:00:00,bill_payment,439.99,124.0,0,23,0,0,low_amount
synth_02911,2026-05-26T18:00:00,reminder,0.0,150.5,0,18,4,0,non_financial_low_risk
synth_02912,2026-05-26T23:00:00,paperwork,0.0,53.7,0,23,5,0,non_financial_low_risk
synth_02913,2026-05-26T04:00:00,bill_payment,34.01,7.8,0,4,5,0,low_amount
synth_02914,2026-05-26T04:00:00,bill_payment,44.97,10.4,0,4,4,0,low_amount
synth_02915,2026-05-26T01:00:00,bill_payment,47.23,10.5,0,1,2,0,low_amount
synth_02916,2026-05-26T14:00:00,appointment,0.0,131.1,0,14,3,0,non_financial_low_risk
synth_02917,2026-05-26T21:00:00,bill_payment,223.71,12.2,0,21,0,0,low_amount
synth_02918,2026-05-26T21:00:00,reminder,0.0,4.5,0,21,6,0,non_financial_low_risk
synth_02919,2026-05-26T12:00:00,paperwork,0.0,30.4,0,12,6,0,non_financial_low_risk
synth_02920,2026-05-27T23:00:00,reminder,0.0,8.3,0,23,4,0,non_financial_low_risk
synth_02921,2026-05-27T07:00:00,reminder,0.0,1.4,0,7,6,1,non_financial_but_imminent
synth_02922,2026-05-27T19:00:00,appointment,0.0,15.5,0,19,3,0,non_financial_low_risk
synth_02923,2026-05-27T12:00:00,bill_payment,618.6,0.7,1,12,4,1,deadline_override
synth_02924,2026-05-27T12:00:00,reminder,0.0,26.0,0,12,3,0,non_financial_low_risk
synth_02925,2026-05-27T07:00:00,reminder,0.0,2.0,0,7,5,0,non_financial_low_risk
synth_02926,2026-05-27T18:00:00,bill_payment,292.29,21.6,1,18,2,0,recurring_suppressed
synth_02927,2026-05-27T01:00:00,paperwork,0.0,17.2,0,1,3,0,non_financial_low_risk
synth_02928,2026-05-27T18:00:00,bill_payment,64.98,70.6,0,18,3,0,low_amount
synth_02929,2026-05-27T12:00:00,bill_payment,188.08,10.1,0,12,1,0,low_amount
synth_02930,2026-05-27T04:00:00,paperwork,0.0,4.4,0,4,2,0,non_financial_low_risk
synth_02931,2026-05-27T04:00:00,bill_payment,63.13,57.1,1,4,0,0,recurring_suppressed
synth_02932,2026-05-27T01:00:00,reminder,0.0,48.5,0,1,4,0,non_financial_low_risk
synth_02933,2026-05-27T21:00:00,reminder,0.0,43.3,0,21,4,0,non_financial_low_risk
synth_02934,2026-05-27T20:00:00,appointment,0.0,25.1,0,20,1,0,non_financial_low_risk
synth_02935,2026-05-27T21:00:00,reminder,0.0,59.6,0,21,4,0,non_financial_low_risk
synth_02936,2026-05-27T23:00:00,bill_payment,44.81,78.5,0,23,2,0,low_amount
synth_02937,2026-05-27T11:00:00,reminder,0.0,9.9,0,11,5,0,non_financial_low_risk
synth_02938,2026-05-27T08:00:00,appointment,0.0,12.2,0,8,1,0,non_financial_low_risk
synth_02939,2026-05-27T21:00:00,bill_payment,218.7,58.8,0,21,4,0,low_amount
synth_02940,2026-05-28T14:00:00,bill_payment,76.19,54.0,0,14,3,0,low_amount
synth_02941,2026-05-28T08:00:00,reminder,0.0,76.7,0,8,5,0,non_financial_low_risk
synth_02942,2026-05-28T06:00:00,reminder,0.0,48.5,0,6,2,0,non_financial_low_risk
synth_02943,2026-05-28T12:00:00,bill_payment,73.33,62.5,0,12,6,0,low_amount
synth_02944,2026-05-28T17:00:00,bill_payment,94.63,20.2,0,17,5,0,low_amount
synth_02945,2026-05-28T19:00:00,appointment,0.0,124.5,0,19,2,0,non_financial_low_risk
synth_02946,2026-05-28T12:00:00,paperwork,0.0,9.8,0,12,4,0,non_financial_low_risk
synth_02947,2026-05-28T12:00:00,paperwork,0.0,22.3,0,12,3,0,non_financial_low_risk
synth_02948,2026-05-28T03:00:00,bill_payment,85.16,72.0,0,3,2,0,low_amount
synth_02949,2026-05-28T05:00:00,bill_payment,228.25,37.7,1,5,3,0,recurring_suppressed
synth_02950,2026-05-28T18:00:00,bill_payment,89.98,60.8,1,18,3,0,recurring_suppressed
synth_02951,2026-05-28T21:00:00,paperwork,0.0,12.3,0,21,0,1,non_financial_low_risk
synth_02952,2026-05-28T15:00:00,appointment,0.0,63.0,0,15,4,0,non_financial_low_risk
synth_02953,2026-05-28T03:00:00,reminder,0.0,7.4,0,3,0,0,non_financial_low_risk
synth_02954,2026-05-28T17:00:00,appointment,0.0,4.7,0,17,2,0,non_financial_low_risk
synth_02955,2026-05-28T16:00:00,bill_payment,846.72,64.5,1,16,6,0,recurring_suppressed
synth_02956,2026-05-28T06:00:00,bill_payment,3297.65,33.1,1,6,5,1,high_amount
synth_02957,2026-05-28T21:00:00,reminder,0.0,130.3,0,21,0,0,non_financial_low_risk
synth_02958,2026-05-28T14:00:00,bill_payment,46.54,7.7,0,14,3,0,low_amount
synth_02959,2026-05-28T08:00:00,bill_payment,264.76,10.4,1,8,0,0,recurring_suppressed
synth_02960,2026-05-29T17:00:00,bill_payment,778.23,81.1,0,17,0,1,low_amount
synth_02961,2026-05-29T16:00:00,reminder,0.0,18.9,0,16,5,0,non_financial_low_risk
synth_02962,2026-05-29T02:00:00,bill_payment,691.16,55.1,0,2,2,0,low_amount
synth_02963,2026-05-29T06:00:00,appointment,0.0,90.0,0,6,0,0,non_financial_low_risk
synth_02964,2026-05-29T18:00:00,appointment,0.0,12.3,0,18,5,0,non_financial_low_risk
synth_02965,2026-05-29T12:00:00,paperwork,0.0,11.8,0,12,4,0,non_financial_low_risk
synth_02966,2026-05-29T05:00:00,appointment,0.0,32.7,0,5,0,0,non_financial_low_risk
synth_02967,2026-05-29T05:00:00,bill_payment,211.88,8.0,0,5,5,1,low_amount
synth_02968,2026-05-29T20:00:00,appointment,0.0,41.1,0,20,6,0,non_financial_low_risk
synth_02969,2026-05-29T21:00:00,bill_payment,48.37,45.9,0,21,5,0,low_amount
synth_02970,2026-05-29T22:00:00,bill_payment,26.18,70.7,0,22,4,0,low_amount
synth_02971,2026-05-29T00:00:00,appointment,0.0,44.9,0,0,2,0,non_financial_low_risk
synth_02972,2026-05-29T07:00:00,appointment,0.0,56.8,0,7,6,0,non_financial_low_risk
synth_02973,2026-05-29T12:00:00,bill_payment,126.63,20.7,1,12,0,0,recurring_suppressed
synth_02974,2026-05-29T16:00:00,appointment,0.0,29.5,0,16,1,0,non_financial_low_risk
synth_02975,2026-05-29T16:00:00,appointment,0.0,154.0,0,16,6,0,non_financial_low_risk
synth_02976,2026-05-29T03:00:00,reminder,0.0,23.0,0,3,0,0,non_financial_low_risk
synth_02977,2026-05-29T07:00:00,bill_payment,17.7,145.9,0,7,4,0,low_amount
synth_02978,2026-05-29T02:00:00,appointment,0.0,9.7,0,2,6,0,non_financial_low_risk
synth_02979,2026-05-29T22:00:00,paperwork,0.0,47.8,0,22,6,0,non_financial_low_risk
synth_02980,2026-05-30T15:00:00,reminder,0.0,72.5,0,15,1,0,non_financial_low_risk
synth_02981,2026-05-30T06:00:00,paperwork,0.0,6.7,0,6,1,0,non_financial_low_risk
synth_02982,2026-05-30T05:00:00,reminder,0.0,7.3,0,5,5,0,non_financial_low_risk
synth_02983,2026-05-30T09:00:00,appointment,0.0,67.4,0,9,2,0,non_financial_low_risk
synth_02984,2026-05-30T05:00:00,bill_payment,230.71,52.5,0,5,1,0,low_amount
synth_02985,2026-05-30T20:00:00,bill_payment,91.12,2.4,0,20,6,1,deadline_override
synth_02986,2026-05-30T20:00:00,reminder,0.0,13.5,0,20,0,0,non_financial_low_risk
synth_02987,2026-05-30T15:00:00,bill_payment,293.54,5.3,1,15,5,1,deadline_override
synth_02988,2026-05-30T03:00:00,reminder,0.0,143.6,0,3,5,0,non_financial_low_risk
synth_02989,2026-05-30T09:00:00,bill_payment,278.14,51.9,0,9,5,0,low_amount
synth_02990,2026-05-30T21:00:00,appointment,0.0,61.1,0,21,2,0,non_financial_low_risk
synth_02991,2026-05-30T02:00:00,bill_payment,66.43,21.5,1,2,6,0,recurring_suppressed
synth_02992,2026-05-30T02:00:00,appointment,0.0,3.3,0,2,3,0,non_financial_low_risk
synth_02993,2026-05-30T21:00:00,bill_payment,241.74,15.2,0,21,0,0,low_amount
synth_02994,2026-05-30T00:00:00,bill_payment,123.44,78.4,1,0,6,0,recurring_suppressed
synth_02995,2026-05-30T20:00:00,bill_payment,128.17,0.7,0,20,3,1,deadline_override
synth_02996,2026-05-30T09:00:00,paperwork,0.0,4.5,0,9,0,0,non_financial_low_risk
synth_02997,2026-05-30T13:00:00,appointment,0.0,66.9,0,13,4,0,non_financial_low_risk
synth_02998,2026-05-30T12:00:00,appointment,0.0,50.0,0,12,0,0,non_financial_low_risk
synth_02999,2026-05-30T05:00:00,appointment,0.0,11.7,0,5,3,0,non_financial_low_risk
