task_id,action_type,agent_confidence,user_past_accept_rate,action_reversibility,deviation_from_routine,accept_label,_generating_rule
style_synth_00000,schedule_event,0.602,0.835,0.03,0.135,0,risky_irreversible_low_conf
style_synth_00001,send_reminder,0.685,0.684,0.359,0.436,0,low_confidence_default_reject
style_synth_00002,reorganize_files,0.448,0.774,0.773,0.383,0,low_confidence_default_reject
style_synth_00003,schedule_event,0.621,0.461,0.685,0.613,0,novel_action_distrust
style_synth_00004,draft_message,0.47,0.246,0.143,0.117,0,risky_irreversible_low_conf
style_synth_00005,send_reminder,0.88,0.88,0.996,0.238,1,high_trust_high_conf
style_synth_00006,draft_message,0.861,0.091,0.762,0.256,0,low_trust_user
style_synth_00007,pay_bill,0.563,0.242,0.832,0.115,0,low_trust_user
style_synth_00008,reorganize_files,0.792,0.779,0.607,0.361,1,high_trust_high_conf
style_synth_00009,draft_message,0.878,0.64,0.071,0.204,1,confident_default_accept
style_synth_00010,pay_bill,0.624,0.826,0.407,0.117,0,low_confidence_default_reject
style_synth_00011,schedule_event,0.92,0.63,0.449,0.325,1,confident_default_accept
style_synth_00012,send_reminder,0.521,0.488,0.481,0.575,0,low_confidence_default_reject
style_synth_00013,draft_message,0.568,0.455,0.748,0.073,0,low_confidence_default_reject
style_synth_00014,send_reminder,0.47,0.418,0.419,0.263,0,low_confidence_default_reject
style_synth_00015,draft_message,0.64,0.365,0.349,0.108,0,low_confidence_default_reject
style_synth_00016,draft_message,0.663,0.63,0.272,0.446,0,risky_irreversible_low_conf
style_synth_00017,reorganize_files,0.904,0.533,0.561,0.085,0,confident_default_accept
style_synth_00018,draft_message,0.895,0.574,0.21,0.122,1,confident_default_accept
style_synth_00019,send_reminder,0.876,0.578,0.735,0.137,0,confident_default_accept
style_synth_00020,reorganize_files,0.644,0.922,0.328,0.615,0,novel_action_distrust
style_synth_00021,send_reminder,0.621,0.344,0.436,0.062,0,low_confidence_default_reject
style_synth_00022,pay_bill,0.583,0.394,0.309,0.301,0,low_confidence_default_reject
style_synth_00023,reorganize_files,0.709,0.45,0.465,0.266,1,confident_default_accept
style_synth_00024,pay_bill,0.678,0.489,0.807,0.288,0,low_confidence_default_reject
style_synth_00025,reorganize_files,0.567,0.544,0.518,0.04,0,low_confidence_default_reject
style_synth_00026,send_reminder,0.837,0.552,0.744,0.353,1,confident_default_accept
style_synth_00027,send_reminder,0.738,0.649,0.153,0.193,1,risky_irreversible_low_conf
style_synth_00028,reorganize_files,0.694,0.273,0.538,0.5,0,low_trust_user
style_synth_00029,reorganize_files,0.458,0.543,0.084,0.359,0,risky_irreversible_low_conf
style_synth_00030,reorganize_files,0.723,0.651,0.781,0.523,1,confident_default_accept
style_synth_00031,pay_bill,0.765,0.753,0.929,0.361,1,high_trust_high_conf
style_synth_00032,send_reminder,0.92,0.862,0.783,0.249,1,high_trust_high_conf
style_synth_00033,reorganize_files,0.831,0.703,0.731,0.19,1,high_trust_high_conf
style_synth_00034,schedule_event,0.719,0.429,0.556,0.378,1,confident_default_accept
style_synth_00035,pay_bill,0.769,0.282,0.582,0.294,0,low_trust_user
style_synth_00036,reorganize_files,0.85,0.271,0.216,0.345,0,low_trust_user
style_synth_00037,pay_bill,0.553,0.426,0.103,0.032,0,risky_irreversible_low_conf
style_synth_00038,draft_message,0.947,0.287,0.994,0.098,0,low_trust_user
style_synth_00039,send_reminder,0.777,0.803,0.099,0.525,0,risky_irreversible_low_conf
style_synth_00040,send_reminder,0.796,0.669,0.924,0.406,1,confident_default_accept
style_synth_00041,send_reminder,0.749,0.284,0.921,0.314,0,low_trust_user
style_synth_00042,send_reminder,0.94,0.738,0.836,0.399,1,high_trust_high_conf
style_synth_00043,reorganize_files,0.816,0.588,0.105,0.134,0,risky_irreversible_low_conf
style_synth_00044,send_reminder,0.462,0.907,0.623,0.513,0,low_confidence_default_reject
style_synth_00045,draft_message,0.878,0.769,0.552,0.174,1,high_trust_high_conf
style_synth_00046,draft_message,0.498,0.518,0.508,0.634,0,novel_action_distrust
style_synth_00047,send_reminder,0.742,0.735,0.763,0.137,1,high_trust_high_conf
style_synth_00048,reorganize_files,0.909,0.695,0.821,0.051,1,confident_default_accept
style_synth_00049,reorganize_files,0.285,0.449,0.397,0.071,0,low_confidence_default_reject
style_synth_00050,reorganize_files,0.202,0.844,0.873,0.182,0,low_confidence_default_reject
style_synth_00051,pay_bill,0.525,0.479,0.498,0.287,0,low_confidence_default_reject
style_synth_00052,reorganize_files,0.932,0.448,0.25,0.31,1,confident_default_accept
style_synth_00053,draft_message,0.194,0.425,0.23,0.106,0,risky_irreversible_low_conf
style_synth_00054,pay_bill,0.678,0.643,0.176,0.058,0,risky_irreversible_low_conf
style_synth_00055,reorganize_files,0.835,0.594,0.397,0.698,0,novel_action_distrust
style_synth_00056,schedule_event,0.608,0.859,0.025,0.087,0,risky_irreversible_low_conf
style_synth_00057,draft_message,0.687,0.478,0.655,0.437,0,low_confidence_default_reject
style_synth_00058,pay_bill,0.805,0.407,0.642,0.245,1,confident_default_accept
style_synth_00059,send_reminder,0.584,0.572,0.596,0.218,0,low_confidence_default_reject
style_synth_00060,schedule_event,0.447,0.533,0.109,0.531,0,risky_irreversible_low_conf
style_synth_00061,send_reminder,0.932,0.868,0.444,0.11,1,high_trust_high_conf
style_synth_00062,reorganize_files,0.894,0.602,0.215,0.309,1,confident_default_accept
style_synth_00063,schedule_event,0.781,0.834,0.432,0.583,1,high_trust_high_conf
style_synth_00064,send_reminder,0.737,0.569,0.6,0.303,1,confident_default_accept
style_synth_00065,schedule_event,0.869,0.429,0.622,0.345,1,confident_default_accept
style_synth_00066,schedule_event,0.706,0.147,0.142,0.454,0,risky_irreversible_low_conf
style_synth_00067,draft_message,0.909,0.565,0.442,0.311,1,confident_default_accept
style_synth_00068,send_reminder,0.934,0.688,0.328,0.039,1,confident_default_accept
style_synth_00069,send_reminder,0.793,0.681,0.313,0.219,1,confident_default_accept
style_synth_00070,draft_message,0.619,0.736,0.4,0.063,0,low_confidence_default_reject
style_synth_00071,schedule_event,0.712,0.349,0.236,0.112,0,risky_irreversible_low_conf
style_synth_00072,pay_bill,0.664,0.761,0.631,0.519,0,low_confidence_default_reject
style_synth_00073,schedule_event,0.805,0.72,0.554,0.481,1,high_trust_high_conf
style_synth_00074,draft_message,0.554,0.53,0.524,0.255,1,low_confidence_default_reject
style_synth_00075,draft_message,0.402,0.41,0.333,0.374,0,low_confidence_default_reject
style_synth_00076,reorganize_files,0.839,0.797,0.947,0.096,1,high_trust_high_conf
style_synth_00077,pay_bill,0.822,0.281,0.54,0.368,0,low_trust_user
style_synth_00078,send_reminder,0.457,0.466,0.444,0.201,0,low_confidence_default_reject
style_synth_00079,reorganize_files,0.786,0.713,0.2,0.573,0,risky_irreversible_low_conf
style_synth_00080,schedule_event,0.912,0.41,0.092,0.593,1,confident_default_accept
style_synth_00081,reorganize_files,0.228,0.395,0.706,0.446,0,low_confidence_default_reject
style_synth_00082,send_reminder,0.815,0.407,0.837,0.25,1,confident_default_accept
style_synth_00083,draft_message,0.815,0.622,0.988,0.321,1,confident_default_accept
style_synth_00084,draft_message,0.942,0.595,0.133,0.188,1,confident_default_accept
style_synth_00085,reorganize_files,0.934,0.832,0.042,0.257,1,high_trust_high_conf
style_synth_00086,draft_message,0.676,0.621,0.692,0.29,0,low_confidence_default_reject
style_synth_00087,reorganize_files,0.721,0.433,0.426,0.642,0,novel_action_distrust
style_synth_00088,reorganize_files,0.566,0.65,0.035,0.095,0,risky_irreversible_low_conf
style_synth_00089,send_reminder,0.657,0.399,0.279,0.102,0,risky_irreversible_low_conf
style_synth_00090,send_reminder,0.653,0.881,0.846,0.386,0,low_confidence_default_reject
style_synth_00091,pay_bill,0.709,0.715,0.79,0.056,1,high_trust_high_conf
style_synth_00092,send_reminder,0.696,0.735,0.074,0.412,0,risky_irreversible_low_conf
style_synth_00093,send_reminder,0.639,0.495,0.323,0.21,0,low_confidence_default_reject
style_synth_00094,draft_message,0.733,0.551,0.581,0.184,1,confident_default_accept
style_synth_00095,send_reminder,0.691,0.77,0.06,0.354,0,risky_irreversible_low_conf
style_synth_00096,draft_message,0.826,0.611,0.097,0.169,0,risky_irreversible_low_conf
style_synth_00097,pay_bill,0.702,0.43,0.497,0.1,1,confident_default_accept
style_synth_00098,schedule_event,0.502,0.508,0.764,0.209,0,low_confidence_default_reject
style_synth_00099,schedule_event,0.656,0.791,0.373,0.202,1,low_confidence_default_reject
style_synth_00100,schedule_event,0.59,0.684,0.163,0.127,0,risky_irreversible_low_conf
style_synth_00101,draft_message,0.784,0.307,0.629,0.288,1,confident_default_accept
style_synth_00102,pay_bill,0.895,0.778,0.032,0.068,1,high_trust_high_conf
style_synth_00103,send_reminder,0.942,0.491,0.173,0.171,1,confident_default_accept
style_synth_00104,send_reminder,0.809,0.689,0.69,0.264,1,confident_default_accept
style_synth_00105,draft_message,0.632,0.556,0.288,0.423,0,risky_irreversible_low_conf
style_synth_00106,pay_bill,0.785,0.503,0.905,0.29,1,confident_default_accept
style_synth_00107,pay_bill,0.313,0.825,0.535,0.236,0,low_confidence_default_reject
style_synth_00108,reorganize_files,0.909,0.68,0.641,0.441,1,confident_default_accept
style_synth_00109,schedule_event,0.581,0.283,0.193,0.371,0,risky_irreversible_low_conf
style_synth_00110,reorganize_files,0.9,0.597,0.954,0.522,1,confident_default_accept
style_synth_00111,schedule_event,0.892,0.665,0.639,0.166,1,confident_default_accept
style_synth_00112,draft_message,0.705,0.739,0.873,0.069,1,high_trust_high_conf
style_synth_00113,schedule_event,0.903,0.445,0.717,0.295,1,confident_default_accept
style_synth_00114,reorganize_files,0.72,0.496,0.578,0.144,1,confident_default_accept
style_synth_00115,schedule_event,0.843,0.709,0.449,0.157,1,high_trust_high_conf
style_synth_00116,schedule_event,0.82,0.707,0.765,0.046,1,high_trust_high_conf
style_synth_00117,pay_bill,0.917,0.771,0.864,0.096,1,high_trust_high_conf
style_synth_00118,draft_message,0.473,0.68,0.592,0.36,1,low_confidence_default_reject
style_synth_00119,draft_message,0.824,0.536,0.301,0.554,1,confident_default_accept
style_synth_00120,schedule_event,0.955,0.358,0.874,0.111,1,confident_default_accept
style_synth_00121,draft_message,0.802,0.546,0.696,0.492,1,confident_default_accept
style_synth_00122,reorganize_files,0.826,0.388,0.371,0.332,1,confident_default_accept
style_synth_00123,send_reminder,0.882,0.526,0.685,0.18,1,confident_default_accept
style_synth_00124,pay_bill,0.763,0.81,0.049,0.492,0,risky_irreversible_low_conf
style_synth_00125,schedule_event,0.69,0.544,0.529,0.468,0,low_confidence_default_reject
style_synth_00126,pay_bill,0.771,0.685,0.373,0.199,1,confident_default_accept
style_synth_00127,schedule_event,0.509,0.428,0.858,0.236,0,low_confidence_default_reject
style_synth_00128,send_reminder,0.912,0.933,0.314,0.466,1,high_trust_high_conf
style_synth_00129,pay_bill,0.641,0.381,0.078,0.609,0,risky_irreversible_low_conf
style_synth_00130,send_reminder,0.826,0.317,0.432,0.576,1,confident_default_accept
style_synth_00131,schedule_event,0.399,0.74,0.27,0.126,0,risky_irreversible_low_conf
style_synth_00132,schedule_event,0.479,0.431,0.993,0.138,0,low_confidence_default_reject
style_synth_00133,draft_message,0.742,0.679,0.625,0.503,1,confident_default_accept
style_synth_00134,draft_message,0.837,0.711,0.695,0.304,1,high_trust_high_conf
style_synth_00135,reorganize_files,0.481,0.778,0.831,0.054,0,low_confidence_default_reject
style_synth_00136,draft_message,0.501,0.347,0.507,0.349,0,low_confidence_default_reject
style_synth_00137,schedule_event,0.456,0.548,0.967,0.352,0,low_confidence_default_reject
style_synth_00138,send_reminder,0.848,0.468,0.998,0.184,1,confident_default_accept
style_synth_00139,draft_message,0.71,0.63,0.81,0.091,1,confident_default_accept
style_synth_00140,pay_bill,0.793,0.498,0.657,0.138,1,confident_default_accept
style_synth_00141,schedule_event,0.638,0.399,0.262,0.324,0,risky_irreversible_low_conf
style_synth_00142,reorganize_files,0.639,0.786,0.305,0.143,0,low_confidence_default_reject
style_synth_00143,reorganize_files,0.674,0.583,0.619,0.545,0,low_confidence_default_reject
style_synth_00144,send_reminder,0.617,0.598,0.275,0.316,0,risky_irreversible_low_conf
style_synth_00145,send_reminder,0.819,0.695,0.425,0.512,0,confident_default_accept
style_synth_00146,draft_message,0.7,0.526,0.351,0.535,0,low_confidence_default_reject
style_synth_00147,pay_bill,0.788,0.52,0.952,0.223,0,confident_default_accept
style_synth_00148,draft_message,0.633,0.672,0.452,0.54,0,low_confidence_default_reject
style_synth_00149,draft_message,0.66,0.499,0.968,0.556,0,low_confidence_default_reject
style_synth_00150,pay_bill,0.799,0.839,0.441,0.009,1,high_trust_high_conf
style_synth_00151,draft_message,0.716,0.515,0.699,0.172,1,confident_default_accept
style_synth_00152,reorganize_files,0.182,0.789,0.731,0.071,0,low_confidence_default_reject
style_synth_00153,pay_bill,0.447,0.394,0.616,0.402,0,low_confidence_default_reject
style_synth_00154,reorganize_files,0.77,0.543,0.69,0.588,1,confident_default_accept
style_synth_00155,reorganize_files,0.348,0.57,0.528,0.165,0,low_confidence_default_reject
style_synth_00156,schedule_event,0.856,0.357,0.402,0.497,1,confident_default_accept
style_synth_00157,pay_bill,0.5,0.651,0.239,0.291,1,risky_irreversible_low_conf
style_synth_00158,pay_bill,0.44,0.816,0.781,0.122,1,low_confidence_default_reject
style_synth_00159,send_reminder,0.744,0.214,0.115,0.042,0,risky_irreversible_low_conf
style_synth_00160,pay_bill,0.53,0.343,0.179,0.487,0,risky_irreversible_low_conf
style_synth_00161,draft_message,0.608,0.783,0.972,0.404,0,low_confidence_default_reject
style_synth_00162,schedule_event,0.744,0.785,0.897,0.333,1,high_trust_high_conf
style_synth_00163,schedule_event,0.763,0.527,0.851,0.422,1,confident_default_accept
style_synth_00164,schedule_event,0.85,0.657,0.826,0.114,1,confident_default_accept
style_synth_00165,draft_message,0.856,0.657,0.222,0.121,1,confident_default_accept
style_synth_00166,send_reminder,0.841,0.907,0.168,0.354,0,risky_irreversible_low_conf
style_synth_00167,pay_bill,0.782,0.358,0.499,0.103,1,confident_default_accept
style_synth_00168,pay_bill,0.578,0.666,0.913,0.4,0,low_confidence_default_reject
style_synth_00169,draft_message,0.481,0.478,0.917,0.107,0,low_confidence_default_reject
style_synth_00170,draft_message,0.937,0.564,0.703,0.338,1,confident_default_accept
style_synth_00171,reorganize_files,0.676,0.512,0.341,0.228,0,low_confidence_default_reject
style_synth_00172,schedule_event,0.94,0.571,0.694,0.246,1,confident_default_accept
style_synth_00173,pay_bill,0.549,0.675,0.611,0.359,0,low_confidence_default_reject
style_synth_00174,draft_message,0.858,0.379,0.969,0.383,1,confident_default_accept
style_synth_00175,pay_bill,0.692,0.392,0.547,0.338,0,low_confidence_default_reject
style_synth_00176,pay_bill,0.938,0.574,0.297,0.093,0,confident_default_accept
style_synth_00177,schedule_event,0.606,0.615,0.082,0.201,0,risky_irreversible_low_conf
style_synth_00178,pay_bill,0.707,0.843,0.097,0.402,0,risky_irreversible_low_conf
style_synth_00179,schedule_event,0.84,0.89,0.714,0.202,1,high_trust_high_conf
style_synth_00180,schedule_event,0.509,0.499,0.087,0.201,0,risky_irreversible_low_conf
style_synth_00181,schedule_event,0.786,0.5,0.94,0.097,1,confident_default_accept
style_synth_00182,reorganize_files,0.767,0.45,0.396,0.771,0,novel_action_distrust
style_synth_00183,draft_message,0.526,0.78,0.134,0.349,0,risky_irreversible_low_conf
style_synth_00184,reorganize_files,0.604,0.412,0.851,0.156,0,low_confidence_default_reject
style_synth_00185,draft_message,0.727,0.644,0.961,0.319,1,confident_default_accept
style_synth_00186,schedule_event,0.826,0.724,0.02,0.8,0,risky_irreversible_low_conf
style_synth_00187,send_reminder,0.755,0.743,0.852,0.325,1,high_trust_high_conf
style_synth_00188,send_reminder,0.451,0.474,0.108,0.065,0,risky_irreversible_low_conf
style_synth_00189,draft_message,0.749,0.758,0.14,0.061,0,risky_irreversible_low_conf
style_synth_00190,schedule_event,0.623,0.707,0.658,0.323,0,low_confidence_default_reject
style_synth_00191,send_reminder,0.705,0.256,0.788,0.263,0,low_trust_user
style_synth_00192,send_reminder,0.748,0.373,0.871,0.155,1,confident_default_accept
style_synth_00193,reorganize_files,0.767,0.593,0.452,0.144,1,confident_default_accept
style_synth_00194,schedule_event,0.609,0.548,0.95,0.565,1,low_confidence_default_reject
style_synth_00195,pay_bill,0.724,0.564,0.434,0.304,1,confident_default_accept
style_synth_00196,reorganize_files,0.686,0.631,0.623,0.502,1,low_confidence_default_reject
style_synth_00197,schedule_event,0.667,0.355,0.662,0.339,0,low_confidence_default_reject
style_synth_00198,schedule_event,0.813,0.431,0.973,0.331,1,confident_default_accept
style_synth_00199,reorganize_files,0.554,0.403,0.101,0.185,0,risky_irreversible_low_conf
style_synth_00200,schedule_event,0.745,0.584,0.329,0.658,0,novel_action_distrust
style_synth_00201,draft_message,0.665,0.724,0.802,0.42,1,low_confidence_default_reject
style_synth_00202,pay_bill,0.92,0.196,0.724,0.093,0,low_trust_user
style_synth_00203,send_reminder,0.691,0.457,0.988,0.119,0,low_confidence_default_reject
style_synth_00204,pay_bill,0.677,0.252,0.235,0.281,0,risky_irreversible_low_conf
style_synth_00205,schedule_event,0.815,0.643,0.341,0.358,1,confident_default_accept
style_synth_00206,send_reminder,0.554,0.5,0.046,0.103,0,risky_irreversible_low_conf
style_synth_00207,send_reminder,0.697,0.236,0.892,0.265,1,low_trust_user
style_synth_00208,schedule_event,0.688,0.6,0.815,0.091,0,low_confidence_default_reject
style_synth_00209,reorganize_files,0.804,0.417,0.701,0.645,0,novel_action_distrust
style_synth_00210,draft_message,0.891,0.496,0.583,0.368,1,confident_default_accept
style_synth_00211,schedule_event,0.878,0.623,0.251,0.581,0,confident_default_accept
style_synth_00212,reorganize_files,0.399,0.77,0.799,0.078,0,low_confidence_default_reject
style_synth_00213,send_reminder,0.679,0.822,0.71,0.171,0,low_confidence_default_reject
style_synth_00214,pay_bill,0.545,0.481,0.557,0.16,0,low_confidence_default_reject
style_synth_00215,pay_bill,0.408,0.702,0.55,0.082,0,low_confidence_default_reject
style_synth_00216,send_reminder,0.643,0.797,0.95,0.327,0,low_confidence_default_reject
style_synth_00217,schedule_event,0.704,0.38,0.386,0.168,1,confident_default_accept
style_synth_00218,send_reminder,0.692,0.405,0.065,0.245,0,risky_irreversible_low_conf
style_synth_00219,send_reminder,0.697,0.454,0.822,0.316,0,low_confidence_default_reject
style_synth_00220,schedule_event,0.612,0.506,0.087,0.477,0,risky_irreversible_low_conf
style_synth_00221,send_reminder,0.427,0.585,0.965,0.77,0,novel_action_distrust
style_synth_00222,send_reminder,0.839,0.778,0.835,0.1,1,high_trust_high_conf
style_synth_00223,send_reminder,0.799,0.371,0.128,0.33,0,risky_irreversible_low_conf
style_synth_00224,reorganize_files,0.551,0.677,0.712,0.404,0,low_confidence_default_reject
style_synth_00225,reorganize_files,0.793,0.26,0.14,0.302,0,risky_irreversible_low_conf
style_synth_00226,reorganize_files,0.961,0.692,0.392,0.326,1,confident_default_accept
style_synth_00227,send_reminder,0.902,0.485,0.04,0.524,1,confident_default_accept
style_synth_00228,send_reminder,0.932,0.493,0.835,0.271,1,confident_default_accept
style_synth_00229,schedule_event,0.784,0.52,0.139,0.114,0,risky_irreversible_low_conf
style_synth_00230,draft_message,0.661,0.424,0.591,0.453,0,low_confidence_default_reject
style_synth_00231,pay_bill,0.716,0.444,0.72,0.565,1,confident_default_accept
style_synth_00232,reorganize_files,0.538,0.526,0.453,0.366,0,low_confidence_default_reject
style_synth_00233,send_reminder,0.716,0.561,0.752,0.049,0,confident_default_accept
style_synth_00234,reorganize_files,0.939,0.318,0.589,0.358,1,confident_default_accept
style_synth_00235,reorganize_files,0.937,0.936,0.007,0.333,1,high_trust_high_conf
style_synth_00236,reorganize_files,0.591,0.769,0.681,0.333,0,low_confidence_default_reject
style_synth_00237,send_reminder,0.671,0.662,0.949,0.068,0,low_confidence_default_reject
style_synth_00238,schedule_event,0.8,0.679,0.038,0.207,0,risky_irreversible_low_conf
style_synth_00239,send_reminder,0.706,0.313,0.511,0.338,1,confident_default_accept
style_synth_00240,pay_bill,0.591,0.881,0.919,0.293,0,low_confidence_default_reject
style_synth_00241,draft_message,0.648,0.572,0.117,0.282,0,risky_irreversible_low_conf
style_synth_00242,reorganize_files,0.804,0.459,0.955,0.196,1,confident_default_accept
style_synth_00243,draft_message,0.534,0.593,0.619,0.063,0,low_confidence_default_reject
style_synth_00244,send_reminder,0.389,0.726,0.183,0.475,0,risky_irreversible_low_conf
style_synth_00245,send_reminder,0.783,0.694,0.698,0.246,1,confident_default_accept
style_synth_00246,draft_message,0.732,0.545,0.752,0.237,1,confident_default_accept
style_synth_00247,pay_bill,0.644,0.703,0.422,0.103,0,low_confidence_default_reject
style_synth_00248,reorganize_files,0.617,0.483,0.63,0.301,0,low_confidence_default_reject
style_synth_00249,draft_message,0.742,0.543,0.979,0.188,1,confident_default_accept
style_synth_00250,schedule_event,0.609,0.496,0.572,0.167,0,low_confidence_default_reject
style_synth_00251,reorganize_files,0.595,0.862,0.662,0.167,0,low_confidence_default_reject
style_synth_00252,send_reminder,0.476,0.632,0.39,0.177,0,low_confidence_default_reject
style_synth_00253,pay_bill,0.449,0.61,0.698,0.121,0,low_confidence_default_reject
style_synth_00254,send_reminder,0.86,0.485,0.136,0.154,1,confident_default_accept
style_synth_00255,draft_message,0.466,0.585,0.737,0.303,0,low_confidence_default_reject
style_synth_00256,send_reminder,0.873,0.775,0.618,0.27,0,high_trust_high_conf
style_synth_00257,send_reminder,0.548,0.683,0.786,0.473,0,low_confidence_default_reject
style_synth_00258,draft_message,0.478,0.549,0.738,0.037,0,low_confidence_default_reject
style_synth_00259,reorganize_files,0.549,0.598,0.36,0.076,0,low_confidence_default_reject
style_synth_00260,send_reminder,0.38,0.813,0.091,0.57,0,risky_irreversible_low_conf
style_synth_00261,schedule_event,0.405,0.46,0.135,0.208,0,risky_irreversible_low_conf
style_synth_00262,draft_message,0.645,0.719,0.506,0.379,0,low_confidence_default_reject
style_synth_00263,draft_message,0.758,0.558,0.323,0.351,1,confident_default_accept
style_synth_00264,pay_bill,0.837,0.31,0.624,0.429,0,confident_default_accept
style_synth_00265,pay_bill,0.552,0.507,0.822,0.273,0,low_confidence_default_reject
style_synth_00266,pay_bill,0.889,0.634,0.415,0.124,1,confident_default_accept
style_synth_00267,schedule_event,0.648,0.44,0.315,0.245,0,low_confidence_default_reject
style_synth_00268,send_reminder,0.703,0.826,0.016,0.422,0,risky_irreversible_low_conf
style_synth_00269,draft_message,0.307,0.86,0.138,0.303,0,risky_irreversible_low_conf
style_synth_00270,reorganize_files,0.92,0.328,0.82,0.244,1,confident_default_accept
style_synth_00271,schedule_event,0.707,0.667,0.054,0.279,0,risky_irreversible_low_conf
style_synth_00272,pay_bill,0.547,0.73,0.394,0.109,0,low_confidence_default_reject
style_synth_00273,schedule_event,0.573,0.61,0.561,0.185,0,low_confidence_default_reject
style_synth_00274,schedule_event,0.82,0.69,0.616,0.435,1,confident_default_accept
style_synth_00275,draft_message,0.666,0.231,0.523,0.135,0,low_trust_user
style_synth_00276,schedule_event,0.665,0.245,0.465,0.543,0,low_trust_user
style_synth_00277,reorganize_files,0.724,0.583,0.926,0.041,1,confident_default_accept
style_synth_00278,pay_bill,0.483,0.598,1.0,0.336,0,low_confidence_default_reject
style_synth_00279,send_reminder,0.852,0.496,0.132,0.308,1,confident_default_accept
style_synth_00280,send_reminder,0.788,0.4,0.184,0.066,0,risky_irreversible_low_conf
style_synth_00281,draft_message,0.524,0.419,0.65,0.149,0,low_confidence_default_reject
style_synth_00282,reorganize_files,0.493,0.601,0.325,0.292,0,low_confidence_default_reject
style_synth_00283,reorganize_files,0.759,0.2,0.246,0.559,0,risky_irreversible_low_conf
style_synth_00284,schedule_event,0.323,0.582,0.69,0.361,0,low_confidence_default_reject
style_synth_00285,send_reminder,0.602,0.739,0.25,0.288,0,risky_irreversible_low_conf
style_synth_00286,schedule_event,0.929,0.612,0.55,0.078,1,confident_default_accept
style_synth_00287,pay_bill,0.843,0.752,0.203,0.361,0,risky_irreversible_low_conf
style_synth_00288,schedule_event,0.859,0.496,0.208,0.173,0,confident_default_accept
style_synth_00289,send_reminder,0.84,0.549,0.787,0.129,1,confident_default_accept
style_synth_00290,draft_message,0.448,0.599,0.209,0.149,0,risky_irreversible_low_conf
style_synth_00291,draft_message,0.806,0.567,0.729,0.349,1,confident_default_accept
style_synth_00292,reorganize_files,0.524,0.655,0.79,0.162,0,low_confidence_default_reject
style_synth_00293,send_reminder,0.623,0.415,0.896,0.263,0,low_confidence_default_reject
style_synth_00294,send_reminder,0.626,0.224,0.571,0.143,0,low_trust_user
style_synth_00295,draft_message,0.929,0.614,0.175,0.32,1,confident_default_accept
style_synth_00296,reorganize_files,0.752,0.359,0.205,0.073,0,risky_irreversible_low_conf
style_synth_00297,schedule_event,0.874,0.788,0.287,0.254,1,high_trust_high_conf
style_synth_00298,schedule_event,0.376,0.703,0.283,0.152,0,risky_irreversible_low_conf
style_synth_00299,pay_bill,0.809,0.27,0.629,0.436,0,low_trust_user
style_synth_00300,send_reminder,0.358,0.279,0.31,0.37,0,low_trust_user
style_synth_00301,send_reminder,0.806,0.586,0.065,0.065,0,risky_irreversible_low_conf
style_synth_00302,send_reminder,0.356,0.358,0.401,0.235,0,low_confidence_default_reject
style_synth_00303,draft_message,0.653,0.506,0.67,0.391,0,low_confidence_default_reject
style_synth_00304,reorganize_files,0.87,0.744,0.66,0.05,1,high_trust_high_conf
style_synth_00305,schedule_event,0.803,0.745,0.3,0.28,1,high_trust_high_conf
style_synth_00306,draft_message,0.519,0.301,0.11,0.223,0,risky_irreversible_low_conf
style_synth_00307,reorganize_files,0.738,0.72,0.016,0.43,0,risky_irreversible_low_conf
style_synth_00308,reorganize_files,0.74,0.649,0.385,0.501,1,confident_default_accept
style_synth_00309,send_reminder,0.6,0.333,0.962,0.086,0,low_confidence_default_reject
style_synth_00310,draft_message,0.718,0.7,0.344,0.448,1,confident_default_accept
style_synth_00311,reorganize_files,0.772,0.725,0.26,0.33,0,risky_irreversible_low_conf
style_synth_00312,send_reminder,0.698,0.637,0.257,0.254,0,risky_irreversible_low_conf
style_synth_00313,draft_message,0.712,0.75,0.145,0.209,0,risky_irreversible_low_conf
style_synth_00314,pay_bill,0.7,0.807,0.301,0.416,0,low_confidence_default_reject
style_synth_00315,reorganize_files,0.673,0.76,0.956,0.119,0,low_confidence_default_reject
style_synth_00316,draft_message,0.877,0.409,0.589,0.119,1,confident_default_accept
style_synth_00317,schedule_event,0.575,0.312,0.638,0.35,0,low_confidence_default_reject
style_synth_00318,pay_bill,0.905,0.41,0.162,0.098,0,confident_default_accept
style_synth_00319,draft_message,0.659,0.405,0.106,0.201,1,risky_irreversible_low_conf
style_synth_00320,reorganize_files,0.715,0.581,0.844,0.441,1,confident_default_accept
style_synth_00321,reorganize_files,0.676,0.593,0.76,0.181,0,low_confidence_default_reject
style_synth_00322,draft_message,0.708,0.256,0.193,0.412,0,risky_irreversible_low_conf
style_synth_00323,draft_message,0.518,0.277,0.406,0.154,0,low_trust_user
style_synth_00324,send_reminder,0.798,0.832,0.131,0.21,0,risky_irreversible_low_conf
style_synth_00325,schedule_event,0.49,0.277,0.402,0.107,0,low_trust_user
style_synth_00326,pay_bill,0.846,0.317,0.439,0.088,0,confident_default_accept
style_synth_00327,reorganize_files,0.823,0.655,0.143,0.249,0,risky_irreversible_low_conf
style_synth_00328,send_reminder,0.419,0.63,0.761,0.227,0,low_confidence_default_reject
style_synth_00329,pay_bill,0.322,0.63,0.251,0.359,1,risky_irreversible_low_conf
style_synth_00330,send_reminder,0.607,0.717,0.199,0.287,0,risky_irreversible_low_conf
style_synth_00331,reorganize_files,0.907,0.742,0.455,0.183,1,high_trust_high_conf
style_synth_00332,pay_bill,0.629,0.413,0.22,0.134,0,risky_irreversible_low_conf
style_synth_00333,send_reminder,0.539,0.701,0.736,0.159,0,low_confidence_default_reject
style_synth_00334,pay_bill,0.869,0.619,0.697,0.198,1,confident_default_accept
style_synth_00335,reorganize_files,0.876,0.304,0.024,0.159,1,confident_default_accept
style_synth_00336,draft_message,0.993,0.514,0.753,0.37,1,confident_default_accept
style_synth_00337,send_reminder,0.962,0.817,0.619,0.212,1,high_trust_high_conf
style_synth_00338,pay_bill,0.554,0.456,0.753,0.274,0,low_confidence_default_reject
style_synth_00339,schedule_event,0.513,0.312,0.292,0.171,0,risky_irreversible_low_conf
style_synth_00340,schedule_event,0.856,0.695,0.112,0.186,0,confident_default_accept
style_synth_00341,reorganize_files,0.603,0.528,0.646,0.166,0,low_confidence_default_reject
style_synth_00342,draft_message,0.814,0.557,0.148,0.167,0,risky_irreversible_low_conf
style_synth_00343,pay_bill,0.898,0.49,0.184,0.374,1,confident_default_accept
style_synth_00344,send_reminder,0.94,0.522,0.896,0.639,0,confident_default_accept
style_synth_00345,send_reminder,0.805,0.6,0.767,0.09,1,confident_default_accept
style_synth_00346,send_reminder,0.63,0.356,0.428,0.229,0,low_confidence_default_reject
style_synth_00347,reorganize_files,0.802,0.554,0.836,0.399,1,confident_default_accept
style_synth_00348,draft_message,0.561,0.439,0.137,0.137,0,risky_irreversible_low_conf
style_synth_00349,send_reminder,0.674,0.565,0.245,0.081,0,risky_irreversible_low_conf
style_synth_00350,draft_message,0.65,0.825,0.878,0.16,0,low_confidence_default_reject
style_synth_00351,draft_message,0.4,0.315,0.167,0.129,0,risky_irreversible_low_conf
style_synth_00352,draft_message,0.532,0.736,0.188,0.491,0,risky_irreversible_low_conf
style_synth_00353,schedule_event,0.878,0.168,0.442,0.326,0,low_trust_user
style_synth_00354,pay_bill,0.949,0.845,0.593,0.511,0,high_trust_high_conf
style_synth_00355,schedule_event,0.893,0.681,0.942,0.1,1,confident_default_accept
style_synth_00356,schedule_event,0.795,0.392,0.475,0.338,1,confident_default_accept
style_synth_00357,reorganize_files,0.737,0.489,0.361,0.347,1,confident_default_accept
style_synth_00358,reorganize_files,0.716,0.343,0.179,0.085,0,risky_irreversible_low_conf
style_synth_00359,reorganize_files,0.642,0.576,0.844,0.261,0,low_confidence_default_reject
style_synth_00360,send_reminder,0.559,0.222,0.511,0.219,0,low_trust_user
style_synth_00361,pay_bill,0.238,0.695,0.76,0.373,0,low_confidence_default_reject
style_synth_00362,reorganize_files,0.782,0.869,0.915,0.265,0,high_trust_high_conf
style_synth_00363,send_reminder,0.785,0.498,0.554,0.287,0,confident_default_accept
style_synth_00364,draft_message,0.653,0.87,0.357,0.289,0,low_confidence_default_reject
style_synth_00365,schedule_event,0.906,0.577,0.47,0.039,1,confident_default_accept
style_synth_00366,reorganize_files,0.64,0.628,0.436,0.204,0,low_confidence_default_reject
style_synth_00367,draft_message,0.6,0.516,0.592,0.179,0,low_confidence_default_reject
style_synth_00368,schedule_event,0.577,0.628,0.453,0.021,0,low_confidence_default_reject
style_synth_00369,reorganize_files,0.437,0.854,0.24,0.298,0,risky_irreversible_low_conf
style_synth_00370,schedule_event,0.843,0.547,0.15,0.063,0,risky_irreversible_low_conf
style_synth_00371,reorganize_files,0.889,0.4,0.853,0.086,1,confident_default_accept
style_synth_00372,reorganize_files,0.664,0.461,0.664,0.318,0,low_confidence_default_reject
style_synth_00373,send_reminder,0.662,0.656,0.144,0.151,0,risky_irreversible_low_conf
style_synth_00374,reorganize_files,0.896,0.663,0.145,0.331,1,confident_default_accept
style_synth_00375,schedule_event,0.794,0.768,0.393,0.135,1,high_trust_high_conf
style_synth_00376,reorganize_files,0.601,0.159,0.471,0.193,0,low_trust_user
style_synth_00377,pay_bill,0.825,0.717,0.052,0.39,0,risky_irreversible_low_conf
style_synth_00378,schedule_event,0.424,0.587,0.939,0.4,0,low_confidence_default_reject
style_synth_00379,draft_message,0.829,0.433,0.647,0.289,1,confident_default_accept
style_synth_00380,reorganize_files,0.71,0.306,0.494,0.07,1,confident_default_accept
style_synth_00381,reorganize_files,0.822,0.821,0.792,0.072,1,high_trust_high_conf
style_synth_00382,send_reminder,0.832,0.547,0.256,0.111,0,risky_irreversible_low_conf
style_synth_00383,send_reminder,0.986,0.446,0.892,0.099,1,confident_default_accept
style_synth_00384,reorganize_files,0.554,0.594,0.835,0.505,0,low_confidence_default_reject
style_synth_00385,draft_message,0.867,0.544,0.637,0.474,1,confident_default_accept
style_synth_00386,pay_bill,0.954,0.654,0.867,0.18,1,confident_default_accept
style_synth_00387,send_reminder,0.975,0.554,0.094,0.239,1,confident_default_accept
style_synth_00388,draft_message,0.361,0.443,0.957,0.559,0,low_confidence_default_reject
style_synth_00389,schedule_event,0.737,0.341,0.021,0.174,0,risky_irreversible_low_conf
style_synth_00390,pay_bill,0.601,0.696,0.832,0.172,0,low_confidence_default_reject
style_synth_00391,reorganize_files,0.612,0.614,0.676,0.317,0,low_confidence_default_reject
style_synth_00392,schedule_event,0.278,0.844,0.425,0.09,0,low_confidence_default_reject
style_synth_00393,schedule_event,0.626,0.222,0.724,0.323,0,low_trust_user
style_synth_00394,pay_bill,0.515,0.668,0.46,0.183,0,low_confidence_default_reject
style_synth_00395,send_reminder,0.565,0.86,0.859,0.131,0,low_confidence_default_reject
style_synth_00396,send_reminder,0.627,0.237,0.201,0.282,0,risky_irreversible_low_conf
style_synth_00397,reorganize_files,0.757,0.526,0.679,0.411,1,confident_default_accept
style_synth_00398,draft_message,0.654,0.322,0.436,0.139,0,low_confidence_default_reject
style_synth_00399,send_reminder,0.664,0.409,0.796,0.43,0,low_confidence_default_reject
style_synth_00400,reorganize_files,0.508,0.63,0.047,0.046,0,risky_irreversible_low_conf
style_synth_00401,send_reminder,0.878,0.539,0.878,0.146,1,confident_default_accept
style_synth_00402,schedule_event,0.887,0.865,0.63,0.678,0,novel_action_distrust
style_synth_00403,send_reminder,0.869,0.278,0.287,0.106,0,low_trust_user
style_synth_00404,pay_bill,0.628,0.727,0.852,0.802,0,novel_action_distrust
style_synth_00405,schedule_event,0.497,0.497,0.98,0.31,0,low_confidence_default_reject
style_synth_00406,draft_message,0.674,0.519,0.888,0.571,1,low_confidence_default_reject
style_synth_00407,draft_message,0.662,0.646,0.023,0.223,0,risky_irreversible_low_conf
style_synth_00408,schedule_event,0.567,0.676,0.582,0.351,0,low_confidence_default_reject
style_synth_00409,draft_message,0.52,0.756,0.582,0.215,0,low_confidence_default_reject
style_synth_00410,reorganize_files,0.58,0.648,0.997,0.312,0,low_confidence_default_reject
style_synth_00411,send_reminder,0.798,0.334,0.369,0.227,1,confident_default_accept
style_synth_00412,draft_message,0.842,0.631,0.183,0.553,0,risky_irreversible_low_conf
style_synth_00413,reorganize_files,0.846,0.609,0.45,0.312,1,confident_default_accept
style_synth_00414,reorganize_files,0.759,0.728,0.166,0.031,0,risky_irreversible_low_conf
style_synth_00415,send_reminder,0.507,0.922,0.532,0.096,0,low_confidence_default_reject
style_synth_00416,send_reminder,0.944,0.275,0.317,0.311,0,low_trust_user
style_synth_00417,draft_message,0.949,0.525,0.142,0.062,1,confident_default_accept
style_synth_00418,send_reminder,0.912,0.578,0.886,0.15,1,confident_default_accept
style_synth_00419,pay_bill,0.883,0.501,0.782,0.205,1,confident_default_accept
style_synth_00420,schedule_event,0.638,0.787,0.07,0.058,0,risky_irreversible_low_conf
style_synth_00421,reorganize_files,0.418,0.562,0.959,0.33,0,low_confidence_default_reject
style_synth_00422,schedule_event,0.865,0.633,0.649,0.442,1,confident_default_accept
style_synth_00423,send_reminder,0.508,0.251,0.358,0.122,0,low_trust_user
style_synth_00424,reorganize_files,0.892,0.716,0.672,0.311,1,high_trust_high_conf
style_synth_00425,send_reminder,0.719,0.645,0.65,0.114,0,confident_default_accept
style_synth_00426,pay_bill,0.46,0.317,0.99,0.065,0,low_confidence_default_reject
style_synth_00427,draft_message,0.874,0.646,0.25,0.128,1,confident_default_accept
style_synth_00428,pay_bill,0.686,0.711,0.848,0.102,1,low_confidence_default_reject
style_synth_00429,schedule_event,0.782,0.629,0.011,0.135,0,risky_irreversible_low_conf
style_synth_00430,schedule_event,0.843,0.575,0.256,0.264,0,risky_irreversible_low_conf
style_synth_00431,schedule_event,0.561,0.498,0.47,0.291,0,low_confidence_default_reject
style_synth_00432,send_reminder,0.912,0.81,0.695,0.229,1,high_trust_high_conf
style_synth_00433,schedule_event,0.641,0.567,0.815,0.511,1,low_confidence_default_reject
style_synth_00434,schedule_event,0.742,0.417,0.719,0.312,1,confident_default_accept
style_synth_00435,schedule_event,0.48,0.467,0.809,0.144,0,low_confidence_default_reject
style_synth_00436,schedule_event,0.793,0.663,0.636,0.396,1,confident_default_accept
style_synth_00437,draft_message,0.911,0.808,0.751,0.361,1,high_trust_high_conf
style_synth_00438,draft_message,0.682,0.801,0.452,0.183,0,low_confidence_default_reject
style_synth_00439,draft_message,0.48,0.849,0.336,0.3,0,low_confidence_default_reject
style_synth_00440,schedule_event,0.516,0.344,0.786,0.186,0,low_confidence_default_reject
style_synth_00441,draft_message,0.816,0.751,0.282,0.097,0,risky_irreversible_low_conf
style_synth_00442,schedule_event,0.754,0.662,0.758,0.308,1,confident_default_accept
style_synth_00443,reorganize_files,0.584,0.439,0.34,0.274,0,low_confidence_default_reject
style_synth_00444,draft_message,0.952,0.83,0.914,0.358,0,high_trust_high_conf
style_synth_00445,reorganize_files,0.567,0.731,0.489,0.203,1,low_confidence_default_reject
style_synth_00446,schedule_event,0.76,0.726,0.743,0.326,1,high_trust_high_conf
style_synth_00447,reorganize_files,0.695,0.778,0.446,0.586,0,low_confidence_default_reject
style_synth_00448,reorganize_files,0.566,0.73,0.81,0.073,0,low_confidence_default_reject
style_synth_00449,pay_bill,0.689,0.71,0.504,0.588,1,low_confidence_default_reject
style_synth_00450,schedule_event,0.363,0.707,0.115,0.642,0,risky_irreversible_low_conf
style_synth_00451,reorganize_files,0.694,0.4,0.153,0.465,0,risky_irreversible_low_conf
style_synth_00452,schedule_event,0.755,0.915,0.767,0.185,1,high_trust_high_conf
style_synth_00453,pay_bill,0.557,0.654,0.625,0.408,1,low_confidence_default_reject
style_synth_00454,draft_message,0.74,0.328,0.5,0.44,1,confident_default_accept
style_synth_00455,draft_message,0.666,0.698,0.482,0.194,0,low_confidence_default_reject
style_synth_00456,pay_bill,0.832,0.664,0.202,0.305,0,risky_irreversible_low_conf
style_synth_00457,reorganize_files,0.86,0.756,0.847,0.202,1,high_trust_high_conf
style_synth_00458,pay_bill,0.891,0.521,0.492,0.109,1,confident_default_accept
style_synth_00459,send_reminder,0.635,0.588,0.448,0.485,0,low_confidence_default_reject
style_synth_00460,reorganize_files,0.829,0.634,0.727,0.188,1,confident_default_accept
style_synth_00461,schedule_event,0.818,0.097,0.405,0.188,0,low_trust_user
style_synth_00462,send_reminder,0.351,0.736,0.635,0.255,0,low_confidence_default_reject
style_synth_00463,reorganize_files,0.377,0.744,0.681,0.481,0,low_confidence_default_reject
style_synth_00464,reorganize_files,0.835,0.42,0.308,0.19,1,confident_default_accept
style_synth_00465,draft_message,0.898,0.664,0.418,0.266,1,confident_default_accept
style_synth_00466,pay_bill,0.886,0.62,0.868,0.157,1,confident_default_accept
style_synth_00467,send_reminder,0.752,0.875,0.792,0.233,1,high_trust_high_conf
style_synth_00468,draft_message,0.736,0.74,0.698,0.563,1,high_trust_high_conf
style_synth_00469,draft_message,0.524,0.947,0.942,0.12,0,low_confidence_default_reject
style_synth_00470,reorganize_files,0.48,0.44,0.1,0.184,0,risky_irreversible_low_conf
style_synth_00471,send_reminder,0.757,0.541,0.17,0.272,0,risky_irreversible_low_conf
style_synth_00472,reorganize_files,0.872,0.316,0.932,0.395,1,confident_default_accept
style_synth_00473,reorganize_files,0.86,0.561,0.188,0.134,1,confident_default_accept
style_synth_00474,send_reminder,0.783,0.65,0.395,0.441,1,confident_default_accept
style_synth_00475,reorganize_files,0.846,0.919,0.502,0.263,1,high_trust_high_conf
style_synth_00476,pay_bill,0.769,0.649,0.81,0.18,1,confident_default_accept
style_synth_00477,draft_message,0.764,0.435,0.701,0.364,1,confident_default_accept
style_synth_00478,schedule_event,0.831,0.498,0.218,0.782,0,risky_irreversible_low_conf
style_synth_00479,pay_bill,0.578,0.325,0.117,0.312,0,risky_irreversible_low_conf
style_synth_00480,pay_bill,0.457,0.375,0.778,0.617,0,novel_action_distrust
style_synth_00481,schedule_event,0.476,0.367,0.593,0.186,0,low_confidence_default_reject
style_synth_00482,draft_message,0.472,0.692,0.714,0.4,0,low_confidence_default_reject
style_synth_00483,draft_message,0.739,0.866,0.506,0.243,0,high_trust_high_conf
style_synth_00484,draft_message,0.457,0.317,0.606,0.247,1,low_confidence_default_reject
style_synth_00485,pay_bill,0.799,0.666,0.382,0.1,1,confident_default_accept
style_synth_00486,schedule_event,0.685,0.589,0.164,0.543,0,risky_irreversible_low_conf
style_synth_00487,reorganize_files,0.589,0.536,0.379,0.163,0,low_confidence_default_reject
style_synth_00488,reorganize_files,0.5,0.777,0.752,0.115,0,low_confidence_default_reject
style_synth_00489,reorganize_files,0.973,0.467,0.053,0.343,1,confident_default_accept
style_synth_00490,reorganize_files,0.407,0.324,0.858,0.365,0,low_confidence_default_reject
style_synth_00491,pay_bill,0.824,0.488,0.125,0.036,0,risky_irreversible_low_conf
style_synth_00492,send_reminder,0.785,0.819,0.353,0.111,1,high_trust_high_conf
style_synth_00493,pay_bill,0.816,0.139,0.929,0.403,1,low_trust_user
style_synth_00494,schedule_event,0.805,0.562,0.124,0.238,0,risky_irreversible_low_conf
style_synth_00495,draft_message,0.656,0.329,0.111,0.207,1,risky_irreversible_low_conf
style_synth_00496,pay_bill,0.871,0.52,0.4,0.572,0,confident_default_accept
style_synth_00497,pay_bill,0.528,0.247,0.429,0.463,0,low_trust_user
style_synth_00498,draft_message,0.672,0.39,0.229,0.421,0,risky_irreversible_low_conf
style_synth_00499,draft_message,0.873,0.636,0.364,0.144,1,confident_default_accept
style_synth_00500,draft_message,0.678,0.664,0.361,0.496,0,low_confidence_default_reject
style_synth_00501,reorganize_files,0.457,0.14,0.193,0.318,0,risky_irreversible_low_conf
style_synth_00502,send_reminder,0.743,0.74,0.911,0.238,1,high_trust_high_conf
style_synth_00503,pay_bill,0.9,0.438,0.513,0.085,1,confident_default_accept
style_synth_00504,send_reminder,0.824,0.502,0.708,0.392,1,confident_default_accept
style_synth_00505,pay_bill,0.734,0.707,0.99,0.132,1,high_trust_high_conf
style_synth_00506,draft_message,0.501,0.617,0.816,0.376,0,low_confidence_default_reject
style_synth_00507,send_reminder,0.709,0.663,0.73,0.261,1,confident_default_accept
style_synth_00508,pay_bill,0.464,0.381,0.072,0.168,0,risky_irreversible_low_conf
style_synth_00509,send_reminder,0.324,0.507,0.6,0.344,0,low_confidence_default_reject
style_synth_00510,pay_bill,0.735,0.784,0.627,0.21,1,high_trust_high_conf
style_synth_00511,reorganize_files,0.921,0.544,0.385,0.72,1,confident_default_accept
style_synth_00512,schedule_event,0.603,0.486,0.425,0.35,0,low_confidence_default_reject
style_synth_00513,schedule_event,0.915,0.755,0.727,0.214,1,high_trust_high_conf
style_synth_00514,reorganize_files,0.734,0.436,0.419,0.276,1,confident_default_accept
style_synth_00515,send_reminder,0.623,0.515,0.851,0.35,0,low_confidence_default_reject
style_synth_00516,draft_message,0.926,0.754,0.962,0.687,1,high_trust_high_conf
style_synth_00517,schedule_event,0.549,0.519,0.569,0.105,0,low_confidence_default_reject
style_synth_00518,reorganize_files,0.71,0.472,0.948,0.338,1,confident_default_accept
style_synth_00519,pay_bill,0.828,0.337,0.842,0.552,1,confident_default_accept
style_synth_00520,pay_bill,0.536,0.252,0.24,0.197,0,risky_irreversible_low_conf
style_synth_00521,schedule_event,0.94,0.562,0.752,0.345,1,confident_default_accept
style_synth_00522,send_reminder,0.766,0.706,0.885,0.052,1,high_trust_high_conf
style_synth_00523,pay_bill,0.744,0.388,0.239,0.044,0,risky_irreversible_low_conf
style_synth_00524,schedule_event,0.862,0.394,0.711,0.283,1,confident_default_accept
style_synth_00525,send_reminder,0.806,0.641,0.625,0.222,1,confident_default_accept
style_synth_00526,schedule_event,0.616,0.688,0.462,0.081,0,low_confidence_default_reject
style_synth_00527,schedule_event,0.638,0.286,0.741,0.104,0,low_trust_user
style_synth_00528,pay_bill,0.606,0.812,0.953,0.341,1,low_confidence_default_reject
style_synth_00529,reorganize_files,0.555,0.614,0.895,0.311,0,low_confidence_default_reject
style_synth_00530,reorganize_files,0.863,0.565,0.783,0.285,1,confident_default_accept
style_synth_00531,draft_message,0.487,0.534,0.943,0.482,1,low_confidence_default_reject
style_synth_00532,pay_bill,0.851,0.875,0.016,0.491,1,high_trust_high_conf
style_synth_00533,draft_message,0.851,0.52,0.68,0.182,1,confident_default_accept
style_synth_00534,schedule_event,0.791,0.844,0.581,0.059,1,high_trust_high_conf
style_synth_00535,reorganize_files,0.367,0.64,0.94,0.539,0,low_confidence_default_reject
style_synth_00536,reorganize_files,0.223,0.801,0.43,0.28,1,low_confidence_default_reject
style_synth_00537,send_reminder,0.746,0.708,0.71,0.106,1,high_trust_high_conf
style_synth_00538,draft_message,0.596,0.161,0.653,0.1,0,low_trust_user
style_synth_00539,reorganize_files,0.868,0.585,0.459,0.406,1,confident_default_accept
style_synth_00540,reorganize_files,0.905,0.695,0.21,0.217,1,confident_default_accept
style_synth_00541,draft_message,0.952,0.77,0.927,0.075,1,high_trust_high_conf
style_synth_00542,pay_bill,0.774,0.347,0.467,0.261,1,confident_default_accept
style_synth_00543,pay_bill,0.848,0.683,0.954,0.301,1,confident_default_accept
style_synth_00544,send_reminder,0.733,0.769,0.958,0.157,1,high_trust_high_conf
style_synth_00545,send_reminder,0.83,0.873,0.372,0.144,1,high_trust_high_conf
style_synth_00546,reorganize_files,0.794,0.499,0.574,0.382,1,confident_default_accept
style_synth_00547,schedule_event,0.925,0.469,0.644,0.391,1,confident_default_accept
style_synth_00548,send_reminder,0.794,0.778,0.4,0.281,1,high_trust_high_conf
style_synth_00549,reorganize_files,0.394,0.654,0.861,0.604,0,novel_action_distrust
style_synth_00550,send_reminder,0.831,0.356,0.888,0.254,1,confident_default_accept
style_synth_00551,draft_message,0.799,0.464,0.659,0.622,1,novel_action_distrust
style_synth_00552,schedule_event,0.806,0.382,0.313,0.542,1,confident_default_accept
style_synth_00553,reorganize_files,0.856,0.236,0.147,0.645,0,novel_action_distrust
style_synth_00554,schedule_event,0.775,0.721,0.431,0.243,1,high_trust_high_conf
style_synth_00555,reorganize_files,0.791,0.801,0.249,0.056,0,risky_irreversible_low_conf
style_synth_00556,send_reminder,0.476,0.418,0.268,0.184,0,risky_irreversible_low_conf
style_synth_00557,schedule_event,0.419,0.621,0.069,0.151,0,risky_irreversible_low_conf
style_synth_00558,draft_message,0.991,0.886,0.291,0.12,1,high_trust_high_conf
style_synth_00559,draft_message,0.708,0.15,0.775,0.497,0,low_trust_user
style_synth_00560,schedule_event,0.743,0.481,0.431,0.271,1,confident_default_accept
style_synth_00561,send_reminder,0.683,0.487,0.612,0.317,0,low_confidence_default_reject
style_synth_00562,pay_bill,0.617,0.589,0.053,0.264,0,risky_irreversible_low_conf
style_synth_00563,send_reminder,0.893,0.632,0.081,0.19,1,confident_default_accept
style_synth_00564,reorganize_files,0.39,0.635,0.804,0.168,0,low_confidence_default_reject
style_synth_00565,draft_message,0.456,0.552,0.442,0.158,0,low_confidence_default_reject
style_synth_00566,reorganize_files,0.392,0.291,0.054,0.29,0,risky_irreversible_low_conf
style_synth_00567,schedule_event,0.404,0.373,0.061,0.535,0,risky_irreversible_low_conf
style_synth_00568,reorganize_files,0.492,0.565,0.067,0.127,0,risky_irreversible_low_conf
style_synth_00569,schedule_event,0.956,0.369,0.547,0.346,1,confident_default_accept
style_synth_00570,schedule_event,0.511,0.675,0.668,0.312,0,low_confidence_default_reject
style_synth_00571,reorganize_files,0.815,0.533,0.444,0.129,1,confident_default_accept
style_synth_00572,send_reminder,0.867,0.458,0.719,0.15,1,confident_default_accept
style_synth_00573,draft_message,0.912,0.683,0.589,0.607,1,confident_default_accept
style_synth_00574,schedule_event,0.793,0.464,0.384,0.197,1,confident_default_accept
style_synth_00575,draft_message,0.64,0.469,0.201,0.087,0,risky_irreversible_low_conf
style_synth_00576,schedule_event,0.663,0.245,0.642,0.265,0,low_trust_user
style_synth_00577,send_reminder,0.699,0.588,0.517,0.23,1,low_confidence_default_reject
style_synth_00578,draft_message,0.525,0.19,0.5,0.193,0,low_trust_user
style_synth_00579,draft_message,0.788,0.523,0.912,0.049,1,confident_default_accept
style_synth_00580,schedule_event,0.711,0.786,0.723,0.148,1,high_trust_high_conf
style_synth_00581,pay_bill,0.777,0.618,0.766,0.415,1,confident_default_accept
style_synth_00582,send_reminder,0.886,0.484,0.793,0.655,0,novel_action_distrust
style_synth_00583,schedule_event,0.626,0.653,0.657,0.13,0,low_confidence_default_reject
style_synth_00584,pay_bill,0.761,0.653,0.951,0.151,1,confident_default_accept
style_synth_00585,draft_message,0.828,0.317,0.454,0.273,1,confident_default_accept
style_synth_00586,schedule_event,0.567,0.66,0.66,0.575,0,low_confidence_default_reject
style_synth_00587,send_reminder,0.656,0.217,0.783,0.252,0,low_trust_user
style_synth_00588,send_reminder,0.67,0.307,0.132,0.049,0,risky_irreversible_low_conf
style_synth_00589,reorganize_files,0.604,0.923,0.661,0.525,1,low_confidence_default_reject
style_synth_00590,schedule_event,0.633,0.662,0.276,0.317,0,risky_irreversible_low_conf
style_synth_00591,schedule_event,0.636,0.276,0.975,0.02,1,low_trust_user
style_synth_00592,pay_bill,0.698,0.52,0.416,0.504,0,low_confidence_default_reject
style_synth_00593,draft_message,0.778,0.703,0.106,0.121,0,risky_irreversible_low_conf
style_synth_00594,draft_message,0.884,0.292,0.565,0.582,0,low_trust_user
style_synth_00595,send_reminder,0.734,0.804,0.768,0.167,1,high_trust_high_conf
style_synth_00596,reorganize_files,0.671,0.65,0.569,0.331,0,low_confidence_default_reject
style_synth_00597,draft_message,0.926,0.576,0.198,0.222,1,confident_default_accept
style_synth_00598,reorganize_files,0.961,0.807,0.919,0.191,1,high_trust_high_conf
style_synth_00599,draft_message,0.608,0.575,0.289,0.384,0,risky_irreversible_low_conf
style_synth_00600,send_reminder,0.475,0.653,0.588,0.183,0,low_confidence_default_reject
style_synth_00601,reorganize_files,0.488,0.142,0.431,0.23,0,low_trust_user
style_synth_00602,draft_message,0.31,0.599,0.207,0.773,0,risky_irreversible_low_conf
style_synth_00603,send_reminder,0.73,0.546,0.454,0.124,1,confident_default_accept
style_synth_00604,schedule_event,0.939,0.395,0.074,0.321,1,confident_default_accept
style_synth_00605,send_reminder,0.954,0.444,0.151,0.561,1,confident_default_accept
style_synth_00606,send_reminder,0.799,0.542,0.584,0.309,1,confident_default_accept
style_synth_00607,pay_bill,0.83,0.696,0.963,0.325,1,confident_default_accept
style_synth_00608,draft_message,0.799,0.555,0.687,0.075,1,confident_default_accept
style_synth_00609,send_reminder,0.854,0.44,0.819,0.185,1,confident_default_accept
style_synth_00610,schedule_event,0.949,0.521,0.655,0.399,1,confident_default_accept
style_synth_00611,pay_bill,0.714,0.907,0.755,0.367,1,high_trust_high_conf
style_synth_00612,pay_bill,0.508,0.895,0.703,0.396,0,low_confidence_default_reject
style_synth_00613,draft_message,0.675,0.611,0.222,0.304,0,risky_irreversible_low_conf
style_synth_00614,reorganize_files,0.454,0.714,0.397,0.156,0,low_confidence_default_reject
style_synth_00615,schedule_event,0.69,0.509,0.232,0.509,0,risky_irreversible_low_conf
style_synth_00616,draft_message,0.875,0.584,0.555,0.625,1,novel_action_distrust
style_synth_00617,send_reminder,0.806,0.446,0.487,0.463,1,confident_default_accept
style_synth_00618,draft_message,0.858,0.858,0.685,0.517,1,high_trust_high_conf
style_synth_00619,pay_bill,0.78,0.435,0.067,0.14,1,risky_irreversible_low_conf
style_synth_00620,reorganize_files,0.673,0.665,0.912,0.288,0,low_confidence_default_reject
style_synth_00621,send_reminder,0.917,0.755,0.797,0.383,1,high_trust_high_conf
style_synth_00622,draft_message,0.854,0.263,0.472,0.266,0,low_trust_user
style_synth_00623,reorganize_files,0.761,0.763,0.278,0.133,0,risky_irreversible_low_conf
style_synth_00624,schedule_event,0.795,0.441,0.214,0.433,1,risky_irreversible_low_conf
style_synth_00625,reorganize_files,0.628,0.762,0.273,0.395,0,risky_irreversible_low_conf
style_synth_00626,draft_message,0.549,0.733,0.473,0.799,0,novel_action_distrust
style_synth_00627,pay_bill,0.92,0.307,0.194,0.571,1,confident_default_accept
style_synth_00628,send_reminder,0.975,0.799,0.761,0.197,1,high_trust_high_conf
style_synth_00629,send_reminder,0.457,0.709,0.836,0.182,0,low_confidence_default_reject
style_synth_00630,schedule_event,0.673,0.48,0.901,0.245,0,low_confidence_default_reject
style_synth_00631,pay_bill,0.69,0.506,0.355,0.219,0,low_confidence_default_reject
style_synth_00632,pay_bill,0.524,0.518,0.796,0.155,0,low_confidence_default_reject
style_synth_00633,schedule_event,0.842,0.634,0.564,0.428,1,confident_default_accept
style_synth_00634,schedule_event,0.68,0.614,0.752,0.234,0,low_confidence_default_reject
style_synth_00635,reorganize_files,0.852,0.512,0.507,0.519,1,confident_default_accept
style_synth_00636,send_reminder,0.944,0.734,0.97,0.136,1,high_trust_high_conf
style_synth_00637,schedule_event,0.885,0.46,0.154,0.486,1,confident_default_accept
style_synth_00638,pay_bill,0.685,0.599,0.898,0.515,0,low_confidence_default_reject
style_synth_00639,reorganize_files,0.962,0.491,0.002,0.536,1,confident_default_accept
style_synth_00640,schedule_event,0.703,0.594,0.035,0.083,0,risky_irreversible_low_conf
style_synth_00641,schedule_event,0.903,0.661,0.425,0.477,1,confident_default_accept
style_synth_00642,send_reminder,0.436,0.421,0.435,0.164,1,low_confidence_default_reject
style_synth_00643,send_reminder,0.827,0.824,0.018,0.187,1,risky_irreversible_low_conf
style_synth_00644,reorganize_files,0.864,0.717,0.689,0.108,1,high_trust_high_conf
style_synth_00645,reorganize_files,0.849,0.836,0.725,0.264,1,high_trust_high_conf
style_synth_00646,draft_message,0.934,0.546,0.794,0.267,1,confident_default_accept
style_synth_00647,schedule_event,0.652,0.575,0.267,0.394,1,risky_irreversible_low_conf
style_synth_00648,draft_message,0.482,0.514,0.476,0.37,0,low_confidence_default_reject
style_synth_00649,reorganize_files,0.515,0.248,0.208,0.168,0,risky_irreversible_low_conf
style_synth_00650,reorganize_files,0.541,0.715,0.378,0.386,0,low_confidence_default_reject
style_synth_00651,reorganize_files,0.848,0.423,0.687,0.353,1,confident_default_accept
style_synth_00652,reorganize_files,0.502,0.563,0.172,0.394,0,risky_irreversible_low_conf
style_synth_00653,pay_bill,0.922,0.487,0.625,0.687,1,confident_default_accept
style_synth_00654,reorganize_files,0.785,0.524,0.207,0.241,0,risky_irreversible_low_conf
style_synth_00655,reorganize_files,0.662,0.475,0.996,0.195,0,low_confidence_default_reject
style_synth_00656,send_reminder,0.594,0.474,0.787,0.073,0,low_confidence_default_reject
style_synth_00657,pay_bill,0.855,0.641,0.458,0.314,1,confident_default_accept
style_synth_00658,draft_message,0.767,0.756,0.371,0.194,1,high_trust_high_conf
style_synth_00659,draft_message,0.811,0.42,0.012,0.133,0,risky_irreversible_low_conf
style_synth_00660,pay_bill,0.727,0.738,0.669,0.118,1,high_trust_high_conf
style_synth_00661,schedule_event,0.771,0.595,0.524,0.136,1,confident_default_accept
style_synth_00662,draft_message,0.698,0.683,0.797,0.11,0,low_confidence_default_reject
style_synth_00663,draft_message,0.861,0.317,0.228,0.339,1,confident_default_accept
style_synth_00664,draft_message,0.72,0.634,0.72,0.237,1,confident_default_accept
style_synth_00665,schedule_event,0.755,0.606,0.264,0.252,0,risky_irreversible_low_conf
style_synth_00666,schedule_event,0.863,0.483,0.183,0.561,1,confident_default_accept
style_synth_00667,send_reminder,0.614,0.61,0.663,0.214,0,low_confidence_default_reject
style_synth_00668,draft_message,0.693,0.732,0.563,0.372,0,low_confidence_default_reject
style_synth_00669,pay_bill,0.726,0.582,0.199,0.217,0,risky_irreversible_low_conf
style_synth_00670,send_reminder,0.933,0.648,0.607,0.197,1,confident_default_accept
style_synth_00671,draft_message,0.399,0.821,0.299,0.207,0,risky_irreversible_low_conf
style_synth_00672,draft_message,0.63,0.591,0.957,0.167,0,low_confidence_default_reject
style_synth_00673,pay_bill,0.607,0.511,0.486,0.219,1,low_confidence_default_reject
style_synth_00674,send_reminder,0.797,0.318,0.158,0.272,0,risky_irreversible_low_conf
style_synth_00675,pay_bill,0.809,0.437,0.073,0.354,0,risky_irreversible_low_conf
style_synth_00676,reorganize_files,0.741,0.605,0.654,0.072,1,confident_default_accept
style_synth_00677,send_reminder,0.755,0.138,0.54,0.285,0,low_trust_user
style_synth_00678,draft_message,0.35,0.764,0.854,0.188,0,low_confidence_default_reject
style_synth_00679,pay_bill,0.708,0.336,0.995,0.414,1,confident_default_accept
style_synth_00680,send_reminder,0.955,0.599,0.837,0.313,1,confident_default_accept
style_synth_00681,reorganize_files,0.6,0.418,0.293,0.37,0,risky_irreversible_low_conf
style_synth_00682,pay_bill,0.894,0.377,0.625,0.247,0,confident_default_accept
style_synth_00683,pay_bill,0.666,0.432,0.112,0.173,0,risky_irreversible_low_conf
style_synth_00684,send_reminder,0.817,0.509,0.493,0.657,0,novel_action_distrust
style_synth_00685,pay_bill,0.859,0.384,0.974,0.351,1,confident_default_accept
style_synth_00686,pay_bill,0.846,0.581,0.794,0.448,0,confident_default_accept
style_synth_00687,reorganize_files,0.644,0.728,0.546,0.077,0,low_confidence_default_reject
style_synth_00688,pay_bill,0.643,0.698,0.063,0.304,0,risky_irreversible_low_conf
style_synth_00689,send_reminder,0.83,0.739,0.886,0.242,1,high_trust_high_conf
style_synth_00690,draft_message,0.691,0.285,0.997,0.109,0,low_trust_user
style_synth_00691,pay_bill,0.922,0.707,0.949,0.202,1,high_trust_high_conf
style_synth_00692,schedule_event,0.419,0.864,0.14,0.105,0,risky_irreversible_low_conf
style_synth_00693,reorganize_files,0.833,0.81,0.672,0.204,1,high_trust_high_conf
style_synth_00694,reorganize_files,0.505,0.438,0.382,0.162,0,low_confidence_default_reject
style_synth_00695,draft_message,0.567,0.568,0.422,0.432,0,low_confidence_default_reject
style_synth_00696,draft_message,0.67,0.415,0.586,0.214,0,low_confidence_default_reject
style_synth_00697,reorganize_files,0.784,0.46,0.576,0.131,1,confident_default_accept
style_synth_00698,reorganize_files,0.963,0.594,0.744,0.344,1,confident_default_accept
style_synth_00699,draft_message,0.348,0.722,0.458,0.508,0,low_confidence_default_reject
style_synth_00700,pay_bill,0.868,0.774,0.101,0.474,1,high_trust_high_conf
style_synth_00701,reorganize_files,0.621,0.719,0.016,0.146,0,risky_irreversible_low_conf
style_synth_00702,send_reminder,0.62,0.469,0.533,0.392,0,low_confidence_default_reject
style_synth_00703,draft_message,0.817,0.779,0.695,0.172,1,high_trust_high_conf
style_synth_00704,draft_message,0.568,0.509,0.848,0.195,0,low_confidence_default_reject
style_synth_00705,draft_message,0.845,0.711,0.986,0.284,1,high_trust_high_conf
style_synth_00706,send_reminder,0.921,0.364,0.821,0.102,1,confident_default_accept
style_synth_00707,send_reminder,0.851,0.659,0.148,0.337,1,confident_default_accept
style_synth_00708,pay_bill,0.606,0.58,0.314,0.016,0,low_confidence_default_reject
style_synth_00709,schedule_event,0.621,0.345,0.181,0.526,0,risky_irreversible_low_conf
style_synth_00710,send_reminder,0.594,0.715,0.177,0.423,0,risky_irreversible_low_conf
style_synth_00711,draft_message,0.655,0.844,0.169,0.056,0,risky_irreversible_low_conf
style_synth_00712,schedule_event,0.86,0.697,0.891,0.525,1,confident_default_accept
style_synth_00713,schedule_event,0.471,0.308,0.167,0.165,0,risky_irreversible_low_conf
style_synth_00714,reorganize_files,0.874,0.634,0.188,0.126,1,confident_default_accept
style_synth_00715,send_reminder,0.447,0.568,0.546,0.162,0,low_confidence_default_reject
style_synth_00716,reorganize_files,0.692,0.552,0.786,0.379,0,low_confidence_default_reject
style_synth_00717,schedule_event,0.577,0.671,0.964,0.038,0,low_confidence_default_reject
style_synth_00718,pay_bill,0.937,0.687,0.714,0.253,1,confident_default_accept
style_synth_00719,schedule_event,0.404,0.811,0.246,0.4,0,risky_irreversible_low_conf
style_synth_00720,draft_message,0.468,0.678,0.901,0.453,0,low_confidence_default_reject
style_synth_00721,reorganize_files,0.854,0.698,0.167,0.35,1,confident_default_accept
style_synth_00722,draft_message,0.861,0.705,0.996,0.358,1,high_trust_high_conf
style_synth_00723,schedule_event,0.663,0.748,0.318,0.369,0,low_confidence_default_reject
style_synth_00724,draft_message,0.924,0.531,0.025,0.233,1,confident_default_accept
style_synth_00725,send_reminder,0.749,0.481,0.104,0.156,0,risky_irreversible_low_conf
style_synth_00726,schedule_event,0.968,0.241,0.386,0.389,0,low_trust_user
style_synth_00727,reorganize_files,0.73,0.348,0.388,0.133,1,confident_default_accept
style_synth_00728,schedule_event,0.683,0.601,0.421,0.263,0,low_confidence_default_reject
style_synth_00729,draft_message,0.746,0.514,0.463,0.578,1,confident_default_accept
style_synth_00730,reorganize_files,0.669,0.887,0.552,0.129,0,low_confidence_default_reject
style_synth_00731,pay_bill,0.79,0.637,0.198,0.188,0,risky_irreversible_low_conf
style_synth_00732,schedule_event,0.924,0.553,0.704,0.18,1,confident_default_accept
style_synth_00733,reorganize_files,0.613,0.712,0.249,0.261,0,risky_irreversible_low_conf
style_synth_00734,reorganize_files,0.483,0.401,0.988,0.136,0,low_confidence_default_reject
style_synth_00735,pay_bill,0.931,0.581,0.52,0.18,0,confident_default_accept
style_synth_00736,reorganize_files,0.958,0.735,0.388,0.433,1,high_trust_high_conf
style_synth_00737,reorganize_files,0.661,0.4,0.509,0.221,0,low_confidence_default_reject
style_synth_00738,pay_bill,0.625,0.559,0.461,0.713,0,novel_action_distrust
style_synth_00739,pay_bill,0.929,0.283,0.717,0.331,0,low_trust_user
style_synth_00740,reorganize_files,0.829,0.623,0.973,0.6,1,confident_default_accept
style_synth_00741,pay_bill,0.538,0.606,0.735,0.514,0,low_confidence_default_reject
style_synth_00742,send_reminder,0.705,0.47,0.771,0.318,1,confident_default_accept
style_synth_00743,draft_message,0.781,0.655,0.043,0.229,0,risky_irreversible_low_conf
style_synth_00744,reorganize_files,0.727,0.74,0.632,0.169,1,high_trust_high_conf
style_synth_00745,send_reminder,0.531,0.395,0.278,0.148,0,risky_irreversible_low_conf
style_synth_00746,reorganize_files,0.767,0.628,0.63,0.547,1,confident_default_accept
style_synth_00747,draft_message,0.846,0.358,0.326,0.208,1,confident_default_accept
style_synth_00748,draft_message,0.802,0.335,0.229,0.231,0,risky_irreversible_low_conf
style_synth_00749,schedule_event,0.717,0.518,0.947,0.171,1,confident_default_accept
style_synth_00750,schedule_event,0.986,0.475,0.485,0.288,1,confident_default_accept
style_synth_00751,send_reminder,0.933,0.694,0.701,0.371,1,confident_default_accept
style_synth_00752,draft_message,0.868,0.692,0.706,0.405,1,confident_default_accept
style_synth_00753,draft_message,0.808,0.524,0.327,0.176,0,confident_default_accept
style_synth_00754,pay_bill,0.877,0.667,0.357,0.19,0,confident_default_accept
style_synth_00755,reorganize_files,0.89,0.853,0.261,0.16,1,high_trust_high_conf
style_synth_00756,pay_bill,0.557,0.439,0.51,0.619,1,novel_action_distrust
style_synth_00757,pay_bill,0.63,0.692,0.536,0.187,0,low_confidence_default_reject
style_synth_00758,send_reminder,0.55,0.471,0.205,0.198,0,risky_irreversible_low_conf
style_synth_00759,send_reminder,0.689,0.621,0.23,0.673,1,risky_irreversible_low_conf
style_synth_00760,pay_bill,0.608,0.665,0.857,0.097,0,low_confidence_default_reject
style_synth_00761,schedule_event,0.913,0.842,0.191,0.435,0,high_trust_high_conf
style_synth_00762,schedule_event,0.35,0.331,0.03,0.154,0,risky_irreversible_low_conf
style_synth_00763,send_reminder,0.867,0.609,0.577,0.523,1,confident_default_accept
style_synth_00764,schedule_event,0.881,0.901,0.857,0.227,1,high_trust_high_conf
style_synth_00765,draft_message,0.697,0.477,0.146,0.548,0,risky_irreversible_low_conf
style_synth_00766,draft_message,0.711,0.741,0.925,0.349,1,high_trust_high_conf
style_synth_00767,draft_message,0.652,0.749,0.14,0.248,0,risky_irreversible_low_conf
style_synth_00768,schedule_event,0.528,0.387,0.937,0.392,0,low_confidence_default_reject
style_synth_00769,schedule_event,0.815,0.44,0.8,0.231,1,confident_default_accept
style_synth_00770,draft_message,0.938,0.505,0.422,0.177,1,confident_default_accept
style_synth_00771,pay_bill,0.604,0.526,0.753,0.417,0,low_confidence_default_reject
style_synth_00772,reorganize_files,0.811,0.87,0.337,0.395,1,high_trust_high_conf
style_synth_00773,reorganize_files,0.36,0.48,0.925,0.331,0,low_confidence_default_reject
style_synth_00774,pay_bill,0.506,0.614,0.654,0.179,0,low_confidence_default_reject
style_synth_00775,send_reminder,0.869,0.537,0.635,0.138,1,confident_default_accept
style_synth_00776,schedule_event,0.435,0.722,0.66,0.314,0,low_confidence_default_reject
style_synth_00777,send_reminder,0.816,0.325,0.009,0.441,0,risky_irreversible_low_conf
style_synth_00778,send_reminder,0.898,0.801,0.627,0.117,1,high_trust_high_conf
style_synth_00779,reorganize_files,0.532,0.679,0.225,0.211,0,risky_irreversible_low_conf
style_synth_00780,reorganize_files,0.937,0.464,0.465,0.546,1,confident_default_accept
style_synth_00781,draft_message,0.823,0.691,0.599,0.188,1,confident_default_accept
style_synth_00782,draft_message,0.906,0.658,0.192,0.27,1,confident_default_accept
style_synth_00783,pay_bill,0.914,0.553,0.321,0.598,1,confident_default_accept
style_synth_00784,pay_bill,0.529,0.576,0.537,0.172,0,low_confidence_default_reject
style_synth_00785,reorganize_files,0.87,0.573,0.051,0.229,1,confident_default_accept
style_synth_00786,schedule_event,0.412,0.586,0.743,0.211,0,low_confidence_default_reject
style_synth_00787,send_reminder,0.869,0.573,0.172,0.433,1,confident_default_accept
style_synth_00788,draft_message,0.769,0.683,0.861,0.185,1,confident_default_accept
style_synth_00789,reorganize_files,0.975,0.472,0.342,0.048,1,confident_default_accept
style_synth_00790,pay_bill,0.672,0.756,0.249,0.173,1,risky_irreversible_low_conf
style_synth_00791,send_reminder,0.657,0.583,0.724,0.205,0,low_confidence_default_reject
style_synth_00792,pay_bill,0.611,0.492,0.229,0.363,0,risky_irreversible_low_conf
style_synth_00793,send_reminder,0.764,0.448,0.092,0.046,0,risky_irreversible_low_conf
style_synth_00794,pay_bill,0.689,0.193,0.773,0.177,0,low_trust_user
style_synth_00795,draft_message,0.981,0.921,0.057,0.076,1,high_trust_high_conf
style_synth_00796,draft_message,0.586,0.743,0.136,0.193,0,risky_irreversible_low_conf
style_synth_00797,reorganize_files,0.779,0.512,0.251,0.127,1,risky_irreversible_low_conf
style_synth_00798,reorganize_files,0.646,0.275,0.649,0.211,0,low_trust_user
style_synth_00799,reorganize_files,0.863,0.403,0.374,0.124,1,confident_default_accept
style_synth_00800,draft_message,0.683,0.781,0.922,0.221,0,low_confidence_default_reject
style_synth_00801,schedule_event,0.774,0.577,0.368,0.313,1,confident_default_accept
style_synth_00802,send_reminder,0.321,0.268,0.723,0.207,1,low_trust_user
style_synth_00803,draft_message,0.502,0.836,0.787,0.248,0,low_confidence_default_reject
style_synth_00804,reorganize_files,0.697,0.525,0.901,0.484,0,low_confidence_default_reject
style_synth_00805,send_reminder,0.673,0.463,0.509,0.312,0,low_confidence_default_reject
style_synth_00806,draft_message,0.716,0.683,0.413,0.296,1,confident_default_accept
style_synth_00807,schedule_event,0.95,0.604,0.487,0.256,1,confident_default_accept
style_synth_00808,pay_bill,0.616,0.269,0.429,0.47,0,low_trust_user
style_synth_00809,schedule_event,0.648,0.679,0.893,0.192,0,low_confidence_default_reject
style_synth_00810,pay_bill,0.614,0.426,0.462,0.452,0,low_confidence_default_reject
style_synth_00811,reorganize_files,0.736,0.613,0.401,0.32,1,confident_default_accept
style_synth_00812,send_reminder,0.837,0.503,0.668,0.444,1,confident_default_accept
style_synth_00813,schedule_event,0.75,0.754,0.464,0.413,1,high_trust_high_conf
style_synth_00814,send_reminder,0.913,0.676,0.181,0.197,1,confident_default_accept
style_synth_00815,send_reminder,0.505,0.709,0.59,0.699,0,novel_action_distrust
style_synth_00816,draft_message,0.939,0.389,0.878,0.401,1,confident_default_accept
style_synth_00817,draft_message,0.68,0.725,0.239,0.083,0,risky_irreversible_low_conf
style_synth_00818,schedule_event,0.534,0.783,0.213,0.537,0,risky_irreversible_low_conf
style_synth_00819,send_reminder,0.803,0.7,0.731,0.185,1,confident_default_accept
style_synth_00820,pay_bill,0.777,0.847,0.121,0.822,0,risky_irreversible_low_conf
style_synth_00821,draft_message,0.542,0.481,0.083,0.499,0,risky_irreversible_low_conf
style_synth_00822,schedule_event,0.888,0.703,0.389,0.389,1,high_trust_high_conf
style_synth_00823,send_reminder,0.759,0.676,0.453,0.013,1,confident_default_accept
style_synth_00824,draft_message,0.792,0.471,0.032,0.254,1,risky_irreversible_low_conf
style_synth_00825,draft_message,0.661,0.72,0.407,0.075,0,low_confidence_default_reject
style_synth_00826,send_reminder,0.799,0.619,0.232,0.177,0,risky_irreversible_low_conf
style_synth_00827,send_reminder,0.845,0.67,0.312,0.331,1,confident_default_accept
style_synth_00828,schedule_event,0.569,0.547,0.794,0.075,0,low_confidence_default_reject
style_synth_00829,schedule_event,0.88,0.8,0.681,0.418,1,high_trust_high_conf
style_synth_00830,send_reminder,0.747,0.654,0.125,0.25,0,risky_irreversible_low_conf
style_synth_00831,pay_bill,0.75,0.712,0.231,0.332,0,risky_irreversible_low_conf
style_synth_00832,draft_message,0.913,0.276,0.325,0.202,0,low_trust_user
style_synth_00833,pay_bill,0.348,0.737,0.159,0.367,0,risky_irreversible_low_conf
style_synth_00834,schedule_event,0.955,0.649,0.449,0.395,1,confident_default_accept
style_synth_00835,pay_bill,0.525,0.504,0.145,0.242,0,risky_irreversible_low_conf
style_synth_00836,send_reminder,0.974,0.36,0.556,0.334,1,confident_default_accept
style_synth_00837,send_reminder,0.363,0.788,0.764,0.159,0,low_confidence_default_reject
style_synth_00838,send_reminder,0.784,0.676,0.562,0.417,1,confident_default_accept
style_synth_00839,send_reminder,0.56,0.184,0.093,0.086,0,risky_irreversible_low_conf
style_synth_00840,pay_bill,0.449,0.817,0.331,0.103,0,low_confidence_default_reject
style_synth_00841,reorganize_files,0.597,0.738,0.234,0.084,0,risky_irreversible_low_conf
style_synth_00842,send_reminder,0.499,0.675,0.901,0.309,0,low_confidence_default_reject
style_synth_00843,reorganize_files,0.726,0.367,0.677,0.712,0,novel_action_distrust
style_synth_00844,send_reminder,0.801,0.503,0.798,0.202,1,confident_default_accept
style_synth_00845,pay_bill,0.916,0.656,0.232,0.115,1,confident_default_accept
style_synth_00846,pay_bill,0.713,0.478,0.14,0.651,0,risky_irreversible_low_conf
style_synth_00847,reorganize_files,0.654,0.298,0.775,0.316,0,low_trust_user
style_synth_00848,send_reminder,0.538,0.481,0.631,0.148,0,low_confidence_default_reject
style_synth_00849,draft_message,0.935,0.618,0.91,0.06,1,confident_default_accept
style_synth_00850,draft_message,0.712,0.545,0.361,0.32,1,confident_default_accept
style_synth_00851,pay_bill,0.956,0.32,0.039,0.354,1,confident_default_accept
style_synth_00852,reorganize_files,0.968,0.845,0.047,0.106,0,high_trust_high_conf
style_synth_00853,draft_message,0.858,0.479,0.673,0.099,1,confident_default_accept
style_synth_00854,draft_message,0.81,0.551,0.214,0.36,0,risky_irreversible_low_conf
style_synth_00855,draft_message,0.658,0.736,0.187,0.111,0,risky_irreversible_low_conf
style_synth_00856,draft_message,0.788,0.442,0.731,0.226,1,confident_default_accept
style_synth_00857,draft_message,0.727,0.724,0.993,0.269,1,high_trust_high_conf
style_synth_00858,pay_bill,0.869,0.718,0.095,0.269,1,high_trust_high_conf
style_synth_00859,send_reminder,0.542,0.875,0.035,0.062,0,risky_irreversible_low_conf
style_synth_00860,draft_message,0.782,0.226,0.415,0.303,0,low_trust_user
style_synth_00861,draft_message,0.813,0.962,0.214,0.353,0,risky_irreversible_low_conf
style_synth_00862,schedule_event,0.744,0.507,0.343,0.071,1,confident_default_accept
style_synth_00863,pay_bill,0.739,0.458,0.63,0.455,1,confident_default_accept
style_synth_00864,schedule_event,0.579,0.9,0.361,0.16,0,low_confidence_default_reject
style_synth_00865,reorganize_files,0.695,0.738,0.43,0.475,0,low_confidence_default_reject
style_synth_00866,send_reminder,0.867,0.789,0.896,0.02,1,high_trust_high_conf
style_synth_00867,reorganize_files,0.718,0.47,0.124,0.064,0,risky_irreversible_low_conf
style_synth_00868,send_reminder,0.851,0.366,0.706,0.265,1,confident_default_accept
style_synth_00869,draft_message,0.686,0.628,0.784,0.305,0,low_confidence_default_reject
style_synth_00870,draft_message,0.526,0.59,0.819,0.182,0,low_confidence_default_reject
style_synth_00871,schedule_event,0.525,0.181,0.943,0.516,0,low_trust_user
style_synth_00872,draft_message,0.746,0.634,0.982,0.176,1,confident_default_accept
style_synth_00873,draft_message,0.643,0.657,0.923,0.101,0,low_confidence_default_reject
style_synth_00874,send_reminder,0.422,0.493,0.85,0.112,0,low_confidence_default_reject
style_synth_00875,pay_bill,0.849,0.281,0.025,0.15,0,risky_irreversible_low_conf
style_synth_00876,draft_message,0.701,0.464,0.144,0.493,0,risky_irreversible_low_conf
style_synth_00877,reorganize_files,0.934,0.631,0.13,0.472,1,confident_default_accept
style_synth_00878,reorganize_files,0.831,0.726,0.675,0.26,1,high_trust_high_conf
style_synth_00879,pay_bill,0.831,0.217,0.164,0.073,0,risky_irreversible_low_conf
style_synth_00880,draft_message,0.53,0.661,0.297,0.221,0,risky_irreversible_low_conf
style_synth_00881,send_reminder,0.511,0.242,0.398,0.17,0,low_trust_user
style_synth_00882,send_reminder,0.847,0.822,0.261,0.218,0,risky_irreversible_low_conf
style_synth_00883,reorganize_files,0.406,0.502,0.029,0.114,0,risky_irreversible_low_conf
style_synth_00884,reorganize_files,0.874,0.323,0.518,0.785,0,novel_action_distrust
style_synth_00885,pay_bill,0.73,0.58,0.937,0.529,1,confident_default_accept
style_synth_00886,pay_bill,0.619,0.839,0.773,0.162,0,low_confidence_default_reject
style_synth_00887,schedule_event,0.717,0.462,0.719,0.476,1,confident_default_accept
style_synth_00888,send_reminder,0.642,0.572,0.913,0.439,0,low_confidence_default_reject
style_synth_00889,reorganize_files,0.68,0.455,0.078,0.294,0,risky_irreversible_low_conf
style_synth_00890,reorganize_files,0.615,0.742,0.32,0.249,0,low_confidence_default_reject
style_synth_00891,send_reminder,0.815,0.552,0.39,0.428,1,confident_default_accept
style_synth_00892,pay_bill,0.469,0.481,0.353,0.509,0,low_confidence_default_reject
style_synth_00893,draft_message,0.889,0.556,0.405,0.13,1,confident_default_accept
style_synth_00894,pay_bill,0.647,0.639,0.991,0.319,0,low_confidence_default_reject
style_synth_00895,reorganize_files,0.966,0.712,0.12,0.355,1,high_trust_high_conf
style_synth_00896,reorganize_files,0.865,0.568,0.088,0.27,1,confident_default_accept
style_synth_00897,pay_bill,0.607,0.286,0.643,0.127,0,low_trust_user
style_synth_00898,schedule_event,0.741,0.958,0.235,0.217,0,risky_irreversible_low_conf
style_synth_00899,draft_message,0.569,0.478,0.28,0.476,0,risky_irreversible_low_conf
style_synth_00900,reorganize_files,0.597,0.187,0.812,0.385,0,low_trust_user
style_synth_00901,schedule_event,0.506,0.299,0.116,0.291,0,risky_irreversible_low_conf
style_synth_00902,send_reminder,0.583,0.211,0.383,0.331,0,low_trust_user
style_synth_00903,pay_bill,0.513,0.371,0.846,0.125,0,low_confidence_default_reject
style_synth_00904,pay_bill,0.774,0.55,0.09,0.266,0,risky_irreversible_low_conf
style_synth_00905,schedule_event,0.766,0.773,0.464,0.168,1,high_trust_high_conf
style_synth_00906,pay_bill,0.875,0.497,0.9,0.344,1,confident_default_accept
style_synth_00907,reorganize_files,0.759,0.628,0.186,0.057,0,risky_irreversible_low_conf
style_synth_00908,reorganize_files,0.732,0.569,0.551,0.141,1,confident_default_accept
style_synth_00909,send_reminder,0.875,0.371,0.744,0.313,0,confident_default_accept
style_synth_00910,draft_message,0.433,0.757,0.825,0.199,0,low_confidence_default_reject
style_synth_00911,send_reminder,0.92,0.798,0.028,0.532,1,high_trust_high_conf
style_synth_00912,schedule_event,0.702,0.785,0.569,0.165,1,high_trust_high_conf
style_synth_00913,send_reminder,0.655,0.554,0.04,0.054,0,risky_irreversible_low_conf
style_synth_00914,send_reminder,0.907,0.726,0.73,0.627,1,high_trust_high_conf
style_synth_00915,send_reminder,0.654,0.691,0.145,0.113,0,risky_irreversible_low_conf
style_synth_00916,reorganize_files,0.864,0.84,0.105,0.494,1,high_trust_high_conf
style_synth_00917,send_reminder,0.892,0.668,0.66,0.182,1,confident_default_accept
style_synth_00918,draft_message,0.929,0.273,0.576,0.188,1,low_trust_user
style_synth_00919,send_reminder,0.673,0.979,0.716,0.236,0,low_confidence_default_reject
style_synth_00920,schedule_event,0.825,0.813,0.156,0.268,0,risky_irreversible_low_conf
style_synth_00921,reorganize_files,0.891,0.451,0.281,0.416,1,confident_default_accept
style_synth_00922,schedule_event,0.736,0.391,0.64,0.277,1,confident_default_accept
style_synth_00923,draft_message,0.838,0.593,0.555,0.44,0,confident_default_accept
style_synth_00924,reorganize_files,0.773,0.351,0.517,0.5,0,confident_default_accept
style_synth_00925,schedule_event,0.935,0.601,0.048,0.363,1,confident_default_accept
style_synth_00926,pay_bill,0.637,0.614,0.254,0.489,0,risky_irreversible_low_conf
style_synth_00927,reorganize_files,0.94,0.523,0.019,0.082,1,confident_default_accept
style_synth_00928,send_reminder,0.568,0.773,0.552,0.42,0,low_confidence_default_reject
style_synth_00929,send_reminder,0.537,0.549,0.199,0.232,0,risky_irreversible_low_conf
style_synth_00930,draft_message,0.556,0.681,0.762,0.21,0,low_confidence_default_reject
style_synth_00931,draft_message,0.969,0.56,0.82,0.488,1,confident_default_accept
style_synth_00932,schedule_event,0.846,0.469,0.504,0.761,1,novel_action_distrust
style_synth_00933,send_reminder,0.808,0.533,0.399,0.275,1,confident_default_accept
style_synth_00934,draft_message,0.837,0.665,0.829,0.133,1,confident_default_accept
style_synth_00935,schedule_event,0.816,0.634,0.752,0.285,1,confident_default_accept
style_synth_00936,pay_bill,0.612,0.825,0.642,0.075,0,low_confidence_default_reject
style_synth_00937,draft_message,0.624,0.62,0.293,0.071,0,risky_irreversible_low_conf
style_synth_00938,reorganize_files,0.794,0.324,0.012,0.456,0,risky_irreversible_low_conf
style_synth_00939,pay_bill,0.792,0.426,0.535,0.27,1,confident_default_accept
style_synth_00940,draft_message,0.631,0.473,0.999,0.089,0,low_confidence_default_reject
style_synth_00941,pay_bill,0.878,0.709,0.83,0.056,1,high_trust_high_conf
style_synth_00942,schedule_event,0.427,0.517,0.47,0.418,0,low_confidence_default_reject
style_synth_00943,send_reminder,0.765,0.675,0.097,0.087,0,risky_irreversible_low_conf
style_synth_00944,draft_message,0.687,0.572,0.249,0.408,0,risky_irreversible_low_conf
style_synth_00945,draft_message,0.897,0.421,0.995,0.294,1,confident_default_accept
style_synth_00946,schedule_event,0.466,0.65,0.648,0.125,0,low_confidence_default_reject
style_synth_00947,schedule_event,0.394,0.364,0.293,0.139,0,risky_irreversible_low_conf
style_synth_00948,send_reminder,0.782,0.38,0.315,0.53,1,confident_default_accept
style_synth_00949,draft_message,0.75,0.72,0.131,0.408,0,risky_irreversible_low_conf
style_synth_00950,draft_message,0.886,0.608,0.134,0.259,1,confident_default_accept
style_synth_00951,send_reminder,0.651,0.378,0.196,0.039,0,risky_irreversible_low_conf
style_synth_00952,draft_message,0.742,0.688,0.92,0.102,1,confident_default_accept
style_synth_00953,pay_bill,0.562,0.649,0.169,0.114,0,risky_irreversible_low_conf
style_synth_00954,draft_message,0.954,0.604,0.339,0.096,1,confident_default_accept
style_synth_00955,send_reminder,0.791,0.681,0.398,0.131,1,confident_default_accept
style_synth_00956,pay_bill,0.41,0.434,0.655,0.067,0,low_confidence_default_reject
style_synth_00957,schedule_event,0.799,0.635,0.036,0.567,0,risky_irreversible_low_conf
style_synth_00958,send_reminder,0.82,0.84,0.826,0.184,1,high_trust_high_conf
style_synth_00959,pay_bill,0.888,0.522,0.644,0.156,1,confident_default_accept
style_synth_00960,send_reminder,0.691,0.329,0.993,0.323,0,low_confidence_default_reject
style_synth_00961,reorganize_files,0.865,0.712,0.71,0.205,1,high_trust_high_conf
style_synth_00962,reorganize_files,0.553,0.676,0.944,0.313,1,low_confidence_default_reject
style_synth_00963,send_reminder,0.897,0.34,0.045,0.045,1,confident_default_accept
style_synth_00964,reorganize_files,0.753,0.681,0.725,0.151,1,confident_default_accept
style_synth_00965,send_reminder,0.828,0.74,0.017,0.093,0,risky_irreversible_low_conf
style_synth_00966,send_reminder,0.761,0.399,0.905,0.143,1,confident_default_accept
style_synth_00967,pay_bill,0.747,0.565,0.562,0.218,1,confident_default_accept
style_synth_00968,send_reminder,0.78,0.559,0.66,0.318,1,confident_default_accept
style_synth_00969,pay_bill,0.638,0.436,0.133,0.607,0,risky_irreversible_low_conf
style_synth_00970,send_reminder,0.782,0.239,0.572,0.547,0,low_trust_user
style_synth_00971,schedule_event,0.588,0.357,0.097,0.362,0,risky_irreversible_low_conf
style_synth_00972,send_reminder,0.797,0.604,0.053,0.253,0,risky_irreversible_low_conf
style_synth_00973,pay_bill,0.442,0.943,0.126,0.291,0,risky_irreversible_low_conf
style_synth_00974,schedule_event,0.873,0.726,0.328,0.403,1,high_trust_high_conf
style_synth_00975,pay_bill,0.617,0.666,0.641,0.115,0,low_confidence_default_reject
style_synth_00976,schedule_event,0.728,0.914,0.81,0.19,1,high_trust_high_conf
style_synth_00977,send_reminder,0.621,0.313,0.413,0.2,0,low_confidence_default_reject
style_synth_00978,draft_message,0.683,0.322,0.071,0.21,0,risky_irreversible_low_conf
style_synth_00979,pay_bill,0.504,0.388,0.337,0.054,0,low_confidence_default_reject
style_synth_00980,pay_bill,0.833,0.313,0.85,0.466,1,confident_default_accept
style_synth_00981,reorganize_files,0.882,0.478,0.01,0.141,1,confident_default_accept
style_synth_00982,schedule_event,0.926,0.855,0.019,0.407,1,high_trust_high_conf
style_synth_00983,schedule_event,0.596,0.577,0.7,0.085,0,low_confidence_default_reject
style_synth_00984,draft_message,0.703,0.178,0.845,0.134,0,low_trust_user
style_synth_00985,draft_message,0.671,0.393,0.216,0.281,0,risky_irreversible_low_conf
style_synth_00986,draft_message,0.666,0.336,0.99,0.118,0,low_confidence_default_reject
style_synth_00987,pay_bill,0.888,0.57,0.941,0.523,1,confident_default_accept
style_synth_00988,draft_message,0.634,0.375,0.662,0.297,0,low_confidence_default_reject
style_synth_00989,pay_bill,0.431,0.771,0.493,0.153,0,low_confidence_default_reject
style_synth_00990,send_reminder,0.733,0.758,0.032,0.066,0,risky_irreversible_low_conf
style_synth_00991,schedule_event,0.726,0.523,0.795,0.198,1,confident_default_accept
style_synth_00992,draft_message,0.946,0.759,0.953,0.095,1,high_trust_high_conf
style_synth_00993,pay_bill,0.847,0.494,0.226,0.227,0,risky_irreversible_low_conf
style_synth_00994,pay_bill,0.496,0.804,0.112,0.303,0,risky_irreversible_low_conf
style_synth_00995,draft_message,0.633,0.455,0.917,0.223,1,low_confidence_default_reject
style_synth_00996,reorganize_files,0.878,0.307,0.995,0.125,1,confident_default_accept
style_synth_00997,pay_bill,0.685,0.642,0.277,0.376,0,risky_irreversible_low_conf
style_synth_00998,send_reminder,0.629,0.823,0.979,0.291,0,low_confidence_default_reject
style_synth_00999,reorganize_files,0.883,0.78,0.131,0.227,1,high_trust_high_conf
style_synth_01000,schedule_event,0.802,0.539,0.071,0.039,0,risky_irreversible_low_conf
style_synth_01001,schedule_event,0.651,0.402,0.785,0.135,1,low_confidence_default_reject
style_synth_01002,reorganize_files,0.898,0.826,0.394,0.085,0,high_trust_high_conf
style_synth_01003,send_reminder,0.774,0.502,0.225,0.212,0,risky_irreversible_low_conf
style_synth_01004,pay_bill,0.837,0.471,0.665,0.349,1,confident_default_accept
style_synth_01005,schedule_event,0.665,0.418,0.264,0.21,0,risky_irreversible_low_conf
style_synth_01006,draft_message,0.939,0.446,0.202,0.58,1,confident_default_accept
style_synth_01007,send_reminder,0.463,0.448,0.796,0.188,0,low_confidence_default_reject
style_synth_01008,draft_message,0.645,0.488,0.962,0.104,0,low_confidence_default_reject
style_synth_01009,draft_message,0.92,0.749,0.787,0.281,1,high_trust_high_conf
style_synth_01010,pay_bill,0.511,0.84,0.123,0.361,0,risky_irreversible_low_conf
style_synth_01011,pay_bill,0.911,0.777,0.22,0.03,1,high_trust_high_conf
style_synth_01012,draft_message,0.535,0.204,0.26,0.453,0,risky_irreversible_low_conf
style_synth_01013,pay_bill,0.754,0.42,0.905,0.287,1,confident_default_accept
style_synth_01014,pay_bill,0.932,0.487,0.063,0.503,1,confident_default_accept
style_synth_01015,pay_bill,0.529,0.392,0.574,0.57,0,low_confidence_default_reject
style_synth_01016,schedule_event,0.944,0.426,0.391,0.321,1,confident_default_accept
style_synth_01017,pay_bill,0.829,0.744,0.64,0.378,1,high_trust_high_conf
style_synth_01018,send_reminder,0.351,0.809,0.129,0.291,0,risky_irreversible_low_conf
style_synth_01019,schedule_event,0.723,0.44,0.83,0.151,1,confident_default_accept
style_synth_01020,send_reminder,0.884,0.556,0.707,0.126,1,confident_default_accept
style_synth_01021,draft_message,0.455,0.803,0.754,0.229,0,low_confidence_default_reject
style_synth_01022,send_reminder,0.77,0.675,0.993,0.421,1,confident_default_accept
style_synth_01023,reorganize_files,0.393,0.779,0.148,0.444,0,risky_irreversible_low_conf
style_synth_01024,reorganize_files,0.83,0.677,0.174,0.542,0,risky_irreversible_low_conf
style_synth_01025,schedule_event,0.799,0.445,0.592,0.149,1,confident_default_accept
style_synth_01026,reorganize_files,0.976,0.337,0.662,0.188,1,confident_default_accept
style_synth_01027,send_reminder,0.607,0.724,0.491,0.251,0,low_confidence_default_reject
style_synth_01028,reorganize_files,0.775,0.722,0.698,0.35,1,high_trust_high_conf
style_synth_01029,pay_bill,0.312,0.695,0.586,0.257,0,low_confidence_default_reject
style_synth_01030,draft_message,0.766,0.455,0.401,0.171,1,confident_default_accept
style_synth_01031,pay_bill,0.727,0.887,0.975,0.483,1,high_trust_high_conf
style_synth_01032,pay_bill,0.809,0.904,0.11,0.251,0,risky_irreversible_low_conf
style_synth_01033,schedule_event,0.797,0.537,0.33,0.087,1,confident_default_accept
style_synth_01034,draft_message,0.861,0.71,0.834,0.303,1,high_trust_high_conf
style_synth_01035,schedule_event,0.64,0.485,0.605,0.266,0,low_confidence_default_reject
style_synth_01036,draft_message,0.381,0.174,0.479,0.233,0,low_trust_user
style_synth_01037,reorganize_files,0.632,0.72,0.433,0.308,0,low_confidence_default_reject
style_synth_01038,schedule_event,0.659,0.398,0.864,0.409,0,low_confidence_default_reject
style_synth_01039,reorganize_files,0.76,0.524,0.223,0.42,0,risky_irreversible_low_conf
style_synth_01040,pay_bill,0.564,0.7,0.663,0.323,0,low_confidence_default_reject
style_synth_01041,send_reminder,0.731,0.822,0.959,0.244,1,high_trust_high_conf
style_synth_01042,draft_message,0.674,0.836,0.61,0.277,0,low_confidence_default_reject
style_synth_01043,pay_bill,0.757,0.538,0.468,0.065,1,confident_default_accept
style_synth_01044,schedule_event,0.529,0.632,0.174,0.56,0,risky_irreversible_low_conf
style_synth_01045,send_reminder,0.735,0.66,0.068,0.35,0,risky_irreversible_low_conf
style_synth_01046,pay_bill,0.903,0.754,0.463,0.474,1,high_trust_high_conf
style_synth_01047,send_reminder,0.56,0.605,0.148,0.402,1,risky_irreversible_low_conf
style_synth_01048,send_reminder,0.831,0.549,0.247,0.161,0,risky_irreversible_low_conf
style_synth_01049,schedule_event,0.883,0.624,0.743,0.039,1,confident_default_accept
style_synth_01050,schedule_event,0.758,0.713,0.598,0.592,1,high_trust_high_conf
style_synth_01051,reorganize_files,0.851,0.738,0.383,0.321,0,high_trust_high_conf
style_synth_01052,send_reminder,0.775,0.239,0.766,0.339,0,low_trust_user
style_synth_01053,pay_bill,0.824,0.725,0.921,0.396,1,high_trust_high_conf
style_synth_01054,reorganize_files,0.501,0.666,0.158,0.389,0,risky_irreversible_low_conf
style_synth_01055,reorganize_files,0.718,0.674,0.72,0.082,1,confident_default_accept
style_synth_01056,pay_bill,0.568,0.554,0.205,0.14,0,risky_irreversible_low_conf
style_synth_01057,pay_bill,0.713,0.337,0.113,0.244,0,risky_irreversible_low_conf
style_synth_01058,reorganize_files,0.74,0.402,0.837,0.012,1,confident_default_accept
style_synth_01059,reorganize_files,0.816,0.555,0.946,0.181,1,confident_default_accept
style_synth_01060,pay_bill,0.591,0.788,0.306,0.068,0,low_confidence_default_reject
style_synth_01061,schedule_event,0.641,0.842,0.615,0.117,0,low_confidence_default_reject
style_synth_01062,send_reminder,0.895,0.68,0.422,0.198,1,confident_default_accept
style_synth_01063,send_reminder,0.822,0.345,0.886,0.008,1,confident_default_accept
style_synth_01064,send_reminder,0.623,0.42,0.858,0.076,0,low_confidence_default_reject
style_synth_01065,reorganize_files,0.875,0.534,0.883,0.557,1,confident_default_accept
style_synth_01066,send_reminder,0.835,0.318,0.673,0.621,0,novel_action_distrust
style_synth_01067,send_reminder,0.551,0.239,0.651,0.285,1,low_trust_user
style_synth_01068,send_reminder,0.917,0.795,0.695,0.202,1,high_trust_high_conf
style_synth_01069,draft_message,0.544,0.56,0.534,0.49,0,low_confidence_default_reject
style_synth_01070,reorganize_files,0.561,0.373,0.628,0.034,0,low_confidence_default_reject
style_synth_01071,schedule_event,0.867,0.632,0.574,0.667,0,novel_action_distrust
style_synth_01072,reorganize_files,0.57,0.532,0.802,0.279,0,low_confidence_default_reject
style_synth_01073,reorganize_files,0.764,0.824,0.01,0.334,1,risky_irreversible_low_conf
style_synth_01074,pay_bill,0.903,0.514,0.834,0.303,1,confident_default_accept
style_synth_01075,send_reminder,0.905,0.745,0.474,0.673,1,high_trust_high_conf
style_synth_01076,pay_bill,0.41,0.341,0.102,0.618,0,risky_irreversible_low_conf
style_synth_01077,draft_message,0.796,0.638,0.294,0.194,0,risky_irreversible_low_conf
style_synth_01078,schedule_event,0.454,0.401,0.688,0.087,0,low_confidence_default_reject
style_synth_01079,send_reminder,0.747,0.816,0.039,0.217,0,risky_irreversible_low_conf
style_synth_01080,reorganize_files,0.934,0.394,0.793,0.227,1,confident_default_accept
style_synth_01081,pay_bill,0.913,0.892,0.969,0.266,1,high_trust_high_conf
style_synth_01082,send_reminder,0.556,0.927,0.472,0.49,0,low_confidence_default_reject
style_synth_01083,send_reminder,0.754,0.664,0.17,0.111,0,risky_irreversible_low_conf
style_synth_01084,schedule_event,0.76,0.565,0.639,0.236,1,confident_default_accept
style_synth_01085,draft_message,0.578,0.46,0.289,0.204,0,risky_irreversible_low_conf
style_synth_01086,pay_bill,0.91,0.666,0.936,0.171,1,confident_default_accept
style_synth_01087,draft_message,0.806,0.773,0.182,0.31,0,risky_irreversible_low_conf
style_synth_01088,pay_bill,0.704,0.627,0.293,0.46,0,risky_irreversible_low_conf
style_synth_01089,send_reminder,0.925,0.516,0.794,0.366,1,confident_default_accept
style_synth_01090,schedule_event,0.752,0.55,0.931,0.334,1,confident_default_accept
style_synth_01091,send_reminder,0.565,0.656,0.939,0.524,0,low_confidence_default_reject
style_synth_01092,draft_message,0.863,0.701,0.584,0.257,1,high_trust_high_conf
style_synth_01093,pay_bill,0.575,0.891,0.581,0.096,0,low_confidence_default_reject
style_synth_01094,pay_bill,0.855,0.782,0.342,0.185,1,high_trust_high_conf
style_synth_01095,reorganize_files,0.237,0.684,0.167,0.241,0,risky_irreversible_low_conf
style_synth_01096,reorganize_files,0.862,0.377,0.465,0.373,1,confident_default_accept
style_synth_01097,schedule_event,0.75,0.317,0.134,0.158,0,risky_irreversible_low_conf
style_synth_01098,send_reminder,0.857,0.638,0.343,0.394,1,confident_default_accept
style_synth_01099,reorganize_files,0.519,0.711,0.704,0.137,0,low_confidence_default_reject
style_synth_01100,reorganize_files,0.659,0.402,0.585,0.356,0,low_confidence_default_reject
style_synth_01101,send_reminder,0.723,0.75,0.378,0.024,1,high_trust_high_conf
style_synth_01102,draft_message,0.52,0.578,0.635,0.408,0,low_confidence_default_reject
style_synth_01103,pay_bill,0.902,0.757,0.676,0.244,1,high_trust_high_conf
style_synth_01104,schedule_event,0.942,0.234,0.627,0.099,0,low_trust_user
style_synth_01105,reorganize_files,0.66,0.599,0.846,0.171,0,low_confidence_default_reject
style_synth_01106,send_reminder,0.771,0.588,0.035,0.198,1,risky_irreversible_low_conf
style_synth_01107,reorganize_files,0.526,0.708,0.475,0.128,0,low_confidence_default_reject
style_synth_01108,draft_message,0.337,0.638,0.167,0.049,0,risky_irreversible_low_conf
style_synth_01109,schedule_event,0.804,0.127,0.839,0.283,0,low_trust_user
style_synth_01110,send_reminder,0.76,0.562,0.544,0.208,1,confident_default_accept
style_synth_01111,draft_message,0.911,0.435,0.29,0.154,1,confident_default_accept
style_synth_01112,schedule_event,0.946,0.632,0.012,0.265,1,confident_default_accept
style_synth_01113,schedule_event,0.27,0.878,0.409,0.356,0,low_confidence_default_reject
style_synth_01114,schedule_event,0.638,0.78,0.035,0.419,0,risky_irreversible_low_conf
style_synth_01115,schedule_event,0.938,0.265,0.87,0.432,0,low_trust_user
style_synth_01116,send_reminder,0.965,0.342,0.787,0.364,1,confident_default_accept
style_synth_01117,send_reminder,0.76,0.869,0.421,0.448,1,high_trust_high_conf
style_synth_01118,reorganize_files,0.716,0.701,0.584,0.345,1,high_trust_high_conf
style_synth_01119,draft_message,0.834,0.469,0.479,0.392,1,confident_default_accept
style_synth_01120,schedule_event,0.735,0.601,0.977,0.311,0,confident_default_accept
style_synth_01121,reorganize_files,0.72,0.784,0.625,0.586,1,high_trust_high_conf
style_synth_01122,schedule_event,0.679,0.686,0.168,0.331,0,risky_irreversible_low_conf
style_synth_01123,draft_message,0.942,0.368,0.239,0.215,1,confident_default_accept
style_synth_01124,schedule_event,0.647,0.26,0.235,0.399,0,risky_irreversible_low_conf
style_synth_01125,send_reminder,0.724,0.675,0.951,0.388,0,confident_default_accept
style_synth_01126,send_reminder,0.799,0.705,0.953,0.074,1,high_trust_high_conf
style_synth_01127,draft_message,0.625,0.548,0.203,0.469,0,risky_irreversible_low_conf
style_synth_01128,send_reminder,0.705,0.854,0.059,0.092,0,risky_irreversible_low_conf
style_synth_01129,send_reminder,0.936,0.945,0.391,0.028,1,high_trust_high_conf
style_synth_01130,pay_bill,0.77,0.558,0.087,0.329,0,risky_irreversible_low_conf
style_synth_01131,schedule_event,0.557,0.435,0.114,0.086,0,risky_irreversible_low_conf
style_synth_01132,schedule_event,0.65,0.184,0.201,0.222,0,risky_irreversible_low_conf
style_synth_01133,draft_message,0.397,0.757,0.046,0.604,0,risky_irreversible_low_conf
style_synth_01134,reorganize_files,0.981,0.785,0.492,0.119,1,high_trust_high_conf
style_synth_01135,reorganize_files,0.803,0.564,0.453,0.018,1,confident_default_accept
style_synth_01136,reorganize_files,0.922,0.762,0.844,0.392,1,high_trust_high_conf
style_synth_01137,schedule_event,0.739,0.66,0.235,0.604,0,risky_irreversible_low_conf
style_synth_01138,reorganize_files,0.878,0.577,0.164,0.455,1,confident_default_accept
style_synth_01139,draft_message,0.904,0.593,0.147,0.189,1,confident_default_accept
style_synth_01140,send_reminder,0.572,0.747,0.537,0.65,0,novel_action_distrust
style_synth_01141,draft_message,0.463,0.665,0.714,0.491,0,low_confidence_default_reject
style_synth_01142,send_reminder,0.635,0.626,0.475,0.087,0,low_confidence_default_reject
style_synth_01143,reorganize_files,0.955,0.656,0.991,0.383,1,confident_default_accept
style_synth_01144,reorganize_files,0.929,0.535,0.023,0.372,1,confident_default_accept
style_synth_01145,reorganize_files,0.853,0.516,0.779,0.413,1,confident_default_accept
style_synth_01146,send_reminder,0.758,0.368,0.106,0.311,0,risky_irreversible_low_conf
style_synth_01147,schedule_event,0.291,0.853,0.391,0.051,0,low_confidence_default_reject
style_synth_01148,reorganize_files,0.944,0.666,0.246,0.567,1,confident_default_accept
style_synth_01149,pay_bill,0.789,0.751,0.01,0.216,0,risky_irreversible_low_conf
style_synth_01150,schedule_event,0.711,0.477,0.601,0.544,1,confident_default_accept
style_synth_01151,draft_message,0.669,0.5,0.868,0.406,1,low_confidence_default_reject
style_synth_01152,schedule_event,0.879,0.477,0.585,0.301,1,confident_default_accept
style_synth_01153,schedule_event,0.268,0.634,0.563,0.366,0,low_confidence_default_reject
style_synth_01154,schedule_event,0.801,0.383,0.738,0.379,1,confident_default_accept
style_synth_01155,schedule_event,0.703,0.457,0.641,0.331,1,confident_default_accept
style_synth_01156,pay_bill,0.919,0.649,0.162,0.101,1,confident_default_accept
style_synth_01157,pay_bill,0.937,0.755,0.068,0.233,1,high_trust_high_conf
style_synth_01158,pay_bill,0.931,0.638,0.994,0.557,1,confident_default_accept
style_synth_01159,pay_bill,0.935,0.72,0.742,0.183,1,high_trust_high_conf
style_synth_01160,send_reminder,0.629,0.378,0.241,0.683,0,risky_irreversible_low_conf
style_synth_01161,pay_bill,0.609,0.395,0.426,0.124,0,low_confidence_default_reject
style_synth_01162,send_reminder,0.699,0.492,0.579,0.234,0,low_confidence_default_reject
style_synth_01163,reorganize_files,0.606,0.789,0.887,0.062,1,low_confidence_default_reject
style_synth_01164,draft_message,0.844,0.597,0.377,0.211,1,confident_default_accept
style_synth_01165,send_reminder,0.586,0.277,0.987,0.286,0,low_trust_user
style_synth_01166,pay_bill,0.775,0.277,0.125,0.282,0,risky_irreversible_low_conf
style_synth_01167,pay_bill,0.829,0.498,0.546,0.341,0,confident_default_accept
style_synth_01168,schedule_event,0.938,0.213,0.279,0.282,0,low_trust_user
style_synth_01169,pay_bill,0.887,0.6,0.059,0.251,0,confident_default_accept
style_synth_01170,reorganize_files,0.57,0.771,0.592,0.309,0,low_confidence_default_reject
style_synth_01171,pay_bill,0.377,0.661,0.751,0.211,0,low_confidence_default_reject
style_synth_01172,schedule_event,0.634,0.658,0.015,0.19,0,risky_irreversible_low_conf
style_synth_01173,reorganize_files,0.879,0.662,0.232,0.29,1,confident_default_accept
style_synth_01174,reorganize_files,0.662,0.419,0.533,0.238,0,low_confidence_default_reject
style_synth_01175,schedule_event,0.883,0.549,0.851,0.242,1,confident_default_accept
style_synth_01176,pay_bill,0.887,0.502,0.932,0.38,1,confident_default_accept
style_synth_01177,send_reminder,0.713,0.379,0.589,0.102,1,confident_default_accept
style_synth_01178,reorganize_files,0.73,0.673,0.541,0.391,0,confident_default_accept
style_synth_01179,send_reminder,0.55,0.322,0.319,0.256,0,low_confidence_default_reject
style_synth_01180,draft_message,0.506,0.516,0.411,0.46,0,low_confidence_default_reject
style_synth_01181,send_reminder,0.564,0.454,0.134,0.156,0,risky_irreversible_low_conf
style_synth_01182,send_reminder,0.905,0.599,0.201,0.413,1,confident_default_accept
style_synth_01183,send_reminder,0.506,0.252,0.32,0.152,0,low_trust_user
style_synth_01184,reorganize_files,0.67,0.291,0.271,0.078,0,risky_irreversible_low_conf
style_synth_01185,pay_bill,0.848,0.408,0.464,0.414,1,confident_default_accept
style_synth_01186,schedule_event,0.512,0.277,0.809,0.439,1,low_trust_user
style_synth_01187,schedule_event,0.766,0.631,0.771,0.128,1,confident_default_accept
style_synth_01188,pay_bill,0.823,0.779,0.842,0.282,1,high_trust_high_conf
style_synth_01189,send_reminder,0.823,0.502,0.091,0.315,0,risky_irreversible_low_conf
style_synth_01190,schedule_event,0.721,0.357,0.737,0.249,1,confident_default_accept
style_synth_01191,reorganize_files,0.298,0.288,0.131,0.586,0,risky_irreversible_low_conf
style_synth_01192,schedule_event,0.565,0.673,0.149,0.254,0,risky_irreversible_low_conf
style_synth_01193,draft_message,0.582,0.654,0.882,0.079,0,low_confidence_default_reject
style_synth_01194,reorganize_files,0.957,0.384,0.791,0.133,1,confident_default_accept
style_synth_01195,send_reminder,0.699,0.584,0.76,0.626,0,novel_action_distrust
style_synth_01196,reorganize_files,0.799,0.491,0.024,0.467,0,risky_irreversible_low_conf
style_synth_01197,draft_message,0.898,0.509,0.078,0.557,1,confident_default_accept
style_synth_01198,schedule_event,0.905,0.648,0.58,0.132,1,confident_default_accept
style_synth_01199,pay_bill,0.934,0.791,0.292,0.046,1,high_trust_high_conf
style_synth_01200,schedule_event,0.829,0.806,0.566,0.074,1,high_trust_high_conf
style_synth_01201,send_reminder,0.822,0.503,0.054,0.101,0,risky_irreversible_low_conf
style_synth_01202,send_reminder,0.477,0.697,0.528,0.486,0,low_confidence_default_reject
style_synth_01203,pay_bill,0.806,0.615,0.518,0.773,0,novel_action_distrust
style_synth_01204,pay_bill,0.876,0.478,0.03,0.12,1,confident_default_accept
style_synth_01205,reorganize_files,0.635,0.375,0.132,0.47,0,risky_irreversible_low_conf
style_synth_01206,pay_bill,0.845,0.632,0.334,0.3,1,confident_default_accept
style_synth_01207,draft_message,0.92,0.73,0.009,0.325,1,high_trust_high_conf
style_synth_01208,schedule_event,0.699,0.894,0.698,0.432,0,low_confidence_default_reject
style_synth_01209,draft_message,0.976,0.352,0.547,0.103,1,confident_default_accept
style_synth_01210,draft_message,0.691,0.297,0.97,0.378,0,low_trust_user
style_synth_01211,reorganize_files,0.627,0.597,0.564,0.132,0,low_confidence_default_reject
style_synth_01212,send_reminder,0.882,0.589,0.751,0.452,1,confident_default_accept
style_synth_01213,reorganize_files,0.901,0.377,0.327,0.473,0,confident_default_accept
style_synth_01214,schedule_event,0.365,0.274,0.661,0.442,0,low_trust_user
style_synth_01215,schedule_event,0.35,0.764,0.613,0.213,0,low_confidence_default_reject
style_synth_01216,pay_bill,0.585,0.542,0.031,0.667,0,risky_irreversible_low_conf
style_synth_01217,draft_message,0.893,0.777,0.816,0.394,0,high_trust_high_conf
style_synth_01218,reorganize_files,0.794,0.45,0.642,0.61,0,novel_action_distrust
style_synth_01219,schedule_event,0.701,0.369,0.17,0.495,0,risky_irreversible_low_conf
style_synth_01220,pay_bill,0.437,0.342,0.04,0.246,0,risky_irreversible_low_conf
style_synth_01221,reorganize_files,0.471,0.241,0.774,0.129,0,low_trust_user
style_synth_01222,send_reminder,0.88,0.654,0.239,0.339,1,confident_default_accept
style_synth_01223,pay_bill,0.855,0.73,0.261,0.352,1,high_trust_high_conf
style_synth_01224,reorganize_files,0.494,0.709,0.018,0.335,0,risky_irreversible_low_conf
style_synth_01225,send_reminder,0.517,0.325,0.628,0.385,0,low_confidence_default_reject
style_synth_01226,draft_message,0.665,0.503,0.418,0.135,0,low_confidence_default_reject
style_synth_01227,schedule_event,0.93,0.441,0.483,0.113,1,confident_default_accept
style_synth_01228,draft_message,0.814,0.473,0.047,0.203,0,risky_irreversible_low_conf
style_synth_01229,reorganize_files,0.267,0.375,0.952,0.229,0,low_confidence_default_reject
style_synth_01230,send_reminder,0.903,0.723,0.073,0.435,1,high_trust_high_conf
style_synth_01231,reorganize_files,0.922,0.433,0.363,0.287,1,confident_default_accept
style_synth_01232,send_reminder,0.832,0.359,0.129,0.26,0,risky_irreversible_low_conf
style_synth_01233,send_reminder,0.483,0.842,0.639,0.109,0,low_confidence_default_reject
style_synth_01234,reorganize_files,0.693,0.568,0.042,0.601,0,risky_irreversible_low_conf
style_synth_01235,reorganize_files,0.564,0.273,0.693,0.081,0,low_trust_user
style_synth_01236,reorganize_files,0.813,0.753,0.867,0.473,1,high_trust_high_conf
style_synth_01237,draft_message,0.868,0.57,0.03,0.023,1,confident_default_accept
style_synth_01238,reorganize_files,0.772,0.833,0.094,0.266,0,risky_irreversible_low_conf
style_synth_01239,draft_message,0.605,0.65,0.745,0.195,0,low_confidence_default_reject
style_synth_01240,send_reminder,0.75,0.336,0.398,0.087,1,confident_default_accept
style_synth_01241,draft_message,0.715,0.589,0.772,0.474,1,confident_default_accept
style_synth_01242,schedule_event,0.681,0.307,0.604,0.416,0,low_confidence_default_reject
style_synth_01243,draft_message,0.605,0.511,0.964,0.195,0,low_confidence_default_reject
style_synth_01244,pay_bill,0.858,0.702,0.022,0.149,1,high_trust_high_conf
style_synth_01245,draft_message,0.754,0.531,0.321,0.072,1,confident_default_accept
style_synth_01246,reorganize_files,0.602,0.873,0.393,0.156,0,low_confidence_default_reject
style_synth_01247,pay_bill,0.577,0.646,0.003,0.351,0,risky_irreversible_low_conf
style_synth_01248,pay_bill,0.896,0.452,0.496,0.042,1,confident_default_accept
style_synth_01249,pay_bill,0.755,0.84,0.245,0.204,0,risky_irreversible_low_conf
style_synth_01250,reorganize_files,0.894,0.46,0.925,0.299,1,confident_default_accept
style_synth_01251,send_reminder,0.964,0.951,0.702,0.397,1,high_trust_high_conf
style_synth_01252,pay_bill,0.519,0.278,0.935,0.257,0,low_trust_user
style_synth_01253,draft_message,0.922,0.301,0.972,0.398,1,confident_default_accept
style_synth_01254,pay_bill,0.518,0.326,0.965,0.147,0,low_confidence_default_reject
style_synth_01255,send_reminder,0.57,0.408,0.306,0.416,0,low_confidence_default_reject
style_synth_01256,schedule_event,0.811,0.529,0.542,0.324,1,confident_default_accept
style_synth_01257,pay_bill,0.869,0.391,0.406,0.09,1,confident_default_accept
style_synth_01258,draft_message,0.977,0.392,0.856,0.36,1,confident_default_accept
style_synth_01259,schedule_event,0.414,0.74,0.202,0.221,0,risky_irreversible_low_conf
style_synth_01260,schedule_event,0.953,0.73,0.797,0.187,0,high_trust_high_conf
style_synth_01261,send_reminder,0.944,0.629,0.607,0.182,1,confident_default_accept
style_synth_01262,pay_bill,0.921,0.532,0.205,0.368,1,confident_default_accept
style_synth_01263,schedule_event,0.665,0.544,0.761,0.07,0,low_confidence_default_reject
style_synth_01264,draft_message,0.331,0.759,0.611,0.176,0,low_confidence_default_reject
style_synth_01265,reorganize_files,0.791,0.534,0.839,0.12,1,confident_default_accept
style_synth_01266,draft_message,0.702,0.772,0.723,0.291,1,high_trust_high_conf
style_synth_01267,draft_message,0.732,0.361,0.681,0.221,1,confident_default_accept
style_synth_01268,reorganize_files,0.561,0.68,0.549,0.519,0,low_confidence_default_reject
style_synth_01269,schedule_event,0.66,0.885,0.763,0.151,0,low_confidence_default_reject
style_synth_01270,reorganize_files,0.626,0.663,0.445,0.259,0,low_confidence_default_reject
style_synth_01271,send_reminder,0.5,0.52,0.603,0.311,0,low_confidence_default_reject
style_synth_01272,reorganize_files,0.759,0.565,0.959,0.527,1,confident_default_accept
style_synth_01273,pay_bill,0.317,0.793,0.647,0.199,0,low_confidence_default_reject
style_synth_01274,pay_bill,0.446,0.464,0.144,0.407,0,risky_irreversible_low_conf
style_synth_01275,reorganize_files,0.777,0.516,0.783,0.654,0,novel_action_distrust
style_synth_01276,reorganize_files,0.539,0.82,0.632,0.402,0,low_confidence_default_reject
style_synth_01277,schedule_event,0.629,0.676,0.368,0.348,1,low_confidence_default_reject
style_synth_01278,schedule_event,0.769,0.34,0.602,0.446,1,confident_default_accept
style_synth_01279,send_reminder,0.657,0.747,0.263,0.211,0,risky_irreversible_low_conf
style_synth_01280,schedule_event,0.752,0.379,0.355,0.235,1,confident_default_accept
style_synth_01281,pay_bill,0.515,0.48,0.368,0.533,0,low_confidence_default_reject
style_synth_01282,draft_message,0.625,0.6,0.292,0.304,0,risky_irreversible_low_conf
style_synth_01283,send_reminder,0.892,0.653,0.094,0.213,1,confident_default_accept
style_synth_01284,pay_bill,0.872,0.609,0.203,0.565,1,confident_default_accept
style_synth_01285,pay_bill,0.655,0.292,0.853,0.471,0,low_trust_user
style_synth_01286,pay_bill,0.608,0.248,0.134,0.463,1,risky_irreversible_low_conf
style_synth_01287,pay_bill,0.753,0.892,0.452,0.108,1,high_trust_high_conf
style_synth_01288,draft_message,0.891,0.373,0.11,0.366,1,confident_default_accept
style_synth_01289,draft_message,0.832,0.649,0.263,0.263,0,risky_irreversible_low_conf
style_synth_01290,send_reminder,0.514,0.467,0.969,0.542,0,low_confidence_default_reject
style_synth_01291,pay_bill,0.688,0.87,0.276,0.458,0,risky_irreversible_low_conf
style_synth_01292,pay_bill,0.718,0.515,0.064,0.048,0,risky_irreversible_low_conf
style_synth_01293,schedule_event,0.705,0.234,0.243,0.244,0,risky_irreversible_low_conf
style_synth_01294,reorganize_files,0.641,0.452,0.045,0.437,0,risky_irreversible_low_conf
style_synth_01295,reorganize_files,0.795,0.37,0.924,0.494,1,confident_default_accept
style_synth_01296,reorganize_files,0.809,0.478,0.91,0.028,1,confident_default_accept
style_synth_01297,schedule_event,0.884,0.692,0.86,0.159,1,confident_default_accept
style_synth_01298,pay_bill,0.738,0.752,0.14,0.035,0,risky_irreversible_low_conf
style_synth_01299,schedule_event,0.854,0.539,0.379,0.179,1,confident_default_accept
style_synth_01300,draft_message,0.823,0.701,0.173,0.439,1,risky_irreversible_low_conf
style_synth_01301,send_reminder,0.793,0.675,0.361,0.394,1,confident_default_accept
style_synth_01302,pay_bill,0.655,0.683,0.061,0.117,0,risky_irreversible_low_conf
style_synth_01303,draft_message,0.861,0.608,0.7,0.142,1,confident_default_accept
style_synth_01304,pay_bill,0.648,0.421,0.458,0.346,0,low_confidence_default_reject
style_synth_01305,draft_message,0.541,0.799,0.147,0.408,0,risky_irreversible_low_conf
style_synth_01306,send_reminder,0.438,0.363,0.462,0.518,0,low_confidence_default_reject
style_synth_01307,schedule_event,0.966,0.671,0.122,0.172,1,confident_default_accept
style_synth_01308,reorganize_files,0.37,0.6,0.917,0.242,0,low_confidence_default_reject
style_synth_01309,send_reminder,0.863,0.729,0.182,0.193,1,high_trust_high_conf
style_synth_01310,reorganize_files,0.742,0.41,0.956,0.119,1,confident_default_accept
style_synth_01311,draft_message,0.879,0.486,0.8,0.429,0,confident_default_accept
style_synth_01312,schedule_event,0.907,0.572,0.59,0.613,1,confident_default_accept
style_synth_01313,pay_bill,0.759,0.662,0.04,0.193,0,risky_irreversible_low_conf
style_synth_01314,send_reminder,0.897,0.778,0.928,0.116,1,high_trust_high_conf
style_synth_01315,schedule_event,0.593,0.157,0.996,0.167,0,low_trust_user
style_synth_01316,send_reminder,0.787,0.606,0.86,0.138,0,confident_default_accept
style_synth_01317,reorganize_files,0.565,0.815,0.119,0.148,0,risky_irreversible_low_conf
style_synth_01318,draft_message,0.525,0.646,0.167,0.208,0,risky_irreversible_low_conf
style_synth_01319,pay_bill,0.643,0.599,0.359,0.22,0,low_confidence_default_reject
style_synth_01320,schedule_event,0.813,0.51,0.156,0.279,0,risky_irreversible_low_conf
style_synth_01321,schedule_event,0.907,0.464,0.956,0.489,1,confident_default_accept
style_synth_01322,schedule_event,0.789,0.8,0.472,0.241,1,high_trust_high_conf
style_synth_01323,pay_bill,0.789,0.664,1.0,0.263,1,confident_default_accept
style_synth_01324,schedule_event,0.854,0.303,0.314,0.218,1,confident_default_accept
style_synth_01325,send_reminder,0.979,0.492,0.599,0.411,1,confident_default_accept
style_synth_01326,schedule_event,0.886,0.669,0.93,0.199,1,confident_default_accept
style_synth_01327,pay_bill,0.657,0.529,0.642,0.116,0,low_confidence_default_reject
style_synth_01328,send_reminder,0.867,0.42,0.814,0.17,1,confident_default_accept
style_synth_01329,draft_message,0.816,0.684,0.52,0.514,1,confident_default_accept
style_synth_01330,reorganize_files,0.552,0.734,0.664,0.077,0,low_confidence_default_reject
style_synth_01331,schedule_event,0.594,0.462,0.46,0.631,0,novel_action_distrust
style_synth_01332,send_reminder,0.497,0.688,0.308,0.583,0,low_confidence_default_reject
style_synth_01333,draft_message,0.971,0.897,0.369,0.114,1,high_trust_high_conf
style_synth_01334,draft_message,0.884,0.397,0.02,0.534,1,confident_default_accept
style_synth_01335,send_reminder,0.545,0.624,0.177,0.1,0,risky_irreversible_low_conf
style_synth_01336,pay_bill,0.881,0.151,0.5,0.305,0,low_trust_user
style_synth_01337,schedule_event,0.703,0.708,0.058,0.035,0,risky_irreversible_low_conf
style_synth_01338,pay_bill,0.718,0.626,0.309,0.374,1,confident_default_accept
style_synth_01339,draft_message,0.837,0.425,0.377,0.337,1,confident_default_accept
style_synth_01340,send_reminder,0.809,0.702,0.428,0.457,1,high_trust_high_conf
style_synth_01341,reorganize_files,0.534,0.488,0.625,0.106,0,low_confidence_default_reject
style_synth_01342,reorganize_files,0.434,0.658,0.539,0.474,0,low_confidence_default_reject
style_synth_01343,draft_message,0.864,0.307,0.04,0.592,1,confident_default_accept
style_synth_01344,pay_bill,0.954,0.49,0.38,0.113,1,confident_default_accept
style_synth_01345,reorganize_files,0.667,0.666,0.524,0.122,0,low_confidence_default_reject
style_synth_01346,reorganize_files,0.711,0.734,0.183,0.261,0,risky_irreversible_low_conf
style_synth_01347,draft_message,0.627,0.582,0.814,0.352,1,low_confidence_default_reject
style_synth_01348,reorganize_files,0.771,0.887,0.866,0.293,1,high_trust_high_conf
style_synth_01349,pay_bill,0.73,0.561,0.131,0.073,1,risky_irreversible_low_conf
style_synth_01350,pay_bill,0.797,0.643,0.006,0.526,0,risky_irreversible_low_conf
style_synth_01351,draft_message,0.915,0.701,0.841,0.301,1,high_trust_high_conf
style_synth_01352,draft_message,0.712,0.363,0.784,0.628,0,novel_action_distrust
style_synth_01353,schedule_event,0.829,0.597,0.543,0.168,1,confident_default_accept
style_synth_01354,schedule_event,0.81,0.638,0.133,0.34,0,risky_irreversible_low_conf
style_synth_01355,schedule_event,0.916,0.381,0.001,0.121,1,confident_default_accept
style_synth_01356,send_reminder,0.708,0.216,0.757,0.374,1,low_trust_user
style_synth_01357,pay_bill,0.393,0.67,0.217,0.2,0,risky_irreversible_low_conf
style_synth_01358,schedule_event,0.579,0.91,0.608,0.068,0,low_confidence_default_reject
style_synth_01359,pay_bill,0.901,0.85,0.47,0.432,1,high_trust_high_conf
style_synth_01360,reorganize_files,0.916,0.62,0.15,0.302,1,confident_default_accept
style_synth_01361,send_reminder,0.647,0.568,0.067,0.213,1,risky_irreversible_low_conf
style_synth_01362,pay_bill,0.406,0.646,0.255,0.103,0,risky_irreversible_low_conf
style_synth_01363,draft_message,0.981,0.954,0.924,0.394,1,high_trust_high_conf
style_synth_01364,send_reminder,0.833,0.864,0.732,0.478,0,high_trust_high_conf
style_synth_01365,reorganize_files,0.604,0.751,0.483,0.451,0,low_confidence_default_reject
style_synth_01366,reorganize_files,0.789,0.59,0.296,0.378,0,risky_irreversible_low_conf
style_synth_01367,draft_message,0.465,0.844,0.682,0.197,0,low_confidence_default_reject
style_synth_01368,schedule_event,0.842,0.751,0.114,0.438,0,risky_irreversible_low_conf
style_synth_01369,schedule_event,0.931,0.367,0.262,0.283,1,confident_default_accept
style_synth_01370,pay_bill,0.534,0.885,0.472,0.134,0,low_confidence_default_reject
style_synth_01371,reorganize_files,0.799,0.751,0.142,0.146,0,risky_irreversible_low_conf
style_synth_01372,reorganize_files,0.9,0.559,0.017,0.321,1,confident_default_accept
style_synth_01373,pay_bill,0.683,0.285,0.381,0.289,1,low_trust_user
style_synth_01374,reorganize_files,0.513,0.406,0.756,0.431,0,low_confidence_default_reject
style_synth_01375,reorganize_files,0.596,0.791,0.52,0.159,0,low_confidence_default_reject
style_synth_01376,draft_message,0.552,0.402,0.203,0.24,0,risky_irreversible_low_conf
style_synth_01377,reorganize_files,0.782,0.815,0.427,0.39,1,high_trust_high_conf
style_synth_01378,send_reminder,0.766,0.478,0.776,0.389,1,confident_default_accept
style_synth_01379,reorganize_files,0.585,0.668,0.169,0.26,0,risky_irreversible_low_conf
style_synth_01380,schedule_event,0.822,0.654,0.465,0.166,0,confident_default_accept
style_synth_01381,pay_bill,0.912,0.803,0.188,0.074,1,high_trust_high_conf
style_synth_01382,reorganize_files,0.654,0.37,0.873,0.174,0,low_confidence_default_reject
style_synth_01383,pay_bill,0.502,0.568,0.774,0.505,0,low_confidence_default_reject
style_synth_01384,schedule_event,0.641,0.433,0.211,0.128,1,risky_irreversible_low_conf
style_synth_01385,reorganize_files,0.898,0.33,0.702,0.331,1,confident_default_accept
style_synth_01386,schedule_event,0.591,0.536,0.496,0.033,0,low_confidence_default_reject
style_synth_01387,draft_message,0.764,0.263,0.663,0.245,0,low_trust_user
style_synth_01388,send_reminder,0.461,0.75,0.495,0.313,0,low_confidence_default_reject
style_synth_01389,reorganize_files,0.982,0.477,0.771,0.234,1,confident_default_accept
style_synth_01390,reorganize_files,0.538,0.475,0.401,0.294,0,low_confidence_default_reject
style_synth_01391,send_reminder,0.694,0.489,0.922,0.78,1,novel_action_distrust
style_synth_01392,reorganize_files,0.659,0.579,0.343,0.554,0,low_confidence_default_reject
style_synth_01393,schedule_event,0.711,0.753,0.858,0.647,0,novel_action_distrust
style_synth_01394,send_reminder,0.663,0.863,0.676,0.211,0,low_confidence_default_reject
style_synth_01395,send_reminder,0.85,0.31,0.585,0.172,1,confident_default_accept
style_synth_01396,draft_message,0.549,0.767,0.247,0.108,0,risky_irreversible_low_conf
style_synth_01397,reorganize_files,0.548,0.454,0.526,0.307,0,low_confidence_default_reject
style_synth_01398,schedule_event,0.639,0.237,0.336,0.289,0,low_trust_user
style_synth_01399,pay_bill,0.869,0.562,0.531,0.373,1,confident_default_accept
style_synth_01400,draft_message,0.807,0.696,0.107,0.127,0,risky_irreversible_low_conf
style_synth_01401,send_reminder,0.813,0.792,0.851,0.165,1,high_trust_high_conf
style_synth_01402,schedule_event,0.64,0.521,0.016,0.052,0,risky_irreversible_low_conf
style_synth_01403,reorganize_files,0.696,0.673,0.685,0.255,0,low_confidence_default_reject
style_synth_01404,pay_bill,0.506,0.646,0.359,0.321,0,low_confidence_default_reject
style_synth_01405,send_reminder,0.935,0.629,0.178,0.086,1,confident_default_accept
style_synth_01406,send_reminder,0.611,0.469,0.453,0.171,0,low_confidence_default_reject
style_synth_01407,pay_bill,0.665,0.513,0.424,0.168,0,low_confidence_default_reject
style_synth_01408,reorganize_files,0.74,0.559,0.535,0.397,1,confident_default_accept
style_synth_01409,pay_bill,0.63,0.426,0.009,0.253,0,risky_irreversible_low_conf
style_synth_01410,pay_bill,0.793,0.679,0.043,0.176,1,risky_irreversible_low_conf
style_synth_01411,reorganize_files,0.759,0.814,0.529,0.06,1,high_trust_high_conf
style_synth_01412,draft_message,0.714,0.661,0.186,0.268,0,risky_irreversible_low_conf
style_synth_01413,send_reminder,0.78,0.712,0.544,0.388,1,high_trust_high_conf
style_synth_01414,draft_message,0.706,0.814,0.728,0.013,1,high_trust_high_conf
style_synth_01415,schedule_event,0.682,0.444,0.737,0.207,0,low_confidence_default_reject
style_synth_01416,draft_message,0.734,0.619,0.961,0.122,1,confident_default_accept
style_synth_01417,draft_message,0.625,0.388,0.33,0.12,0,low_confidence_default_reject
style_synth_01418,schedule_event,0.72,0.645,0.697,0.397,1,confident_default_accept
style_synth_01419,reorganize_files,0.502,0.492,0.316,0.269,0,low_confidence_default_reject
style_synth_01420,reorganize_files,0.645,0.373,0.685,0.406,0,low_confidence_default_reject
style_synth_01421,draft_message,0.912,0.628,0.488,0.294,1,confident_default_accept
style_synth_01422,send_reminder,0.941,0.236,0.426,0.234,0,low_trust_user
style_synth_01423,pay_bill,0.633,0.431,0.476,0.172,0,low_confidence_default_reject
style_synth_01424,pay_bill,0.565,0.755,0.999,0.256,0,low_confidence_default_reject
style_synth_01425,draft_message,0.846,0.554,0.949,0.193,1,confident_default_accept
style_synth_01426,pay_bill,0.956,0.644,0.825,0.473,1,confident_default_accept
style_synth_01427,schedule_event,0.587,0.607,0.046,0.392,0,risky_irreversible_low_conf
style_synth_01428,reorganize_files,0.432,0.801,0.483,0.55,1,low_confidence_default_reject
style_synth_01429,pay_bill,0.788,0.461,0.707,0.22,1,confident_default_accept
style_synth_01430,draft_message,0.272,0.497,0.185,0.16,0,risky_irreversible_low_conf
style_synth_01431,draft_message,0.565,0.767,0.245,0.422,0,risky_irreversible_low_conf
style_synth_01432,schedule_event,0.684,0.489,0.103,0.273,0,risky_irreversible_low_conf
style_synth_01433,reorganize_files,0.383,0.442,0.909,0.116,0,low_confidence_default_reject
style_synth_01434,pay_bill,0.776,0.546,0.48,0.349,1,confident_default_accept
style_synth_01435,pay_bill,0.716,0.412,0.754,0.301,1,confident_default_accept
style_synth_01436,reorganize_files,0.549,0.358,0.23,0.196,0,risky_irreversible_low_conf
style_synth_01437,reorganize_files,0.563,0.762,0.727,0.169,0,low_confidence_default_reject
style_synth_01438,schedule_event,0.669,0.653,0.921,0.605,0,novel_action_distrust
style_synth_01439,reorganize_files,0.592,0.671,0.549,0.407,0,low_confidence_default_reject
style_synth_01440,pay_bill,0.769,0.494,0.258,0.038,0,risky_irreversible_low_conf
style_synth_01441,reorganize_files,0.836,0.766,0.716,0.257,0,high_trust_high_conf
style_synth_01442,draft_message,0.566,0.459,0.723,0.207,0,low_confidence_default_reject
style_synth_01443,reorganize_files,0.463,0.852,0.409,0.594,0,low_confidence_default_reject
style_synth_01444,draft_message,0.859,0.409,0.124,0.171,1,confident_default_accept
style_synth_01445,reorganize_files,0.752,0.518,0.249,0.279,0,risky_irreversible_low_conf
style_synth_01446,schedule_event,0.755,0.526,0.141,0.361,0,risky_irreversible_low_conf
style_synth_01447,pay_bill,0.94,0.641,0.049,0.255,1,confident_default_accept
style_synth_01448,pay_bill,0.789,0.59,0.245,0.39,0,risky_irreversible_low_conf
style_synth_01449,schedule_event,0.878,0.5,0.675,0.179,1,confident_default_accept
style_synth_01450,send_reminder,0.539,0.651,0.941,0.657,0,novel_action_distrust
style_synth_01451,reorganize_files,0.564,0.698,0.281,0.188,0,risky_irreversible_low_conf
style_synth_01452,draft_message,0.71,0.734,0.789,0.239,1,high_trust_high_conf
style_synth_01453,draft_message,0.856,0.647,0.334,0.42,1,confident_default_accept
style_synth_01454,pay_bill,0.464,0.836,0.308,0.335,0,low_confidence_default_reject
style_synth_01455,draft_message,0.546,0.595,0.73,0.444,0,low_confidence_default_reject
style_synth_01456,send_reminder,0.808,0.708,0.614,0.467,1,high_trust_high_conf
style_synth_01457,draft_message,0.745,0.555,0.908,0.466,1,confident_default_accept
style_synth_01458,schedule_event,0.786,0.536,0.244,0.393,0,risky_irreversible_low_conf
style_synth_01459,pay_bill,0.741,0.225,0.166,0.416,0,risky_irreversible_low_conf
style_synth_01460,schedule_event,0.617,0.338,0.096,0.112,0,risky_irreversible_low_conf
style_synth_01461,pay_bill,0.786,0.378,0.951,0.361,1,confident_default_accept
style_synth_01462,send_reminder,0.459,0.416,0.84,0.378,0,low_confidence_default_reject
style_synth_01463,schedule_event,0.589,0.729,0.819,0.074,0,low_confidence_default_reject
style_synth_01464,send_reminder,0.721,0.754,0.155,0.413,0,risky_irreversible_low_conf
style_synth_01465,pay_bill,0.873,0.783,0.088,0.366,1,high_trust_high_conf
style_synth_01466,send_reminder,0.808,0.77,0.326,0.286,1,high_trust_high_conf
style_synth_01467,send_reminder,0.869,0.441,0.103,0.201,1,confident_default_accept
style_synth_01468,send_reminder,0.38,0.81,0.134,0.572,0,risky_irreversible_low_conf
style_synth_01469,pay_bill,0.765,0.588,0.779,0.137,1,confident_default_accept
style_synth_01470,schedule_event,0.616,0.562,0.76,0.252,1,low_confidence_default_reject
style_synth_01471,reorganize_files,0.858,0.763,0.295,0.322,1,high_trust_high_conf
style_synth_01472,schedule_event,0.71,0.296,0.791,0.305,0,low_trust_user
style_synth_01473,reorganize_files,0.827,0.202,0.584,0.17,0,low_trust_user
style_synth_01474,reorganize_files,0.698,0.573,0.728,0.203,0,low_confidence_default_reject
style_synth_01475,schedule_event,0.89,0.398,0.447,0.522,0,confident_default_accept
style_synth_01476,draft_message,0.705,0.68,0.168,0.615,0,risky_irreversible_low_conf
style_synth_01477,reorganize_files,0.823,0.731,0.564,0.306,1,high_trust_high_conf
style_synth_01478,send_reminder,0.539,0.625,0.167,0.438,0,risky_irreversible_low_conf
style_synth_01479,send_reminder,0.947,0.494,0.343,0.169,1,confident_default_accept
style_synth_01480,send_reminder,0.77,0.687,0.081,0.227,0,risky_irreversible_low_conf
style_synth_01481,pay_bill,0.855,0.493,0.386,0.592,1,confident_default_accept
style_synth_01482,schedule_event,0.823,0.542,0.311,0.104,1,confident_default_accept
style_synth_01483,schedule_event,0.565,0.721,0.126,0.14,0,risky_irreversible_low_conf
style_synth_01484,pay_bill,0.931,0.591,0.804,0.629,1,confident_default_accept
style_synth_01485,draft_message,0.492,0.399,0.4,0.236,0,low_confidence_default_reject
style_synth_01486,pay_bill,0.9,0.345,0.395,0.353,1,confident_default_accept
style_synth_01487,pay_bill,0.829,0.464,0.043,0.362,0,risky_irreversible_low_conf
style_synth_01488,schedule_event,0.924,0.44,0.289,0.213,1,confident_default_accept
style_synth_01489,draft_message,0.492,0.386,0.069,0.386,0,risky_irreversible_low_conf
style_synth_01490,pay_bill,0.702,0.507,0.781,0.273,1,confident_default_accept
style_synth_01491,draft_message,0.965,0.531,0.657,0.067,1,confident_default_accept
style_synth_01492,schedule_event,0.765,0.475,0.113,0.163,0,risky_irreversible_low_conf
style_synth_01493,schedule_event,0.709,0.726,0.262,0.348,0,risky_irreversible_low_conf
style_synth_01494,draft_message,0.761,0.842,0.876,0.191,1,high_trust_high_conf
style_synth_01495,send_reminder,0.648,0.52,0.488,0.173,0,low_confidence_default_reject
style_synth_01496,draft_message,0.872,0.312,0.444,0.261,1,confident_default_accept
style_synth_01497,reorganize_files,0.629,0.447,0.974,0.143,1,low_confidence_default_reject
style_synth_01498,pay_bill,0.596,0.901,0.616,0.036,1,low_confidence_default_reject
style_synth_01499,reorganize_files,0.682,0.515,0.904,0.154,0,low_confidence_default_reject
style_synth_01500,send_reminder,0.817,0.327,0.24,0.486,1,risky_irreversible_low_conf
style_synth_01501,schedule_event,0.683,0.226,0.753,0.458,0,low_trust_user
style_synth_01502,draft_message,0.645,0.326,0.442,0.694,0,novel_action_distrust
style_synth_01503,schedule_event,0.674,0.337,0.153,0.59,0,risky_irreversible_low_conf
style_synth_01504,draft_message,0.905,0.52,0.957,0.221,1,confident_default_accept
style_synth_01505,schedule_event,0.716,0.356,0.977,0.522,1,confident_default_accept
style_synth_01506,draft_message,0.678,0.476,0.688,0.311,0,low_confidence_default_reject
style_synth_01507,reorganize_files,0.493,0.381,0.593,0.279,0,low_confidence_default_reject
style_synth_01508,draft_message,0.894,0.536,0.198,0.22,1,confident_default_accept
style_synth_01509,schedule_event,0.723,0.304,0.543,0.366,1,confident_default_accept
style_synth_01510,reorganize_files,0.799,0.551,0.395,0.067,1,confident_default_accept
style_synth_01511,pay_bill,0.866,0.452,0.109,0.4,1,confident_default_accept
style_synth_01512,send_reminder,0.733,0.593,0.131,0.413,0,risky_irreversible_low_conf
style_synth_01513,schedule_event,0.783,0.631,0.954,0.112,0,confident_default_accept
style_synth_01514,pay_bill,0.897,0.417,0.51,0.571,1,confident_default_accept
style_synth_01515,pay_bill,0.586,0.807,0.851,0.354,0,low_confidence_default_reject
style_synth_01516,draft_message,0.419,0.873,0.189,0.326,0,risky_irreversible_low_conf
style_synth_01517,draft_message,0.818,0.475,0.345,0.43,1,confident_default_accept
style_synth_01518,schedule_event,0.787,0.637,0.448,0.298,1,confident_default_accept
style_synth_01519,reorganize_files,0.958,0.475,0.842,0.522,1,confident_default_accept
style_synth_01520,pay_bill,0.486,0.662,0.116,0.002,0,risky_irreversible_low_conf
style_synth_01521,reorganize_files,0.917,0.584,0.484,0.244,1,confident_default_accept
style_synth_01522,draft_message,0.928,0.578,0.45,0.21,1,confident_default_accept
style_synth_01523,reorganize_files,0.541,0.424,0.58,0.285,0,low_confidence_default_reject
style_synth_01524,reorganize_files,0.245,0.364,0.068,0.215,0,risky_irreversible_low_conf
style_synth_01525,reorganize_files,0.85,0.263,0.406,0.209,0,low_trust_user
style_synth_01526,reorganize_files,0.845,0.668,0.172,0.43,0,risky_irreversible_low_conf
style_synth_01527,pay_bill,0.419,0.33,0.89,0.546,0,low_confidence_default_reject
style_synth_01528,pay_bill,0.87,0.605,0.482,0.303,1,confident_default_accept
style_synth_01529,draft_message,0.792,0.733,0.143,0.23,0,risky_irreversible_low_conf
style_synth_01530,send_reminder,0.701,0.39,0.122,0.801,0,risky_irreversible_low_conf
style_synth_01531,draft_message,0.393,0.665,0.524,0.273,0,low_confidence_default_reject
style_synth_01532,schedule_event,0.734,0.744,0.577,0.293,0,high_trust_high_conf
style_synth_01533,schedule_event,0.58,0.536,0.298,0.297,1,risky_irreversible_low_conf
style_synth_01534,draft_message,0.704,0.393,0.171,0.078,0,risky_irreversible_low_conf
style_synth_01535,draft_message,0.957,0.333,0.216,0.324,1,confident_default_accept
style_synth_01536,draft_message,0.824,0.328,0.1,0.21,0,risky_irreversible_low_conf
style_synth_01537,reorganize_files,0.905,0.368,0.721,0.19,1,confident_default_accept
style_synth_01538,draft_message,0.592,0.78,0.938,0.463,0,low_confidence_default_reject
style_synth_01539,schedule_event,0.946,0.599,0.995,0.127,1,confident_default_accept
style_synth_01540,pay_bill,0.9,0.451,0.45,0.366,1,confident_default_accept
style_synth_01541,draft_message,0.808,0.739,0.604,0.076,1,high_trust_high_conf
style_synth_01542,send_reminder,0.647,0.72,0.647,0.367,0,low_confidence_default_reject
style_synth_01543,schedule_event,0.678,0.472,0.833,0.187,0,low_confidence_default_reject
style_synth_01544,send_reminder,0.869,0.39,0.109,0.525,1,confident_default_accept
style_synth_01545,schedule_event,0.727,0.631,0.126,0.319,0,risky_irreversible_low_conf
style_synth_01546,draft_message,0.756,0.76,0.164,0.267,1,risky_irreversible_low_conf
style_synth_01547,pay_bill,0.537,0.438,0.865,0.376,0,low_confidence_default_reject
style_synth_01548,draft_message,0.912,0.471,0.144,0.174,1,confident_default_accept
style_synth_01549,send_reminder,0.5,0.352,0.59,0.172,0,low_confidence_default_reject
style_synth_01550,pay_bill,0.446,0.768,0.277,0.141,0,risky_irreversible_low_conf
style_synth_01551,reorganize_files,0.838,0.496,0.055,0.142,0,risky_irreversible_low_conf
style_synth_01552,schedule_event,0.658,0.781,0.052,0.082,0,risky_irreversible_low_conf
style_synth_01553,reorganize_files,0.589,0.605,0.813,0.12,0,low_confidence_default_reject
style_synth_01554,draft_message,0.85,0.743,0.11,0.453,1,high_trust_high_conf
style_synth_01555,reorganize_files,0.872,0.497,0.134,0.367,1,confident_default_accept
style_synth_01556,reorganize_files,0.663,0.366,0.385,0.506,0,low_confidence_default_reject
style_synth_01557,draft_message,0.901,0.85,0.217,0.124,1,high_trust_high_conf
style_synth_01558,pay_bill,0.527,0.576,0.734,0.113,0,low_confidence_default_reject
style_synth_01559,draft_message,0.797,0.812,0.524,0.023,0,high_trust_high_conf
style_synth_01560,send_reminder,0.479,0.529,0.724,0.559,0,low_confidence_default_reject
style_synth_01561,send_reminder,0.724,0.524,0.26,0.273,0,risky_irreversible_low_conf
style_synth_01562,send_reminder,0.876,0.437,0.821,0.332,1,confident_default_accept
style_synth_01563,send_reminder,0.547,0.474,0.018,0.121,0,risky_irreversible_low_conf
style_synth_01564,pay_bill,0.831,0.606,0.818,0.407,1,confident_default_accept
style_synth_01565,schedule_event,0.944,0.747,0.631,0.274,1,high_trust_high_conf
style_synth_01566,schedule_event,0.731,0.545,0.986,0.35,1,confident_default_accept
style_synth_01567,reorganize_files,0.593,0.592,0.327,0.363,0,low_confidence_default_reject
style_synth_01568,schedule_event,0.675,0.12,0.166,0.568,0,risky_irreversible_low_conf
style_synth_01569,schedule_event,0.686,0.597,0.416,0.185,0,low_confidence_default_reject
style_synth_01570,draft_message,0.841,0.594,0.393,0.424,1,confident_default_accept
style_synth_01571,schedule_event,0.606,0.486,0.264,0.092,0,risky_irreversible_low_conf
style_synth_01572,schedule_event,0.454,0.42,0.804,0.229,0,low_confidence_default_reject
style_synth_01573,send_reminder,0.587,0.734,0.198,0.034,0,risky_irreversible_low_conf
style_synth_01574,schedule_event,0.737,0.59,0.587,0.36,1,confident_default_accept
style_synth_01575,reorganize_files,0.497,0.68,0.354,0.4,0,low_confidence_default_reject
style_synth_01576,send_reminder,0.791,0.495,0.97,0.348,1,confident_default_accept
style_synth_01577,reorganize_files,0.858,0.838,0.017,0.145,0,high_trust_high_conf
style_synth_01578,send_reminder,0.878,0.577,0.322,0.298,1,confident_default_accept
style_synth_01579,send_reminder,0.613,0.69,0.012,0.537,0,risky_irreversible_low_conf
style_synth_01580,reorganize_files,0.425,0.858,0.074,0.115,1,risky_irreversible_low_conf
style_synth_01581,send_reminder,0.564,0.53,0.233,0.351,0,risky_irreversible_low_conf
style_synth_01582,draft_message,0.643,0.396,0.584,0.273,0,low_confidence_default_reject
style_synth_01583,send_reminder,0.827,0.543,0.913,0.142,1,confident_default_accept
style_synth_01584,send_reminder,0.848,0.787,0.812,0.391,1,high_trust_high_conf
style_synth_01585,pay_bill,0.848,0.742,0.825,0.217,1,high_trust_high_conf
style_synth_01586,draft_message,0.82,0.9,0.663,0.356,1,high_trust_high_conf
style_synth_01587,pay_bill,0.518,0.698,0.965,0.144,0,low_confidence_default_reject
style_synth_01588,send_reminder,0.317,0.763,0.193,0.127,0,risky_irreversible_low_conf
style_synth_01589,pay_bill,0.997,0.462,0.303,0.292,1,confident_default_accept
style_synth_01590,send_reminder,0.91,0.448,0.676,0.378,1,confident_default_accept
style_synth_01591,draft_message,0.908,0.828,0.411,0.594,1,high_trust_high_conf
style_synth_01592,pay_bill,0.583,0.548,0.591,0.312,0,low_confidence_default_reject
style_synth_01593,send_reminder,0.637,0.606,0.175,0.291,0,risky_irreversible_low_conf
style_synth_01594,pay_bill,0.701,0.367,0.922,0.281,1,confident_default_accept
style_synth_01595,schedule_event,0.665,0.579,0.334,0.345,0,low_confidence_default_reject
style_synth_01596,reorganize_files,0.775,0.673,0.152,0.44,0,risky_irreversible_low_conf
style_synth_01597,reorganize_files,0.657,0.447,0.796,0.116,0,low_confidence_default_reject
style_synth_01598,reorganize_files,0.894,0.47,0.146,0.603,0,novel_action_distrust
style_synth_01599,reorganize_files,0.818,0.606,0.73,0.089,1,confident_default_accept
style_synth_01600,pay_bill,0.33,0.36,0.466,0.075,0,low_confidence_default_reject
style_synth_01601,pay_bill,0.693,0.495,0.003,0.322,0,risky_irreversible_low_conf
style_synth_01602,schedule_event,0.702,0.714,0.625,0.605,1,novel_action_distrust
style_synth_01603,draft_message,0.537,0.566,0.013,0.381,1,risky_irreversible_low_conf
style_synth_01604,send_reminder,0.794,0.511,0.331,0.166,1,confident_default_accept
style_synth_01605,send_reminder,0.207,0.505,0.727,0.255,0,low_confidence_default_reject
style_synth_01606,reorganize_files,0.433,0.915,0.656,0.26,0,low_confidence_default_reject
style_synth_01607,send_reminder,0.478,0.65,0.773,0.087,0,low_confidence_default_reject
style_synth_01608,pay_bill,0.542,0.511,0.921,0.291,0,low_confidence_default_reject
style_synth_01609,pay_bill,0.948,0.566,0.507,0.27,1,confident_default_accept
style_synth_01610,reorganize_files,0.958,0.322,0.798,0.023,1,confident_default_accept
style_synth_01611,draft_message,0.798,0.52,0.407,0.183,1,confident_default_accept
style_synth_01612,pay_bill,0.697,0.585,0.767,0.42,0,low_confidence_default_reject
style_synth_01613,draft_message,0.714,0.583,0.595,0.311,1,confident_default_accept
style_synth_01614,send_reminder,0.711,0.171,0.106,0.067,0,risky_irreversible_low_conf
style_synth_01615,send_reminder,0.937,0.39,0.211,0.239,1,confident_default_accept
style_synth_01616,pay_bill,0.66,0.498,0.969,0.495,0,low_confidence_default_reject
style_synth_01617,schedule_event,0.804,0.505,0.782,0.173,1,confident_default_accept
style_synth_01618,draft_message,0.582,0.847,0.926,0.136,0,low_confidence_default_reject
style_synth_01619,schedule_event,0.853,0.57,0.637,0.548,1,confident_default_accept
style_synth_01620,reorganize_files,0.7,0.517,0.526,0.125,1,low_confidence_default_reject
style_synth_01621,reorganize_files,0.662,0.434,0.584,0.098,1,low_confidence_default_reject
style_synth_01622,pay_bill,0.764,0.398,0.765,0.5,1,confident_default_accept
style_synth_01623,draft_message,0.819,0.651,0.424,0.317,1,confident_default_accept
style_synth_01624,draft_message,0.952,0.29,0.418,0.138,0,low_trust_user
style_synth_01625,reorganize_files,0.526,0.573,0.732,0.519,0,low_confidence_default_reject
style_synth_01626,pay_bill,0.503,0.556,0.248,0.268,0,risky_irreversible_low_conf
style_synth_01627,reorganize_files,0.967,0.603,0.216,0.291,1,confident_default_accept
style_synth_01628,reorganize_files,0.341,0.459,0.142,0.263,0,risky_irreversible_low_conf
style_synth_01629,draft_message,0.631,0.814,0.848,0.185,0,low_confidence_default_reject
style_synth_01630,schedule_event,0.654,0.595,0.855,0.076,0,low_confidence_default_reject
style_synth_01631,pay_bill,0.72,0.39,0.511,0.441,0,confident_default_accept
style_synth_01632,draft_message,0.62,0.53,0.4,0.126,0,low_confidence_default_reject
style_synth_01633,schedule_event,0.735,0.951,0.818,0.328,1,high_trust_high_conf
style_synth_01634,draft_message,0.931,0.67,0.906,0.119,1,confident_default_accept
style_synth_01635,draft_message,0.451,0.348,0.953,0.146,0,low_confidence_default_reject
style_synth_01636,send_reminder,0.568,0.475,0.942,0.04,1,low_confidence_default_reject
style_synth_01637,pay_bill,0.435,0.833,0.524,0.488,0,low_confidence_default_reject
style_synth_01638,draft_message,0.683,0.548,0.556,0.24,0,low_confidence_default_reject
style_synth_01639,reorganize_files,0.771,0.657,0.225,0.432,0,risky_irreversible_low_conf
style_synth_01640,reorganize_files,0.938,0.401,0.23,0.582,1,confident_default_accept
style_synth_01641,reorganize_files,0.62,0.481,0.64,0.348,0,low_confidence_default_reject
style_synth_01642,pay_bill,0.568,0.804,0.404,0.159,0,low_confidence_default_reject
style_synth_01643,draft_message,0.732,0.787,0.424,0.336,1,high_trust_high_conf
style_synth_01644,send_reminder,0.629,0.714,0.796,0.134,0,low_confidence_default_reject
style_synth_01645,reorganize_files,0.818,0.41,0.401,0.222,1,confident_default_accept
style_synth_01646,send_reminder,0.863,0.842,0.091,0.185,1,high_trust_high_conf
style_synth_01647,reorganize_files,0.774,0.825,0.577,0.247,1,high_trust_high_conf
style_synth_01648,pay_bill,0.613,0.521,0.968,0.658,0,novel_action_distrust
style_synth_01649,pay_bill,0.659,0.863,0.282,0.543,0,risky_irreversible_low_conf
style_synth_01650,schedule_event,0.821,0.779,0.183,0.273,0,risky_irreversible_low_conf
style_synth_01651,pay_bill,0.465,0.592,0.525,0.105,0,low_confidence_default_reject
style_synth_01652,pay_bill,0.584,0.571,0.995,0.366,0,low_confidence_default_reject
style_synth_01653,send_reminder,0.524,0.591,0.719,0.421,0,low_confidence_default_reject
style_synth_01654,pay_bill,0.489,0.533,0.968,0.635,0,novel_action_distrust
style_synth_01655,pay_bill,0.703,0.273,0.457,0.701,0,novel_action_distrust
style_synth_01656,schedule_event,0.684,0.439,0.623,0.327,0,low_confidence_default_reject
style_synth_01657,draft_message,0.738,0.8,0.915,0.316,1,high_trust_high_conf
style_synth_01658,send_reminder,0.515,0.278,0.841,0.081,0,low_trust_user
style_synth_01659,pay_bill,0.654,0.451,0.436,0.092,0,low_confidence_default_reject
style_synth_01660,pay_bill,0.605,0.445,0.722,0.181,0,low_confidence_default_reject
style_synth_01661,schedule_event,0.817,0.414,0.956,0.451,1,confident_default_accept
style_synth_01662,pay_bill,0.836,0.571,0.218,0.193,0,risky_irreversible_low_conf
style_synth_01663,schedule_event,0.781,0.499,0.7,0.172,1,confident_default_accept
style_synth_01664,schedule_event,0.663,0.552,0.869,0.173,0,low_confidence_default_reject
style_synth_01665,send_reminder,0.485,0.774,0.207,0.614,0,risky_irreversible_low_conf
style_synth_01666,send_reminder,0.964,0.578,0.842,0.044,1,confident_default_accept
style_synth_01667,schedule_event,0.729,0.787,0.505,0.161,1,high_trust_high_conf
style_synth_01668,send_reminder,0.473,0.441,0.326,0.227,0,low_confidence_default_reject
style_synth_01669,reorganize_files,0.584,0.541,0.898,0.205,0,low_confidence_default_reject
style_synth_01670,draft_message,0.353,0.823,0.875,0.104,0,low_confidence_default_reject
style_synth_01671,draft_message,0.404,0.805,0.096,0.125,0,risky_irreversible_low_conf
style_synth_01672,reorganize_files,0.837,0.48,0.765,0.044,0,confident_default_accept
style_synth_01673,draft_message,0.89,0.785,0.234,0.666,0,novel_action_distrust
style_synth_01674,schedule_event,0.853,0.504,0.707,0.168,1,confident_default_accept
style_synth_01675,pay_bill,0.498,0.51,0.473,0.123,0,low_confidence_default_reject
style_synth_01676,reorganize_files,0.842,0.333,0.084,0.147,1,risky_irreversible_low_conf
style_synth_01677,send_reminder,0.694,0.574,0.36,0.258,0,low_confidence_default_reject
style_synth_01678,send_reminder,0.765,0.728,0.152,0.396,0,risky_irreversible_low_conf
style_synth_01679,schedule_event,0.669,0.906,0.03,0.263,0,risky_irreversible_low_conf
style_synth_01680,draft_message,0.68,0.646,0.496,0.252,0,low_confidence_default_reject
style_synth_01681,pay_bill,0.897,0.436,0.439,0.129,1,confident_default_accept
style_synth_01682,reorganize_files,0.963,0.291,0.397,0.486,0,low_trust_user
style_synth_01683,reorganize_files,0.351,0.671,0.066,0.481,0,risky_irreversible_low_conf
style_synth_01684,schedule_event,0.543,0.47,0.193,0.682,0,risky_irreversible_low_conf
style_synth_01685,send_reminder,0.802,0.708,0.316,0.212,1,high_trust_high_conf
style_synth_01686,pay_bill,0.793,0.601,0.841,0.143,1,confident_default_accept
style_synth_01687,reorganize_files,0.735,0.586,0.266,0.318,0,risky_irreversible_low_conf
style_synth_01688,pay_bill,0.948,0.781,0.269,0.596,1,high_trust_high_conf
style_synth_01689,pay_bill,0.935,0.175,0.877,0.139,1,low_trust_user
style_synth_01690,draft_message,0.781,0.587,0.925,0.814,1,novel_action_distrust
style_synth_01691,draft_message,0.779,0.549,0.992,0.198,1,confident_default_accept
style_synth_01692,send_reminder,0.881,0.743,0.208,0.43,1,high_trust_high_conf
style_synth_01693,reorganize_files,0.291,0.599,0.07,0.316,0,risky_irreversible_low_conf
style_synth_01694,schedule_event,0.557,0.446,0.016,0.21,0,risky_irreversible_low_conf
style_synth_01695,draft_message,0.851,0.735,0.085,0.296,1,high_trust_high_conf
style_synth_01696,reorganize_files,0.57,0.275,0.931,0.556,0,low_trust_user
style_synth_01697,draft_message,0.886,0.528,0.162,0.167,1,confident_default_accept
style_synth_01698,schedule_event,0.509,0.32,0.338,0.308,0,low_confidence_default_reject
style_synth_01699,send_reminder,0.538,0.365,0.245,0.305,0,risky_irreversible_low_conf
style_synth_01700,pay_bill,0.665,0.584,0.555,0.141,0,low_confidence_default_reject
style_synth_01701,reorganize_files,0.532,0.483,0.96,0.495,1,low_confidence_default_reject
style_synth_01702,send_reminder,0.804,0.433,0.103,0.548,0,risky_irreversible_low_conf
style_synth_01703,draft_message,0.496,0.726,0.483,0.181,0,low_confidence_default_reject
style_synth_01704,pay_bill,0.797,0.9,0.755,0.223,1,high_trust_high_conf
style_synth_01705,reorganize_files,0.803,0.818,0.997,0.293,1,high_trust_high_conf
style_synth_01706,schedule_event,0.238,0.57,0.512,0.349,0,low_confidence_default_reject
style_synth_01707,send_reminder,0.426,0.742,0.155,0.319,0,risky_irreversible_low_conf
style_synth_01708,pay_bill,0.515,0.702,0.133,0.34,0,risky_irreversible_low_conf
style_synth_01709,send_reminder,0.682,0.59,0.149,0.164,0,risky_irreversible_low_conf
style_synth_01710,pay_bill,0.469,0.57,0.242,0.616,0,risky_irreversible_low_conf
style_synth_01711,draft_message,0.713,0.668,0.122,0.219,0,risky_irreversible_low_conf
style_synth_01712,schedule_event,0.279,0.574,0.194,0.273,0,risky_irreversible_low_conf
style_synth_01713,send_reminder,0.441,0.615,0.208,0.042,0,risky_irreversible_low_conf
style_synth_01714,schedule_event,0.43,0.618,0.267,0.218,0,risky_irreversible_low_conf
style_synth_01715,send_reminder,0.671,0.354,0.922,0.318,0,low_confidence_default_reject
style_synth_01716,draft_message,0.922,0.902,0.628,0.228,1,high_trust_high_conf
style_synth_01717,pay_bill,0.423,0.586,0.206,0.187,0,risky_irreversible_low_conf
style_synth_01718,reorganize_files,0.85,0.54,0.038,0.306,1,confident_default_accept
style_synth_01719,send_reminder,0.95,0.458,0.824,0.286,1,confident_default_accept
style_synth_01720,schedule_event,0.559,0.663,0.99,0.173,0,low_confidence_default_reject
style_synth_01721,send_reminder,0.651,0.487,0.31,0.12,0,low_confidence_default_reject
style_synth_01722,reorganize_files,0.595,0.526,0.415,0.292,1,low_confidence_default_reject
style_synth_01723,reorganize_files,0.525,0.829,0.683,0.327,0,low_confidence_default_reject
style_synth_01724,pay_bill,0.767,0.494,0.01,0.246,0,risky_irreversible_low_conf
style_synth_01725,pay_bill,0.537,0.504,0.514,0.418,0,low_confidence_default_reject
style_synth_01726,schedule_event,0.971,0.165,0.657,0.371,0,low_trust_user
style_synth_01727,pay_bill,0.863,0.581,0.549,0.038,1,confident_default_accept
style_synth_01728,send_reminder,0.476,0.338,0.74,0.341,0,low_confidence_default_reject
style_synth_01729,draft_message,0.72,0.633,0.15,0.053,0,risky_irreversible_low_conf
style_synth_01730,reorganize_files,0.91,0.556,0.595,0.09,1,confident_default_accept
style_synth_01731,pay_bill,0.705,0.45,0.001,0.275,0,risky_irreversible_low_conf
style_synth_01732,reorganize_files,0.876,0.515,0.044,0.318,1,confident_default_accept
style_synth_01733,draft_message,0.727,0.28,0.829,0.163,0,low_trust_user
style_synth_01734,send_reminder,0.738,0.338,0.026,0.334,1,risky_irreversible_low_conf
style_synth_01735,schedule_event,0.312,0.412,0.808,0.251,0,low_confidence_default_reject
style_synth_01736,draft_message,0.725,0.803,0.412,0.181,1,high_trust_high_conf
style_synth_01737,send_reminder,0.383,0.452,0.366,0.447,0,low_confidence_default_reject
style_synth_01738,send_reminder,0.876,0.775,0.942,0.391,1,high_trust_high_conf
style_synth_01739,reorganize_files,0.873,0.786,0.896,0.384,1,high_trust_high_conf
style_synth_01740,reorganize_files,0.743,0.697,0.542,0.099,1,confident_default_accept
style_synth_01741,send_reminder,0.605,0.589,0.284,0.354,0,risky_irreversible_low_conf
style_synth_01742,schedule_event,0.728,0.577,0.359,0.335,1,confident_default_accept
style_synth_01743,reorganize_files,0.659,0.489,0.701,0.297,0,low_confidence_default_reject
style_synth_01744,send_reminder,0.711,0.534,0.035,0.512,0,risky_irreversible_low_conf
style_synth_01745,send_reminder,0.596,0.705,0.274,0.167,0,risky_irreversible_low_conf
style_synth_01746,reorganize_files,0.767,0.769,0.345,0.112,1,high_trust_high_conf
style_synth_01747,reorganize_files,0.635,0.853,0.446,0.263,0,low_confidence_default_reject
style_synth_01748,reorganize_files,0.785,0.276,0.631,0.408,0,low_trust_user
style_synth_01749,pay_bill,0.919,0.846,0.938,0.245,1,high_trust_high_conf
style_synth_01750,schedule_event,0.709,0.629,0.956,0.053,1,confident_default_accept
style_synth_01751,schedule_event,0.731,0.174,0.127,0.187,0,risky_irreversible_low_conf
style_synth_01752,schedule_event,0.707,0.256,0.485,0.109,0,low_trust_user
style_synth_01753,reorganize_files,0.929,0.673,0.623,0.568,1,confident_default_accept
style_synth_01754,draft_message,0.524,0.749,0.972,0.305,0,low_confidence_default_reject
style_synth_01755,draft_message,0.875,0.491,0.068,0.255,0,confident_default_accept
style_synth_01756,schedule_event,0.661,0.67,0.435,0.243,0,low_confidence_default_reject
style_synth_01757,pay_bill,0.678,0.744,0.19,0.353,0,risky_irreversible_low_conf
style_synth_01758,schedule_event,0.984,0.297,0.142,0.474,0,low_trust_user
style_synth_01759,schedule_event,0.749,0.755,0.277,0.29,0,risky_irreversible_low_conf
style_synth_01760,schedule_event,0.764,0.509,0.814,0.328,1,confident_default_accept
style_synth_01761,reorganize_files,0.602,0.551,0.437,0.173,0,low_confidence_default_reject
style_synth_01762,schedule_event,0.558,0.689,0.312,0.249,0,low_confidence_default_reject
style_synth_01763,schedule_event,0.756,0.219,0.139,0.199,0,risky_irreversible_low_conf
style_synth_01764,schedule_event,0.745,0.767,0.599,0.167,1,high_trust_high_conf
style_synth_01765,pay_bill,0.797,0.513,0.095,0.203,0,risky_irreversible_low_conf
style_synth_01766,draft_message,0.913,0.48,0.154,0.104,1,confident_default_accept
style_synth_01767,schedule_event,0.794,0.708,0.727,0.254,1,high_trust_high_conf
style_synth_01768,draft_message,0.923,0.796,0.41,0.354,1,high_trust_high_conf
style_synth_01769,reorganize_files,0.494,0.695,0.596,0.23,0,low_confidence_default_reject
style_synth_01770,send_reminder,0.651,0.843,0.85,0.157,0,low_confidence_default_reject
style_synth_01771,schedule_event,0.81,0.804,0.604,0.091,1,high_trust_high_conf
style_synth_01772,reorganize_files,0.877,0.553,0.603,0.297,1,confident_default_accept
style_synth_01773,pay_bill,0.838,0.352,0.509,0.124,1,confident_default_accept
style_synth_01774,draft_message,0.61,0.873,0.308,0.356,0,low_confidence_default_reject
style_synth_01775,pay_bill,0.987,0.539,0.867,0.608,1,confident_default_accept
style_synth_01776,send_reminder,0.707,0.389,0.916,0.278,1,confident_default_accept
style_synth_01777,reorganize_files,0.611,0.642,0.444,0.51,0,low_confidence_default_reject
style_synth_01778,reorganize_files,0.576,0.237,0.648,0.703,0,novel_action_distrust
style_synth_01779,pay_bill,0.648,0.442,0.027,0.323,1,risky_irreversible_low_conf
style_synth_01780,reorganize_files,0.706,0.548,0.607,0.218,0,confident_default_accept
style_synth_01781,draft_message,0.415,0.906,0.141,0.216,0,risky_irreversible_low_conf
style_synth_01782,pay_bill,0.844,0.335,0.864,0.294,1,confident_default_accept
style_synth_01783,pay_bill,0.815,0.509,0.284,0.096,0,risky_irreversible_low_conf
style_synth_01784,schedule_event,0.913,0.595,0.469,0.477,1,confident_default_accept
style_synth_01785,reorganize_files,0.735,0.891,0.344,0.559,1,high_trust_high_conf
style_synth_01786,schedule_event,0.788,0.498,0.542,0.27,1,confident_default_accept
style_synth_01787,send_reminder,0.576,0.71,0.7,0.174,0,low_confidence_default_reject
style_synth_01788,send_reminder,0.673,0.502,0.267,0.276,0,risky_irreversible_low_conf
style_synth_01789,draft_message,0.692,0.818,0.329,0.111,0,low_confidence_default_reject
style_synth_01790,reorganize_files,0.63,0.429,0.256,0.215,0,risky_irreversible_low_conf
style_synth_01791,draft_message,0.428,0.872,0.372,0.023,0,low_confidence_default_reject
style_synth_01792,schedule_event,0.739,0.864,0.892,0.045,1,high_trust_high_conf
style_synth_01793,schedule_event,0.896,0.33,0.093,0.15,1,confident_default_accept
style_synth_01794,reorganize_files,0.971,0.413,0.516,0.235,1,confident_default_accept
style_synth_01795,send_reminder,0.733,0.876,0.145,0.246,0,risky_irreversible_low_conf
style_synth_01796,pay_bill,0.91,0.547,0.724,0.21,1,confident_default_accept
style_synth_01797,send_reminder,0.517,0.793,0.294,0.472,0,risky_irreversible_low_conf
style_synth_01798,schedule_event,0.825,0.565,0.851,0.246,1,confident_default_accept
style_synth_01799,pay_bill,0.671,0.499,0.776,0.207,0,low_confidence_default_reject
style_synth_01800,draft_message,0.825,0.584,0.587,0.492,1,confident_default_accept
style_synth_01801,draft_message,0.791,0.606,0.265,0.429,0,risky_irreversible_low_conf
style_synth_01802,draft_message,0.799,0.286,0.777,0.311,0,low_trust_user
style_synth_01803,pay_bill,0.759,0.379,0.628,0.089,0,confident_default_accept
style_synth_01804,draft_message,0.706,0.744,0.956,0.274,1,high_trust_high_conf
style_synth_01805,reorganize_files,0.481,0.523,0.03,0.307,0,risky_irreversible_low_conf
style_synth_01806,draft_message,0.652,0.512,0.938,0.597,1,low_confidence_default_reject
style_synth_01807,send_reminder,0.964,0.648,0.369,0.216,1,confident_default_accept
style_synth_01808,pay_bill,0.797,0.232,0.543,0.178,1,low_trust_user
style_synth_01809,send_reminder,0.833,0.617,0.404,0.424,1,confident_default_accept
style_synth_01810,reorganize_files,0.862,0.611,0.194,0.386,1,confident_default_accept
style_synth_01811,reorganize_files,0.731,0.561,0.526,0.338,1,confident_default_accept
style_synth_01812,draft_message,0.723,0.68,0.794,0.238,1,confident_default_accept
style_synth_01813,send_reminder,0.86,0.341,0.646,0.291,1,confident_default_accept
style_synth_01814,pay_bill,0.686,0.445,0.928,0.499,0,low_confidence_default_reject
style_synth_01815,reorganize_files,0.678,0.521,0.002,0.203,0,risky_irreversible_low_conf
style_synth_01816,send_reminder,0.922,0.628,0.253,0.126,1,confident_default_accept
style_synth_01817,draft_message,0.763,0.737,0.348,0.361,1,high_trust_high_conf
style_synth_01818,send_reminder,0.591,0.684,0.929,0.223,0,low_confidence_default_reject
style_synth_01819,pay_bill,0.943,0.872,0.043,0.394,1,high_trust_high_conf
style_synth_01820,draft_message,0.794,0.454,0.957,0.086,1,confident_default_accept
style_synth_01821,draft_message,0.845,0.611,0.588,0.273,1,confident_default_accept
style_synth_01822,reorganize_files,0.91,0.721,0.414,0.477,1,high_trust_high_conf
style_synth_01823,reorganize_files,0.571,0.232,0.674,0.182,0,low_trust_user
style_synth_01824,schedule_event,0.411,0.738,0.426,0.03,0,low_confidence_default_reject
style_synth_01825,send_reminder,0.335,0.486,0.696,0.193,0,low_confidence_default_reject
style_synth_01826,draft_message,0.92,0.712,0.032,0.241,1,high_trust_high_conf
style_synth_01827,draft_message,0.941,0.446,0.391,0.3,1,confident_default_accept
style_synth_01828,draft_message,0.735,0.417,0.462,0.518,1,confident_default_accept
style_synth_01829,send_reminder,0.758,0.868,0.847,0.24,1,high_trust_high_conf
style_synth_01830,draft_message,0.612,0.881,0.363,0.328,0,low_confidence_default_reject
style_synth_01831,send_reminder,0.732,0.688,0.386,0.468,1,confident_default_accept
style_synth_01832,pay_bill,0.631,0.805,0.012,0.326,0,risky_irreversible_low_conf
style_synth_01833,reorganize_files,0.79,0.506,0.121,0.182,1,risky_irreversible_low_conf
style_synth_01834,schedule_event,0.987,0.418,0.5,0.524,1,confident_default_accept
style_synth_01835,send_reminder,0.465,0.366,0.507,0.272,0,low_confidence_default_reject
style_synth_01836,draft_message,0.72,0.821,0.167,0.087,0,risky_irreversible_low_conf
style_synth_01837,send_reminder,0.653,0.579,0.747,0.585,0,low_confidence_default_reject
style_synth_01838,schedule_event,0.733,0.673,0.239,0.495,0,risky_irreversible_low_conf
style_synth_01839,send_reminder,0.72,0.752,0.036,0.069,0,risky_irreversible_low_conf
style_synth_01840,send_reminder,0.57,0.564,0.239,0.082,0,risky_irreversible_low_conf
style_synth_01841,schedule_event,0.852,0.766,0.331,0.383,1,high_trust_high_conf
style_synth_01842,reorganize_files,0.851,0.495,0.368,0.381,1,confident_default_accept
style_synth_01843,schedule_event,0.73,0.468,0.836,0.418,1,confident_default_accept
style_synth_01844,reorganize_files,0.808,0.855,0.206,0.326,0,risky_irreversible_low_conf
style_synth_01845,schedule_event,0.621,0.626,0.418,0.146,0,low_confidence_default_reject
style_synth_01846,schedule_event,0.86,0.761,0.06,0.091,1,high_trust_high_conf
style_synth_01847,draft_message,0.856,0.654,0.64,0.218,1,confident_default_accept
style_synth_01848,send_reminder,0.734,0.695,0.855,0.123,1,confident_default_accept
style_synth_01849,pay_bill,0.821,0.317,0.696,0.163,1,confident_default_accept
style_synth_01850,reorganize_files,0.75,0.276,0.926,0.231,0,low_trust_user
style_synth_01851,pay_bill,0.904,0.566,0.165,0.386,0,confident_default_accept
style_synth_01852,send_reminder,0.444,0.542,0.731,0.034,0,low_confidence_default_reject
style_synth_01853,schedule_event,0.607,0.494,0.803,0.233,0,low_confidence_default_reject
style_synth_01854,schedule_event,0.717,0.67,0.216,0.236,0,risky_irreversible_low_conf
style_synth_01855,send_reminder,0.613,0.774,0.152,0.412,0,risky_irreversible_low_conf
style_synth_01856,send_reminder,0.761,0.758,0.799,0.121,1,high_trust_high_conf
style_synth_01857,schedule_event,0.848,0.394,0.025,0.096,0,risky_irreversible_low_conf
style_synth_01858,draft_message,0.524,0.582,0.012,0.063,0,risky_irreversible_low_conf
style_synth_01859,reorganize_files,0.824,0.344,0.242,0.17,1,risky_irreversible_low_conf
style_synth_01860,pay_bill,0.672,0.617,0.91,0.26,0,low_confidence_default_reject
style_synth_01861,reorganize_files,0.939,0.268,0.882,0.185,0,low_trust_user
style_synth_01862,reorganize_files,0.919,0.799,0.666,0.275,1,high_trust_high_conf
style_synth_01863,pay_bill,0.868,0.243,0.191,0.193,0,low_trust_user
style_synth_01864,send_reminder,0.764,0.561,0.614,0.15,1,confident_default_accept
style_synth_01865,send_reminder,0.779,0.712,0.983,0.261,1,high_trust_high_conf
style_synth_01866,send_reminder,0.585,0.495,0.958,0.109,0,low_confidence_default_reject
style_synth_01867,send_reminder,0.459,0.8,0.583,0.451,1,low_confidence_default_reject
style_synth_01868,draft_message,0.447,0.798,0.107,0.12,1,risky_irreversible_low_conf
style_synth_01869,draft_message,0.782,0.271,0.502,0.246,0,low_trust_user
style_synth_01870,pay_bill,0.843,0.34,0.654,0.337,1,confident_default_accept
style_synth_01871,pay_bill,0.788,0.534,0.816,0.514,1,confident_default_accept
style_synth_01872,schedule_event,0.606,0.531,0.448,0.132,0,low_confidence_default_reject
style_synth_01873,send_reminder,0.842,0.493,0.011,0.449,0,risky_irreversible_low_conf
style_synth_01874,draft_message,0.722,0.893,0.199,0.21,0,risky_irreversible_low_conf
style_synth_01875,pay_bill,0.866,0.452,0.085,0.182,1,confident_default_accept
style_synth_01876,send_reminder,0.583,0.62,0.5,0.192,0,low_confidence_default_reject
style_synth_01877,send_reminder,0.545,0.796,0.587,0.226,0,low_confidence_default_reject
style_synth_01878,reorganize_files,0.445,0.899,0.795,0.264,0,low_confidence_default_reject
style_synth_01879,send_reminder,0.47,0.593,0.306,0.223,0,low_confidence_default_reject
style_synth_01880,draft_message,0.433,0.443,0.687,0.255,0,low_confidence_default_reject
style_synth_01881,draft_message,0.589,0.348,0.802,0.665,0,novel_action_distrust
style_synth_01882,schedule_event,0.918,0.594,0.693,0.414,1,confident_default_accept
style_synth_01883,draft_message,0.788,0.543,0.082,0.475,1,risky_irreversible_low_conf
style_synth_01884,pay_bill,0.89,0.821,0.308,0.223,1,high_trust_high_conf
style_synth_01885,draft_message,0.934,0.85,0.624,0.36,1,high_trust_high_conf
style_synth_01886,schedule_event,0.863,0.469,0.245,0.084,1,confident_default_accept
style_synth_01887,schedule_event,0.734,0.371,0.354,0.288,1,confident_default_accept
style_synth_01888,draft_message,0.858,0.353,0.836,0.085,1,confident_default_accept
style_synth_01889,draft_message,0.408,0.646,0.316,0.275,0,low_confidence_default_reject
style_synth_01890,send_reminder,0.83,0.567,0.774,0.099,0,confident_default_accept
style_synth_01891,schedule_event,0.431,0.412,0.825,0.256,0,low_confidence_default_reject
style_synth_01892,send_reminder,0.569,0.354,0.451,0.108,0,low_confidence_default_reject
style_synth_01893,pay_bill,0.65,0.456,0.587,0.219,0,low_confidence_default_reject
style_synth_01894,pay_bill,0.868,0.401,0.594,0.437,1,confident_default_accept
style_synth_01895,reorganize_files,0.706,0.432,0.986,0.12,1,confident_default_accept
style_synth_01896,pay_bill,0.592,0.523,0.774,0.135,0,low_confidence_default_reject
style_synth_01897,send_reminder,0.599,0.657,0.357,0.575,0,low_confidence_default_reject
style_synth_01898,draft_message,0.803,0.672,0.843,0.547,1,confident_default_accept
style_synth_01899,reorganize_files,0.656,0.392,0.145,0.519,0,risky_irreversible_low_conf
style_synth_01900,pay_bill,0.75,0.742,0.728,0.392,1,high_trust_high_conf
style_synth_01901,send_reminder,0.763,0.577,0.65,0.429,1,confident_default_accept
style_synth_01902,pay_bill,0.736,0.625,0.217,0.352,0,risky_irreversible_low_conf
style_synth_01903,pay_bill,0.707,0.204,0.068,0.202,0,risky_irreversible_low_conf
style_synth_01904,send_reminder,0.594,0.514,0.249,0.027,0,risky_irreversible_low_conf
style_synth_01905,send_reminder,0.761,0.552,0.941,0.66,0,novel_action_distrust
style_synth_01906,reorganize_files,0.711,0.682,0.0,0.209,0,risky_irreversible_low_conf
style_synth_01907,pay_bill,0.829,0.682,0.038,0.204,0,risky_irreversible_low_conf
style_synth_01908,send_reminder,0.785,0.697,0.819,0.223,1,confident_default_accept
style_synth_01909,draft_message,0.394,0.536,0.325,0.36,0,low_confidence_default_reject
style_synth_01910,draft_message,0.877,0.586,0.502,0.414,1,confident_default_accept
style_synth_01911,schedule_event,0.769,0.587,0.574,0.109,1,confident_default_accept
style_synth_01912,reorganize_files,0.728,0.628,0.834,0.289,1,confident_default_accept
style_synth_01913,pay_bill,0.696,0.715,0.072,0.098,0,risky_irreversible_low_conf
style_synth_01914,send_reminder,0.918,0.298,0.373,0.232,0,low_trust_user
style_synth_01915,pay_bill,0.892,0.196,0.989,0.331,0,low_trust_user
style_synth_01916,send_reminder,0.79,0.476,0.02,0.211,0,risky_irreversible_low_conf
style_synth_01917,reorganize_files,0.628,0.641,0.516,0.324,0,low_confidence_default_reject
style_synth_01918,reorganize_files,0.824,0.39,0.872,0.142,1,confident_default_accept
style_synth_01919,draft_message,0.863,0.802,0.458,0.172,1,high_trust_high_conf
style_synth_01920,draft_message,0.888,0.562,0.539,0.404,1,confident_default_accept
style_synth_01921,schedule_event,0.576,0.542,0.082,0.191,0,risky_irreversible_low_conf
style_synth_01922,send_reminder,0.931,0.558,0.273,0.335,1,confident_default_accept
style_synth_01923,schedule_event,0.788,0.607,0.418,0.521,1,confident_default_accept
style_synth_01924,draft_message,0.681,0.472,0.816,0.273,0,low_confidence_default_reject
style_synth_01925,send_reminder,0.575,0.629,0.491,0.073,0,low_confidence_default_reject
style_synth_01926,send_reminder,0.729,0.512,0.554,0.356,1,confident_default_accept
style_synth_01927,pay_bill,0.802,0.525,0.246,0.165,0,risky_irreversible_low_conf
style_synth_01928,pay_bill,0.876,0.622,0.252,0.301,1,confident_default_accept
style_synth_01929,draft_message,0.673,0.654,0.954,0.166,0,low_confidence_default_reject
style_synth_01930,send_reminder,0.619,0.838,0.712,0.25,0,low_confidence_default_reject
style_synth_01931,reorganize_files,0.824,0.722,0.993,0.472,1,high_trust_high_conf
style_synth_01932,send_reminder,0.536,0.356,0.137,0.454,0,risky_irreversible_low_conf
style_synth_01933,reorganize_files,0.655,0.565,0.817,0.212,0,low_confidence_default_reject
style_synth_01934,draft_message,0.609,0.454,0.129,0.404,0,risky_irreversible_low_conf
style_synth_01935,draft_message,0.586,0.789,0.391,0.177,0,low_confidence_default_reject
style_synth_01936,draft_message,0.823,0.588,0.855,0.651,0,novel_action_distrust
style_synth_01937,pay_bill,0.919,0.742,0.6,0.544,1,high_trust_high_conf
style_synth_01938,send_reminder,0.892,0.737,0.012,0.393,1,high_trust_high_conf
style_synth_01939,pay_bill,0.77,0.561,0.444,0.327,1,confident_default_accept
style_synth_01940,reorganize_files,0.76,0.567,0.607,0.089,1,confident_default_accept
style_synth_01941,schedule_event,0.366,0.609,0.54,0.342,0,low_confidence_default_reject
style_synth_01942,reorganize_files,0.821,0.895,0.347,0.2,1,high_trust_high_conf
style_synth_01943,draft_message,0.7,0.313,0.673,0.27,0,low_confidence_default_reject
style_synth_01944,draft_message,0.828,0.864,0.69,0.493,1,high_trust_high_conf
style_synth_01945,reorganize_files,0.9,0.701,0.106,0.325,0,high_trust_high_conf
style_synth_01946,schedule_event,0.654,0.712,0.479,0.322,0,low_confidence_default_reject
style_synth_01947,reorganize_files,0.642,0.388,0.864,0.364,0,low_confidence_default_reject
style_synth_01948,pay_bill,0.667,0.686,0.387,0.299,0,low_confidence_default_reject
style_synth_01949,pay_bill,0.84,0.71,0.088,0.249,0,risky_irreversible_low_conf
style_synth_01950,send_reminder,0.871,0.652,0.214,0.098,1,confident_default_accept
style_synth_01951,pay_bill,0.742,0.334,0.166,0.441,0,risky_irreversible_low_conf
style_synth_01952,reorganize_files,0.728,0.42,0.212,0.252,0,risky_irreversible_low_conf
style_synth_01953,send_reminder,0.626,0.734,0.82,0.447,0,low_confidence_default_reject
style_synth_01954,draft_message,0.745,0.584,0.751,0.087,1,confident_default_accept
style_synth_01955,pay_bill,0.799,0.435,0.474,0.075,1,confident_default_accept
style_synth_01956,pay_bill,0.689,0.327,0.087,0.066,0,risky_irreversible_low_conf
style_synth_01957,reorganize_files,0.694,0.377,0.889,0.326,0,low_confidence_default_reject
style_synth_01958,draft_message,0.458,0.767,0.561,0.394,0,low_confidence_default_reject
style_synth_01959,schedule_event,0.749,0.538,0.203,0.421,0,risky_irreversible_low_conf
style_synth_01960,pay_bill,0.858,0.861,0.24,0.207,1,high_trust_high_conf
style_synth_01961,reorganize_files,0.662,0.348,0.184,0.124,0,risky_irreversible_low_conf
style_synth_01962,pay_bill,0.458,0.371,0.904,0.344,0,low_confidence_default_reject
style_synth_01963,schedule_event,0.811,0.78,0.219,0.544,0,risky_irreversible_low_conf
style_synth_01964,draft_message,0.721,0.934,0.533,0.241,1,high_trust_high_conf
style_synth_01965,schedule_event,0.723,0.788,0.113,0.181,0,risky_irreversible_low_conf
style_synth_01966,send_reminder,0.653,0.635,0.564,0.545,0,low_confidence_default_reject
style_synth_01967,schedule_event,0.508,0.543,0.953,0.028,0,low_confidence_default_reject
style_synth_01968,pay_bill,0.961,0.621,0.943,0.202,1,confident_default_accept
style_synth_01969,pay_bill,0.615,0.452,0.489,0.077,0,low_confidence_default_reject
style_synth_01970,schedule_event,0.666,0.556,0.34,0.291,0,low_confidence_default_reject
style_synth_01971,send_reminder,0.748,0.808,0.09,0.178,0,risky_irreversible_low_conf
style_synth_01972,reorganize_files,0.665,0.299,0.674,0.235,0,low_trust_user
style_synth_01973,schedule_event,0.807,0.722,0.406,0.233,1,high_trust_high_conf
style_synth_01974,schedule_event,0.951,0.701,0.521,0.499,1,high_trust_high_conf
style_synth_01975,draft_message,0.673,0.511,0.096,0.118,0,risky_irreversible_low_conf
style_synth_01976,reorganize_files,0.927,0.182,0.452,0.486,0,low_trust_user
style_synth_01977,draft_message,0.877,0.713,0.499,0.462,1,high_trust_high_conf
style_synth_01978,reorganize_files,0.928,0.374,0.666,0.145,1,confident_default_accept
style_synth_01979,draft_message,0.772,0.353,0.71,0.322,1,confident_default_accept
style_synth_01980,pay_bill,0.827,0.454,0.27,0.085,0,risky_irreversible_low_conf
style_synth_01981,draft_message,0.762,0.842,0.364,0.063,1,high_trust_high_conf
style_synth_01982,draft_message,0.845,0.463,0.531,0.141,1,confident_default_accept
style_synth_01983,draft_message,0.77,0.43,0.661,0.109,1,confident_default_accept
style_synth_01984,reorganize_files,0.707,0.451,0.118,0.343,0,risky_irreversible_low_conf
style_synth_01985,send_reminder,0.51,0.59,0.076,0.18,0,risky_irreversible_low_conf
style_synth_01986,reorganize_files,0.721,0.591,0.378,0.631,0,novel_action_distrust
style_synth_01987,schedule_event,0.89,0.587,0.318,0.061,1,confident_default_accept
style_synth_01988,reorganize_files,0.523,0.357,0.264,0.545,0,risky_irreversible_low_conf
style_synth_01989,reorganize_files,0.611,0.72,0.647,0.247,1,low_confidence_default_reject
style_synth_01990,reorganize_files,0.758,0.256,0.709,0.392,0,low_trust_user
style_synth_01991,reorganize_files,0.892,0.476,0.601,0.335,1,confident_default_accept
style_synth_01992,schedule_event,0.405,0.449,0.23,0.087,0,risky_irreversible_low_conf
style_synth_01993,reorganize_files,0.632,0.501,0.797,0.122,0,low_confidence_default_reject
style_synth_01994,reorganize_files,0.769,0.209,0.322,0.157,0,low_trust_user
style_synth_01995,reorganize_files,0.847,0.577,0.774,0.182,1,confident_default_accept
style_synth_01996,pay_bill,0.516,0.467,0.773,0.494,0,low_confidence_default_reject
style_synth_01997,draft_message,0.875,0.324,0.564,0.214,0,confident_default_accept
style_synth_01998,draft_message,0.684,0.37,0.32,0.71,0,novel_action_distrust
style_synth_01999,send_reminder,0.9,0.687,0.168,0.292,1,confident_default_accept
style_synth_02000,draft_message,0.723,0.338,0.893,0.146,1,confident_default_accept
style_synth_02001,send_reminder,0.294,0.516,0.529,0.133,0,low_confidence_default_reject
style_synth_02002,schedule_event,0.921,0.753,0.031,0.13,1,high_trust_high_conf
style_synth_02003,reorganize_files,0.843,0.723,0.111,0.277,0,risky_irreversible_low_conf
style_synth_02004,schedule_event,0.62,0.334,0.732,0.182,0,low_confidence_default_reject
style_synth_02005,draft_message,0.835,0.555,0.139,0.309,0,risky_irreversible_low_conf
style_synth_02006,draft_message,0.688,0.859,0.661,0.482,1,low_confidence_default_reject
style_synth_02007,send_reminder,0.831,0.169,0.507,0.268,0,low_trust_user
style_synth_02008,draft_message,0.672,0.597,0.83,0.182,0,low_confidence_default_reject
style_synth_02009,send_reminder,0.699,0.771,0.17,0.386,0,risky_irreversible_low_conf
style_synth_02010,send_reminder,0.383,0.577,0.764,0.133,0,low_confidence_default_reject
style_synth_02011,send_reminder,0.767,0.721,0.698,0.059,1,high_trust_high_conf
style_synth_02012,schedule_event,0.883,0.325,0.298,0.586,1,confident_default_accept
style_synth_02013,draft_message,0.831,0.528,0.201,0.13,0,risky_irreversible_low_conf
style_synth_02014,schedule_event,0.682,0.728,0.836,0.406,0,low_confidence_default_reject
style_synth_02015,draft_message,0.745,0.254,0.413,0.207,0,low_trust_user
style_synth_02016,pay_bill,0.906,0.359,0.558,0.411,1,confident_default_accept
style_synth_02017,send_reminder,0.739,0.621,0.26,0.11,0,risky_irreversible_low_conf
style_synth_02018,reorganize_files,0.749,0.771,0.571,0.296,0,high_trust_high_conf
style_synth_02019,send_reminder,0.963,0.426,0.374,0.263,1,confident_default_accept
style_synth_02020,schedule_event,0.605,0.465,0.752,0.157,0,low_confidence_default_reject
style_synth_02021,reorganize_files,0.829,0.866,0.691,0.079,1,high_trust_high_conf
style_synth_02022,reorganize_files,0.725,0.797,0.335,0.459,1,high_trust_high_conf
style_synth_02023,pay_bill,0.722,0.66,0.939,0.366,1,confident_default_accept
style_synth_02024,draft_message,0.975,0.541,0.601,0.195,1,confident_default_accept
style_synth_02025,schedule_event,0.854,0.64,0.83,0.229,1,confident_default_accept
style_synth_02026,schedule_event,0.648,0.222,0.284,0.349,0,risky_irreversible_low_conf
style_synth_02027,send_reminder,0.501,0.483,0.089,0.148,0,risky_irreversible_low_conf
style_synth_02028,pay_bill,0.527,0.651,0.564,0.464,0,low_confidence_default_reject
style_synth_02029,pay_bill,0.854,0.792,0.919,0.268,1,high_trust_high_conf
style_synth_02030,schedule_event,0.927,0.537,0.946,0.246,1,confident_default_accept
style_synth_02031,send_reminder,0.828,0.819,0.535,0.383,1,high_trust_high_conf
style_synth_02032,send_reminder,0.941,0.625,0.443,0.336,1,confident_default_accept
style_synth_02033,draft_message,0.652,0.475,0.847,0.6,0,low_confidence_default_reject
style_synth_02034,pay_bill,0.843,0.672,0.894,0.606,0,novel_action_distrust
style_synth_02035,reorganize_files,0.872,0.234,0.882,0.117,1,low_trust_user
style_synth_02036,schedule_event,0.814,0.512,0.467,0.188,0,confident_default_accept
style_synth_02037,pay_bill,0.825,0.746,0.244,0.161,1,risky_irreversible_low_conf
style_synth_02038,send_reminder,0.604,0.589,0.201,0.046,0,risky_irreversible_low_conf
style_synth_02039,schedule_event,0.501,0.752,0.283,0.216,0,risky_irreversible_low_conf
style_synth_02040,send_reminder,0.762,0.437,0.938,0.405,1,confident_default_accept
style_synth_02041,schedule_event,0.562,0.551,0.194,0.326,0,risky_irreversible_low_conf
style_synth_02042,pay_bill,0.557,0.556,0.004,0.106,0,risky_irreversible_low_conf
style_synth_02043,pay_bill,0.954,0.555,0.988,0.436,1,confident_default_accept
style_synth_02044,pay_bill,0.606,0.185,0.68,0.037,0,low_trust_user
style_synth_02045,send_reminder,0.843,0.424,0.477,0.142,1,confident_default_accept
style_synth_02046,draft_message,0.683,0.326,0.983,0.174,0,low_confidence_default_reject
style_synth_02047,schedule_event,0.822,0.83,0.893,0.514,1,high_trust_high_conf
style_synth_02048,reorganize_files,0.772,0.656,0.545,0.492,1,confident_default_accept
style_synth_02049,draft_message,0.775,0.487,0.9,0.142,1,confident_default_accept
style_synth_02050,pay_bill,0.725,0.753,0.874,0.442,0,high_trust_high_conf
style_synth_02051,pay_bill,0.842,0.808,0.511,0.365,1,high_trust_high_conf
style_synth_02052,pay_bill,0.813,0.587,0.096,0.176,0,risky_irreversible_low_conf
style_synth_02053,pay_bill,0.987,0.632,0.911,0.283,1,confident_default_accept
style_synth_02054,draft_message,0.843,0.468,0.009,0.481,0,risky_irreversible_low_conf
style_synth_02055,send_reminder,0.889,0.881,0.85,0.274,1,high_trust_high_conf
style_synth_02056,reorganize_files,0.67,0.552,0.544,0.118,0,low_confidence_default_reject
style_synth_02057,pay_bill,0.656,0.416,0.514,0.025,0,low_confidence_default_reject
style_synth_02058,send_reminder,0.781,0.661,0.223,0.263,0,risky_irreversible_low_conf
style_synth_02059,send_reminder,0.744,0.134,0.854,0.214,0,low_trust_user
style_synth_02060,schedule_event,0.912,0.587,0.891,0.167,1,confident_default_accept
style_synth_02061,draft_message,0.54,0.814,0.073,0.045,0,risky_irreversible_low_conf
style_synth_02062,reorganize_files,0.832,0.616,0.525,0.202,1,confident_default_accept
style_synth_02063,schedule_event,0.697,0.348,0.434,0.139,0,low_confidence_default_reject
style_synth_02064,schedule_event,0.735,0.777,0.8,0.237,1,high_trust_high_conf
style_synth_02065,pay_bill,0.693,0.592,0.354,0.122,0,low_confidence_default_reject
style_synth_02066,pay_bill,0.769,0.391,0.136,0.529,0,risky_irreversible_low_conf
style_synth_02067,pay_bill,0.683,0.463,0.23,0.536,0,risky_irreversible_low_conf
style_synth_02068,pay_bill,0.884,0.923,0.026,0.407,1,high_trust_high_conf
style_synth_02069,pay_bill,0.833,0.78,0.315,0.323,0,high_trust_high_conf
style_synth_02070,schedule_event,0.724,0.609,0.251,0.393,0,risky_irreversible_low_conf
style_synth_02071,send_reminder,0.691,0.544,0.005,0.09,0,risky_irreversible_low_conf
style_synth_02072,reorganize_files,0.608,0.584,0.356,0.468,0,low_confidence_default_reject
style_synth_02073,draft_message,0.691,0.309,0.441,0.131,0,low_confidence_default_reject
style_synth_02074,schedule_event,0.659,0.75,0.553,0.198,0,low_confidence_default_reject
style_synth_02075,send_reminder,0.956,0.634,0.698,0.484,1,confident_default_accept
style_synth_02076,reorganize_files,0.642,0.445,0.869,0.329,0,low_confidence_default_reject
style_synth_02077,send_reminder,0.578,0.278,0.401,0.482,0,low_trust_user
style_synth_02078,draft_message,0.666,0.592,0.068,0.383,0,risky_irreversible_low_conf
style_synth_02079,reorganize_files,0.707,0.335,0.917,0.399,1,confident_default_accept
style_synth_02080,reorganize_files,0.938,0.86,0.758,0.346,1,high_trust_high_conf
style_synth_02081,send_reminder,0.681,0.643,0.404,0.431,0,low_confidence_default_reject
style_synth_02082,draft_message,0.907,0.728,0.995,0.047,1,high_trust_high_conf
style_synth_02083,reorganize_files,0.59,0.814,0.206,0.142,0,risky_irreversible_low_conf
style_synth_02084,pay_bill,0.759,0.538,0.276,0.398,0,risky_irreversible_low_conf
style_synth_02085,pay_bill,0.731,0.791,0.807,0.369,1,high_trust_high_conf
style_synth_02086,schedule_event,0.597,0.809,0.9,0.246,0,low_confidence_default_reject
style_synth_02087,schedule_event,0.581,0.268,0.41,0.619,0,novel_action_distrust
style_synth_02088,schedule_event,0.729,0.75,0.348,0.148,1,high_trust_high_conf
style_synth_02089,draft_message,0.817,0.61,0.989,0.533,1,confident_default_accept
style_synth_02090,reorganize_files,0.662,0.311,0.257,0.405,0,risky_irreversible_low_conf
style_synth_02091,schedule_event,0.844,0.566,0.692,0.331,1,confident_default_accept
style_synth_02092,send_reminder,0.794,0.645,0.032,0.345,0,risky_irreversible_low_conf
style_synth_02093,send_reminder,0.761,0.547,0.03,0.023,1,risky_irreversible_low_conf
style_synth_02094,pay_bill,0.719,0.429,0.583,0.492,1,confident_default_accept
style_synth_02095,draft_message,0.761,0.691,0.483,0.349,1,confident_default_accept
style_synth_02096,send_reminder,0.748,0.348,0.765,0.17,0,confident_default_accept
style_synth_02097,reorganize_files,0.835,0.595,0.149,0.304,0,risky_irreversible_low_conf
style_synth_02098,pay_bill,0.966,0.595,0.108,0.293,0,confident_default_accept
style_synth_02099,send_reminder,0.843,0.618,0.648,0.371,1,confident_default_accept
style_synth_02100,reorganize_files,0.767,0.873,0.016,0.392,0,risky_irreversible_low_conf
style_synth_02101,schedule_event,0.829,0.591,0.657,0.731,0,novel_action_distrust
style_synth_02102,pay_bill,0.801,0.541,0.829,0.082,1,confident_default_accept
style_synth_02103,pay_bill,0.706,0.475,0.901,0.283,1,confident_default_accept
style_synth_02104,pay_bill,0.801,0.675,0.851,0.145,0,confident_default_accept
style_synth_02105,pay_bill,0.928,0.143,0.564,0.329,0,low_trust_user
style_synth_02106,reorganize_files,0.818,0.51,0.67,0.403,1,confident_default_accept
style_synth_02107,schedule_event,0.879,0.649,0.515,0.218,0,confident_default_accept
style_synth_02108,send_reminder,0.828,0.322,0.414,0.174,1,confident_default_accept
style_synth_02109,send_reminder,0.492,0.439,0.161,0.305,0,risky_irreversible_low_conf
style_synth_02110,reorganize_files,0.414,0.722,0.214,0.082,0,risky_irreversible_low_conf
style_synth_02111,schedule_event,0.874,0.64,0.469,0.344,1,confident_default_accept
style_synth_02112,draft_message,0.681,0.441,0.792,0.293,0,low_confidence_default_reject
style_synth_02113,pay_bill,0.701,0.348,0.77,0.28,1,confident_default_accept
style_synth_02114,schedule_event,0.917,0.86,0.19,0.129,1,high_trust_high_conf
style_synth_02115,send_reminder,0.852,0.619,0.503,0.34,1,confident_default_accept
style_synth_02116,pay_bill,0.825,0.662,0.713,0.389,1,confident_default_accept
style_synth_02117,send_reminder,0.599,0.315,0.291,0.33,1,risky_irreversible_low_conf
style_synth_02118,send_reminder,0.8,0.618,0.138,0.285,0,risky_irreversible_low_conf
style_synth_02119,draft_message,0.736,0.568,0.154,0.115,0,risky_irreversible_low_conf
style_synth_02120,draft_message,0.501,0.613,0.34,0.139,0,low_confidence_default_reject
style_synth_02121,schedule_event,0.828,0.553,0.877,0.444,1,confident_default_accept
style_synth_02122,send_reminder,0.404,0.473,0.332,0.115,0,low_confidence_default_reject
style_synth_02123,pay_bill,0.79,0.52,0.001,0.639,0,risky_irreversible_low_conf
style_synth_02124,reorganize_files,0.796,0.488,0.75,0.382,1,confident_default_accept
style_synth_02125,reorganize_files,0.544,0.607,0.848,0.338,0,low_confidence_default_reject
style_synth_02126,pay_bill,0.511,0.359,0.461,0.255,0,low_confidence_default_reject
style_synth_02127,pay_bill,0.713,0.534,0.771,0.191,1,confident_default_accept
style_synth_02128,schedule_event,0.686,0.431,0.991,0.289,0,low_confidence_default_reject
style_synth_02129,schedule_event,0.825,0.465,0.874,0.345,1,confident_default_accept
style_synth_02130,reorganize_files,0.512,0.627,0.061,0.204,0,risky_irreversible_low_conf
style_synth_02131,pay_bill,0.812,0.483,0.05,0.08,0,risky_irreversible_low_conf
style_synth_02132,pay_bill,0.698,0.531,0.5,0.08,0,low_confidence_default_reject
style_synth_02133,draft_message,0.316,0.516,0.693,0.213,0,low_confidence_default_reject
style_synth_02134,reorganize_files,0.808,0.638,0.236,0.416,0,risky_irreversible_low_conf
style_synth_02135,send_reminder,0.674,0.489,0.455,0.047,0,low_confidence_default_reject
style_synth_02136,schedule_event,0.702,0.549,0.111,0.059,0,risky_irreversible_low_conf
style_synth_02137,reorganize_files,0.741,0.441,0.377,0.572,1,confident_default_accept
style_synth_02138,pay_bill,0.658,0.335,0.92,0.209,0,low_confidence_default_reject
style_synth_02139,reorganize_files,0.904,0.464,0.252,0.102,1,confident_default_accept
style_synth_02140,reorganize_files,0.672,0.593,0.533,0.592,0,low_confidence_default_reject
style_synth_02141,draft_message,0.761,0.602,0.806,0.24,1,confident_default_accept
style_synth_02142,reorganize_files,0.482,0.73,0.243,0.323,0,risky_irreversible_low_conf
style_synth_02143,pay_bill,0.867,0.628,0.785,0.304,1,confident_default_accept
style_synth_02144,send_reminder,0.956,0.711,0.284,0.191,1,high_trust_high_conf
style_synth_02145,draft_message,0.548,0.232,0.763,0.166,0,low_trust_user
style_synth_02146,send_reminder,0.683,0.391,0.633,0.421,0,low_confidence_default_reject
style_synth_02147,pay_bill,0.819,0.495,0.247,0.533,0,risky_irreversible_low_conf
style_synth_02148,reorganize_files,0.642,0.423,0.157,0.277,0,risky_irreversible_low_conf
style_synth_02149,draft_message,0.668,0.169,0.425,0.141,0,low_trust_user
style_synth_02150,reorganize_files,0.695,0.567,0.034,0.344,0,risky_irreversible_low_conf
style_synth_02151,schedule_event,0.753,0.224,0.033,0.368,0,risky_irreversible_low_conf
style_synth_02152,reorganize_files,0.583,0.448,0.183,0.122,0,risky_irreversible_low_conf
style_synth_02153,draft_message,0.611,0.089,0.829,0.568,0,low_trust_user
style_synth_02154,send_reminder,0.435,0.45,0.046,0.278,0,risky_irreversible_low_conf
style_synth_02155,draft_message,0.742,0.631,0.354,0.155,1,confident_default_accept
style_synth_02156,send_reminder,0.49,0.386,0.629,0.374,0,low_confidence_default_reject
style_synth_02157,draft_message,0.787,0.328,0.969,0.077,0,confident_default_accept
style_synth_02158,draft_message,0.852,0.222,0.927,0.285,0,low_trust_user
style_synth_02159,draft_message,0.712,0.183,0.562,0.289,0,low_trust_user
style_synth_02160,reorganize_files,0.628,0.615,0.272,0.316,0,risky_irreversible_low_conf
style_synth_02161,pay_bill,0.817,0.355,0.417,0.331,1,confident_default_accept
style_synth_02162,send_reminder,0.856,0.174,0.603,0.426,0,low_trust_user
style_synth_02163,draft_message,0.824,0.478,0.452,0.095,1,confident_default_accept
style_synth_02164,reorganize_files,0.843,0.569,0.466,0.12,1,confident_default_accept
style_synth_02165,reorganize_files,0.526,0.238,0.897,0.274,0,low_trust_user
style_synth_02166,draft_message,0.556,0.442,0.728,0.187,0,low_confidence_default_reject
style_synth_02167,pay_bill,0.84,0.755,0.811,0.447,1,high_trust_high_conf
style_synth_02168,draft_message,0.772,0.584,0.435,0.15,1,confident_default_accept
style_synth_02169,schedule_event,0.833,0.459,0.352,0.394,1,confident_default_accept
style_synth_02170,schedule_event,0.449,0.658,0.188,0.291,0,risky_irreversible_low_conf
style_synth_02171,schedule_event,0.813,0.508,0.916,0.252,1,confident_default_accept
style_synth_02172,draft_message,0.807,0.815,0.268,0.451,0,risky_irreversible_low_conf
style_synth_02173,reorganize_files,0.447,0.374,0.005,0.339,0,risky_irreversible_low_conf
style_synth_02174,pay_bill,0.391,0.7,0.302,0.472,0,low_confidence_default_reject
style_synth_02175,schedule_event,0.761,0.618,0.501,0.468,1,confident_default_accept
style_synth_02176,schedule_event,0.277,0.802,0.26,0.108,0,risky_irreversible_low_conf
style_synth_02177,pay_bill,0.893,0.407,0.132,0.789,0,novel_action_distrust
style_synth_02178,pay_bill,0.966,0.688,0.48,0.492,1,confident_default_accept
style_synth_02179,schedule_event,0.66,0.517,0.557,0.646,0,novel_action_distrust
style_synth_02180,reorganize_files,0.73,0.334,0.341,0.59,1,confident_default_accept
style_synth_02181,pay_bill,0.79,0.432,0.063,0.238,0,risky_irreversible_low_conf
style_synth_02182,send_reminder,0.918,0.709,0.297,0.36,1,high_trust_high_conf
style_synth_02183,reorganize_files,0.881,0.645,0.546,0.045,1,confident_default_accept
style_synth_02184,draft_message,0.817,0.645,0.65,0.351,0,confident_default_accept
style_synth_02185,reorganize_files,0.732,0.629,0.078,0.149,0,risky_irreversible_low_conf
style_synth_02186,pay_bill,0.694,0.817,0.031,0.296,0,risky_irreversible_low_conf
style_synth_02187,reorganize_files,0.823,0.697,0.55,0.27,1,confident_default_accept
style_synth_02188,send_reminder,0.809,0.26,0.362,0.211,0,low_trust_user
style_synth_02189,reorganize_files,0.847,0.552,0.264,0.268,0,risky_irreversible_low_conf
style_synth_02190,send_reminder,0.824,0.393,0.884,0.217,1,confident_default_accept
style_synth_02191,schedule_event,0.883,0.453,0.792,0.237,1,confident_default_accept
style_synth_02192,send_reminder,0.886,0.599,0.162,0.142,1,confident_default_accept
style_synth_02193,draft_message,0.703,0.635,0.682,0.453,1,confident_default_accept
style_synth_02194,schedule_event,0.831,0.816,0.213,0.136,1,risky_irreversible_low_conf
style_synth_02195,pay_bill,0.718,0.573,0.856,0.382,1,confident_default_accept
style_synth_02196,pay_bill,0.799,0.702,0.473,0.245,1,high_trust_high_conf
style_synth_02197,draft_message,0.844,0.466,0.598,0.258,1,confident_default_accept
style_synth_02198,reorganize_files,0.72,0.763,0.01,0.042,0,risky_irreversible_low_conf
style_synth_02199,schedule_event,0.865,0.386,0.453,0.158,1,confident_default_accept
style_synth_02200,draft_message,0.473,0.722,0.986,0.51,0,low_confidence_default_reject
style_synth_02201,schedule_event,0.832,0.721,0.004,0.508,0,risky_irreversible_low_conf
style_synth_02202,send_reminder,0.711,0.637,0.788,0.331,1,confident_default_accept
style_synth_02203,pay_bill,0.733,0.763,0.09,0.145,0,risky_irreversible_low_conf
style_synth_02204,reorganize_files,0.514,0.549,0.201,0.523,0,risky_irreversible_low_conf
style_synth_02205,pay_bill,0.791,0.4,0.214,0.648,0,risky_irreversible_low_conf
style_synth_02206,draft_message,0.741,0.652,0.7,0.524,1,confident_default_accept
style_synth_02207,pay_bill,0.529,0.423,0.978,0.522,0,low_confidence_default_reject
style_synth_02208,pay_bill,0.774,0.623,0.801,0.47,1,confident_default_accept
style_synth_02209,reorganize_files,0.852,0.333,0.321,0.209,0,confident_default_accept
style_synth_02210,schedule_event,0.854,0.675,0.104,0.263,1,confident_default_accept
style_synth_02211,schedule_event,0.719,0.864,0.764,0.329,1,high_trust_high_conf
style_synth_02212,send_reminder,0.913,0.617,0.741,0.155,1,confident_default_accept
style_synth_02213,schedule_event,0.904,0.431,0.197,0.376,1,confident_default_accept
style_synth_02214,schedule_event,0.573,0.683,0.309,0.137,0,low_confidence_default_reject
style_synth_02215,send_reminder,0.9,0.414,0.746,0.299,1,confident_default_accept
style_synth_02216,draft_message,0.842,0.744,0.807,0.179,1,high_trust_high_conf
style_synth_02217,reorganize_files,0.382,0.495,0.999,0.192,0,low_confidence_default_reject
style_synth_02218,pay_bill,0.643,0.656,0.581,0.63,0,novel_action_distrust
style_synth_02219,schedule_event,0.758,0.745,0.27,0.164,1,risky_irreversible_low_conf
style_synth_02220,reorganize_files,0.844,0.56,0.441,0.252,1,confident_default_accept
style_synth_02221,schedule_event,0.558,0.182,0.011,0.218,0,risky_irreversible_low_conf
style_synth_02222,draft_message,0.542,0.531,0.447,0.103,0,low_confidence_default_reject
style_synth_02223,draft_message,0.794,0.473,0.316,0.685,0,novel_action_distrust
style_synth_02224,draft_message,0.929,0.738,0.006,0.451,1,high_trust_high_conf
style_synth_02225,pay_bill,0.722,0.654,0.443,0.073,1,confident_default_accept
style_synth_02226,schedule_event,0.742,0.815,0.06,0.436,0,risky_irreversible_low_conf
style_synth_02227,draft_message,0.76,0.368,0.661,0.783,0,novel_action_distrust
style_synth_02228,pay_bill,0.785,0.474,0.254,0.211,0,risky_irreversible_low_conf
style_synth_02229,send_reminder,0.844,0.712,0.799,0.282,1,high_trust_high_conf
style_synth_02230,draft_message,0.748,0.587,0.092,0.601,0,risky_irreversible_low_conf
style_synth_02231,draft_message,0.533,0.266,0.155,0.3,0,risky_irreversible_low_conf
style_synth_02232,reorganize_files,0.708,0.369,0.206,0.373,0,risky_irreversible_low_conf
style_synth_02233,schedule_event,0.844,0.626,0.425,0.132,1,confident_default_accept
style_synth_02234,draft_message,0.856,0.595,0.857,0.178,1,confident_default_accept
style_synth_02235,pay_bill,0.733,0.63,0.445,0.138,0,confident_default_accept
style_synth_02236,draft_message,0.85,0.726,0.491,0.483,1,high_trust_high_conf
style_synth_02237,reorganize_files,0.531,0.574,0.709,0.333,0,low_confidence_default_reject
style_synth_02238,pay_bill,0.56,0.395,0.645,0.333,0,low_confidence_default_reject
style_synth_02239,send_reminder,0.278,0.381,0.988,0.312,0,low_confidence_default_reject
style_synth_02240,schedule_event,0.697,0.731,0.994,0.481,0,low_confidence_default_reject
style_synth_02241,send_reminder,0.558,0.819,0.074,0.455,0,risky_irreversible_low_conf
style_synth_02242,schedule_event,0.697,0.505,0.141,0.18,0,risky_irreversible_low_conf
style_synth_02243,draft_message,0.987,0.811,0.572,0.333,1,high_trust_high_conf
style_synth_02244,send_reminder,0.767,0.466,0.993,0.358,1,confident_default_accept
style_synth_02245,pay_bill,0.732,0.696,0.746,0.385,1,confident_default_accept
style_synth_02246,send_reminder,0.771,0.66,0.075,0.116,0,risky_irreversible_low_conf
style_synth_02247,draft_message,0.859,0.549,0.589,0.141,1,confident_default_accept
style_synth_02248,send_reminder,0.509,0.538,0.384,0.666,0,novel_action_distrust
style_synth_02249,pay_bill,0.871,0.506,0.05,0.092,0,confident_default_accept
style_synth_02250,send_reminder,0.951,0.589,0.318,0.131,1,confident_default_accept
style_synth_02251,schedule_event,0.823,0.303,0.694,0.491,1,confident_default_accept
style_synth_02252,reorganize_files,0.479,0.121,0.998,0.162,1,low_trust_user
style_synth_02253,schedule_event,0.667,0.598,0.949,0.489,0,low_confidence_default_reject
style_synth_02254,send_reminder,0.849,0.802,0.722,0.694,0,novel_action_distrust
style_synth_02255,schedule_event,0.615,0.325,0.191,0.457,0,risky_irreversible_low_conf
style_synth_02256,reorganize_files,0.742,0.592,0.169,0.147,0,risky_irreversible_low_conf
style_synth_02257,send_reminder,0.557,0.619,0.777,0.099,0,low_confidence_default_reject
style_synth_02258,schedule_event,0.581,0.49,0.738,0.177,0,low_confidence_default_reject
style_synth_02259,draft_message,0.656,0.847,0.044,0.223,0,risky_irreversible_low_conf
style_synth_02260,pay_bill,0.627,0.58,0.665,0.22,1,low_confidence_default_reject
style_synth_02261,send_reminder,0.566,0.371,0.468,0.469,0,low_confidence_default_reject
style_synth_02262,schedule_event,0.664,0.704,0.71,0.174,0,low_confidence_default_reject
style_synth_02263,pay_bill,0.778,0.59,0.433,0.253,1,confident_default_accept
style_synth_02264,send_reminder,0.98,0.305,0.535,0.157,1,confident_default_accept
style_synth_02265,schedule_event,0.947,0.181,0.688,0.324,0,low_trust_user
style_synth_02266,send_reminder,0.825,0.465,0.54,0.105,1,confident_default_accept
style_synth_02267,pay_bill,0.812,0.161,0.318,0.176,0,low_trust_user
style_synth_02268,send_reminder,0.76,0.808,0.133,0.254,0,risky_irreversible_low_conf
style_synth_02269,schedule_event,0.564,0.451,0.819,0.345,0,low_confidence_default_reject
style_synth_02270,send_reminder,0.903,0.703,0.809,0.241,0,high_trust_high_conf
style_synth_02271,draft_message,0.995,0.647,0.276,0.545,0,confident_default_accept
style_synth_02272,draft_message,0.928,0.623,0.015,0.574,1,confident_default_accept
style_synth_02273,draft_message,0.446,0.789,0.895,0.313,0,low_confidence_default_reject
style_synth_02274,schedule_event,0.809,0.432,0.344,0.437,1,confident_default_accept
style_synth_02275,schedule_event,0.704,0.703,0.775,0.05,1,high_trust_high_conf
style_synth_02276,schedule_event,0.719,0.656,0.042,0.354,0,risky_irreversible_low_conf
style_synth_02277,pay_bill,0.634,0.379,0.584,0.245,0,low_confidence_default_reject
style_synth_02278,pay_bill,0.939,0.775,0.813,0.1,1,high_trust_high_conf
style_synth_02279,draft_message,0.691,0.683,0.968,0.383,0,low_confidence_default_reject
style_synth_02280,draft_message,0.602,0.601,0.584,0.197,0,low_confidence_default_reject
style_synth_02281,send_reminder,0.767,0.541,0.518,0.304,1,confident_default_accept
style_synth_02282,draft_message,0.341,0.561,0.546,0.252,0,low_confidence_default_reject
style_synth_02283,pay_bill,0.7,0.606,0.029,0.227,0,risky_irreversible_low_conf
style_synth_02284,send_reminder,0.57,0.594,0.5,0.532,0,low_confidence_default_reject
style_synth_02285,schedule_event,0.873,0.356,0.574,0.019,1,confident_default_accept
style_synth_02286,pay_bill,0.582,0.479,0.023,0.322,0,risky_irreversible_low_conf
style_synth_02287,schedule_event,0.777,0.697,0.618,0.402,1,confident_default_accept
style_synth_02288,draft_message,0.922,0.585,0.06,0.194,1,confident_default_accept
style_synth_02289,send_reminder,0.759,0.23,0.212,0.258,0,risky_irreversible_low_conf
style_synth_02290,pay_bill,0.561,0.437,0.541,0.283,0,low_confidence_default_reject
style_synth_02291,pay_bill,0.661,0.481,0.545,0.509,0,low_confidence_default_reject
style_synth_02292,reorganize_files,0.574,0.805,0.406,0.208,0,low_confidence_default_reject
style_synth_02293,reorganize_files,0.766,0.614,0.573,0.125,1,confident_default_accept
style_synth_02294,draft_message,0.762,0.651,0.928,0.306,1,confident_default_accept
style_synth_02295,pay_bill,0.77,0.533,0.74,0.158,1,confident_default_accept
style_synth_02296,reorganize_files,0.649,0.326,0.41,0.187,0,low_confidence_default_reject
style_synth_02297,reorganize_files,0.702,0.489,0.34,0.113,1,confident_default_accept
style_synth_02298,pay_bill,0.637,0.46,0.315,0.371,0,low_confidence_default_reject
style_synth_02299,pay_bill,0.687,0.7,0.679,0.147,0,low_confidence_default_reject
style_synth_02300,draft_message,0.664,0.518,0.763,0.264,0,low_confidence_default_reject
style_synth_02301,draft_message,0.901,0.594,0.352,0.407,1,confident_default_accept
style_synth_02302,send_reminder,0.819,0.397,0.165,0.293,0,risky_irreversible_low_conf
style_synth_02303,pay_bill,0.338,0.514,0.775,0.205,0,low_confidence_default_reject
style_synth_02304,reorganize_files,0.704,0.663,0.789,0.424,1,confident_default_accept
style_synth_02305,schedule_event,0.412,0.391,0.379,0.179,0,low_confidence_default_reject
style_synth_02306,send_reminder,0.852,0.394,0.568,0.217,1,confident_default_accept
style_synth_02307,draft_message,0.388,0.904,0.414,0.291,0,low_confidence_default_reject
style_synth_02308,draft_message,0.608,0.726,0.209,0.528,0,risky_irreversible_low_conf
style_synth_02309,schedule_event,0.803,0.683,0.554,0.288,1,confident_default_accept
style_synth_02310,draft_message,0.773,0.772,0.179,0.127,0,risky_irreversible_low_conf
style_synth_02311,draft_message,0.54,0.649,0.999,0.444,0,low_confidence_default_reject
style_synth_02312,draft_message,0.769,0.596,0.811,0.332,1,confident_default_accept
style_synth_02313,pay_bill,0.667,0.486,0.803,0.169,0,low_confidence_default_reject
style_synth_02314,draft_message,0.481,0.438,0.774,0.07,0,low_confidence_default_reject
style_synth_02315,reorganize_files,0.853,0.824,0.02,0.241,1,high_trust_high_conf
style_synth_02316,send_reminder,0.907,0.363,0.193,0.454,1,confident_default_accept
style_synth_02317,pay_bill,0.745,0.256,0.187,0.212,0,risky_irreversible_low_conf
style_synth_02318,draft_message,0.4,0.421,0.193,0.128,0,risky_irreversible_low_conf
style_synth_02319,schedule_event,0.659,0.514,0.176,0.233,0,risky_irreversible_low_conf
style_synth_02320,pay_bill,0.715,0.476,0.331,0.308,1,confident_default_accept
style_synth_02321,schedule_event,0.957,0.689,0.278,0.454,1,confident_default_accept
style_synth_02322,reorganize_files,0.875,0.431,0.419,0.372,1,confident_default_accept
style_synth_02323,reorganize_files,0.552,0.87,0.727,0.119,0,low_confidence_default_reject
style_synth_02324,pay_bill,0.48,0.533,0.22,0.196,1,risky_irreversible_low_conf
style_synth_02325,reorganize_files,0.737,0.791,0.479,0.449,1,high_trust_high_conf
style_synth_02326,schedule_event,0.863,0.64,0.431,0.36,1,confident_default_accept
style_synth_02327,schedule_event,0.763,0.402,0.541,0.124,1,confident_default_accept
style_synth_02328,pay_bill,0.716,0.496,0.447,0.101,1,confident_default_accept
style_synth_02329,reorganize_files,0.513,0.718,0.727,0.108,0,low_confidence_default_reject
style_synth_02330,schedule_event,0.751,0.326,0.813,0.383,1,confident_default_accept
style_synth_02331,pay_bill,0.681,0.611,0.796,0.097,0,low_confidence_default_reject
style_synth_02332,schedule_event,0.736,0.779,0.305,0.383,0,high_trust_high_conf
style_synth_02333,schedule_event,0.843,0.507,0.842,0.334,1,confident_default_accept
style_synth_02334,schedule_event,0.742,0.879,0.427,0.402,1,high_trust_high_conf
style_synth_02335,schedule_event,0.924,0.614,0.255,0.305,1,confident_default_accept
style_synth_02336,reorganize_files,0.414,0.336,0.773,0.344,0,low_confidence_default_reject
style_synth_02337,schedule_event,0.524,0.323,0.232,0.291,0,risky_irreversible_low_conf
style_synth_02338,reorganize_files,0.754,0.501,0.371,0.145,1,confident_default_accept
style_synth_02339,schedule_event,0.501,0.617,0.983,0.307,0,low_confidence_default_reject
style_synth_02340,draft_message,0.933,0.574,0.739,0.325,1,confident_default_accept
style_synth_02341,reorganize_files,0.939,0.342,0.044,0.698,0,confident_default_accept
style_synth_02342,send_reminder,0.664,0.7,0.452,0.581,0,low_confidence_default_reject
style_synth_02343,reorganize_files,0.766,0.764,0.203,0.278,0,risky_irreversible_low_conf
style_synth_02344,reorganize_files,0.883,0.462,0.477,0.17,1,confident_default_accept
style_synth_02345,pay_bill,0.741,0.492,0.248,0.137,0,risky_irreversible_low_conf
style_synth_02346,pay_bill,0.8,0.368,0.487,0.512,1,confident_default_accept
style_synth_02347,reorganize_files,0.948,0.497,0.677,0.474,1,confident_default_accept
style_synth_02348,send_reminder,0.95,0.733,0.34,0.043,1,high_trust_high_conf
style_synth_02349,pay_bill,0.816,0.788,0.634,0.189,1,high_trust_high_conf
style_synth_02350,pay_bill,0.615,0.511,0.614,0.323,0,low_confidence_default_reject
style_synth_02351,send_reminder,0.852,0.529,0.973,0.341,1,confident_default_accept
style_synth_02352,draft_message,0.63,0.812,0.714,0.306,0,low_confidence_default_reject
style_synth_02353,pay_bill,0.736,0.419,0.969,0.207,1,confident_default_accept
style_synth_02354,send_reminder,0.901,0.732,0.713,0.552,1,high_trust_high_conf
style_synth_02355,reorganize_files,0.906,0.362,0.751,0.118,1,confident_default_accept
style_synth_02356,send_reminder,0.713,0.791,0.381,0.108,1,high_trust_high_conf
style_synth_02357,schedule_event,0.85,0.63,0.652,0.05,1,confident_default_accept
style_synth_02358,schedule_event,0.948,0.732,0.816,0.098,0,high_trust_high_conf
style_synth_02359,draft_message,0.638,0.689,0.885,0.193,0,low_confidence_default_reject
style_synth_02360,pay_bill,0.91,0.22,0.948,0.177,0,low_trust_user
style_synth_02361,schedule_event,0.646,0.419,0.842,0.232,0,low_confidence_default_reject
style_synth_02362,schedule_event,0.528,0.403,0.019,0.039,0,risky_irreversible_low_conf
style_synth_02363,reorganize_files,0.766,0.684,0.782,0.14,1,confident_default_accept
style_synth_02364,draft_message,0.596,0.65,0.598,0.23,0,low_confidence_default_reject
style_synth_02365,send_reminder,0.768,0.763,0.461,0.429,1,high_trust_high_conf
style_synth_02366,pay_bill,0.842,0.642,0.87,0.314,0,confident_default_accept
style_synth_02367,schedule_event,0.607,0.784,0.227,0.458,0,risky_irreversible_low_conf
style_synth_02368,reorganize_files,0.652,0.557,0.961,0.034,0,low_confidence_default_reject
style_synth_02369,draft_message,0.748,0.384,0.203,0.346,0,risky_irreversible_low_conf
style_synth_02370,send_reminder,0.461,0.413,0.013,0.172,0,risky_irreversible_low_conf
style_synth_02371,schedule_event,0.633,0.4,0.069,0.383,0,risky_irreversible_low_conf
style_synth_02372,send_reminder,0.599,0.53,0.611,0.398,0,low_confidence_default_reject
style_synth_02373,send_reminder,0.503,0.385,0.943,0.21,0,low_confidence_default_reject
style_synth_02374,draft_message,0.758,0.361,0.078,0.608,0,risky_irreversible_low_conf
style_synth_02375,send_reminder,0.75,0.595,0.144,0.139,0,risky_irreversible_low_conf
style_synth_02376,pay_bill,0.639,0.703,0.186,0.428,0,risky_irreversible_low_conf
style_synth_02377,draft_message,0.615,0.836,0.475,0.396,0,low_confidence_default_reject
style_synth_02378,schedule_event,0.569,0.663,0.972,0.458,0,low_confidence_default_reject
style_synth_02379,draft_message,0.668,0.492,0.317,0.497,0,low_confidence_default_reject
style_synth_02380,send_reminder,0.445,0.659,0.676,0.304,0,low_confidence_default_reject
style_synth_02381,draft_message,0.673,0.232,0.15,0.359,0,risky_irreversible_low_conf
style_synth_02382,reorganize_files,0.739,0.544,0.662,0.468,1,confident_default_accept
style_synth_02383,draft_message,0.692,0.537,0.124,0.111,0,risky_irreversible_low_conf
style_synth_02384,reorganize_files,0.624,0.672,0.324,0.129,0,low_confidence_default_reject
style_synth_02385,pay_bill,0.566,0.724,0.019,0.294,0,risky_irreversible_low_conf
style_synth_02386,draft_message,0.693,0.586,0.671,0.126,0,low_confidence_default_reject
style_synth_02387,pay_bill,0.806,0.79,0.434,0.225,1,high_trust_high_conf
style_synth_02388,reorganize_files,0.815,0.93,0.525,0.592,1,high_trust_high_conf
style_synth_02389,reorganize_files,0.648,0.57,0.636,0.655,0,novel_action_distrust
style_synth_02390,pay_bill,0.663,0.412,0.408,0.428,0,low_confidence_default_reject
style_synth_02391,send_reminder,0.697,0.656,0.004,0.584,0,risky_irreversible_low_conf
style_synth_02392,send_reminder,0.662,0.568,0.757,0.123,0,low_confidence_default_reject
style_synth_02393,reorganize_files,0.843,0.304,0.517,0.2,1,confident_default_accept
style_synth_02394,schedule_event,0.476,0.267,0.553,0.091,0,low_trust_user
style_synth_02395,schedule_event,0.837,0.565,0.403,0.134,1,confident_default_accept
style_synth_02396,reorganize_files,0.946,0.489,0.332,0.074,0,confident_default_accept
style_synth_02397,draft_message,0.699,0.372,0.476,0.452,0,low_confidence_default_reject
style_synth_02398,reorganize_files,0.697,0.708,0.074,0.309,0,risky_irreversible_low_conf
style_synth_02399,pay_bill,0.822,0.896,0.479,0.211,1,high_trust_high_conf
style_synth_02400,schedule_event,0.759,0.418,0.003,0.38,0,risky_irreversible_low_conf
style_synth_02401,reorganize_files,0.669,0.479,0.859,0.02,0,low_confidence_default_reject
style_synth_02402,schedule_event,0.714,0.789,0.032,0.352,0,risky_irreversible_low_conf
style_synth_02403,schedule_event,0.712,0.522,0.889,0.528,1,confident_default_accept
style_synth_02404,reorganize_files,0.879,0.701,0.441,0.356,1,high_trust_high_conf
style_synth_02405,send_reminder,0.699,0.404,0.458,0.224,0,low_confidence_default_reject
style_synth_02406,reorganize_files,0.741,0.85,0.855,0.408,1,high_trust_high_conf
style_synth_02407,schedule_event,0.946,0.479,0.138,0.331,1,confident_default_accept
style_synth_02408,send_reminder,0.531,0.366,0.197,0.186,1,risky_irreversible_low_conf
style_synth_02409,pay_bill,0.423,0.82,0.941,0.393,0,low_confidence_default_reject
style_synth_02410,schedule_event,0.655,0.588,0.693,0.136,0,low_confidence_default_reject
style_synth_02411,send_reminder,0.521,0.497,0.163,0.476,0,risky_irreversible_low_conf
style_synth_02412,send_reminder,0.606,0.398,0.841,0.308,0,low_confidence_default_reject
style_synth_02413,send_reminder,0.903,0.468,0.725,0.292,1,confident_default_accept
style_synth_02414,draft_message,0.815,0.483,0.602,0.269,1,confident_default_accept
style_synth_02415,reorganize_files,0.597,0.298,0.882,0.281,0,low_trust_user
style_synth_02416,draft_message,0.996,0.483,0.215,0.254,1,confident_default_accept
style_synth_02417,reorganize_files,0.681,0.475,0.519,0.154,0,low_confidence_default_reject
style_synth_02418,schedule_event,0.817,0.573,0.142,0.41,0,risky_irreversible_low_conf
style_synth_02419,reorganize_files,0.641,0.759,0.803,0.436,0,low_confidence_default_reject
style_synth_02420,reorganize_files,0.659,0.329,0.255,0.154,0,risky_irreversible_low_conf
style_synth_02421,schedule_event,0.759,0.461,0.038,0.13,0,risky_irreversible_low_conf
style_synth_02422,pay_bill,0.732,0.677,0.846,0.381,1,confident_default_accept
style_synth_02423,send_reminder,0.873,0.452,0.02,0.367,1,confident_default_accept
style_synth_02424,reorganize_files,0.642,0.677,0.063,0.368,0,risky_irreversible_low_conf
style_synth_02425,reorganize_files,0.795,0.584,0.064,0.592,0,risky_irreversible_low_conf
style_synth_02426,reorganize_files,0.811,0.207,0.173,0.16,0,risky_irreversible_low_conf
style_synth_02427,draft_message,0.712,0.319,0.748,0.012,1,confident_default_accept
style_synth_02428,send_reminder,0.456,0.334,0.273,0.118,0,risky_irreversible_low_conf
style_synth_02429,pay_bill,0.821,0.734,0.402,0.048,1,high_trust_high_conf
style_synth_02430,draft_message,0.729,0.438,0.764,0.029,1,confident_default_accept
style_synth_02431,pay_bill,0.225,0.861,0.634,0.077,0,low_confidence_default_reject
style_synth_02432,draft_message,0.657,0.361,0.797,0.354,0,low_confidence_default_reject
style_synth_02433,send_reminder,0.742,0.663,0.44,0.25,1,confident_default_accept
style_synth_02434,send_reminder,0.793,0.363,0.643,0.602,0,novel_action_distrust
style_synth_02435,schedule_event,0.862,0.685,0.896,0.303,1,confident_default_accept
style_synth_02436,send_reminder,0.97,0.14,0.887,0.058,0,low_trust_user
style_synth_02437,reorganize_files,0.808,0.582,0.236,0.05,0,risky_irreversible_low_conf
style_synth_02438,schedule_event,0.401,0.483,0.735,0.184,0,low_confidence_default_reject
style_synth_02439,reorganize_files,0.699,0.635,0.42,0.317,0,low_confidence_default_reject
style_synth_02440,pay_bill,0.93,0.414,0.069,0.35,1,confident_default_accept
style_synth_02441,send_reminder,0.853,0.658,0.991,0.259,1,confident_default_accept
style_synth_02442,pay_bill,0.697,0.556,0.161,0.423,0,risky_irreversible_low_conf
style_synth_02443,send_reminder,0.703,0.753,0.678,0.466,1,high_trust_high_conf
style_synth_02444,schedule_event,0.91,0.7,0.603,0.057,1,confident_default_accept
style_synth_02445,send_reminder,0.878,0.4,0.289,0.635,1,novel_action_distrust
style_synth_02446,schedule_event,0.604,0.452,0.805,0.295,0,low_confidence_default_reject
style_synth_02447,pay_bill,0.956,0.524,0.982,0.238,1,confident_default_accept
style_synth_02448,schedule_event,0.607,0.402,0.305,0.611,0,novel_action_distrust
style_synth_02449,reorganize_files,0.704,0.586,0.367,0.102,1,confident_default_accept
style_synth_02450,schedule_event,0.951,0.643,0.831,0.144,1,confident_default_accept
style_synth_02451,reorganize_files,0.659,0.451,0.538,0.507,0,low_confidence_default_reject
style_synth_02452,send_reminder,0.546,0.727,0.882,0.411,0,low_confidence_default_reject
style_synth_02453,schedule_event,0.88,0.411,0.058,0.308,1,confident_default_accept
style_synth_02454,schedule_event,0.616,0.755,0.505,0.094,0,low_confidence_default_reject
style_synth_02455,schedule_event,0.571,0.799,0.639,0.208,0,low_confidence_default_reject
style_synth_02456,draft_message,0.723,0.756,0.902,0.187,1,high_trust_high_conf
style_synth_02457,reorganize_files,0.731,0.643,0.236,0.176,0,risky_irreversible_low_conf
style_synth_02458,draft_message,0.515,0.581,0.14,0.439,0,risky_irreversible_low_conf
style_synth_02459,schedule_event,0.337,0.641,0.104,0.334,0,risky_irreversible_low_conf
style_synth_02460,draft_message,0.911,0.684,0.412,0.279,1,confident_default_accept
style_synth_02461,pay_bill,0.845,0.498,0.683,0.406,1,confident_default_accept
style_synth_02462,send_reminder,0.558,0.539,0.35,0.096,0,low_confidence_default_reject
style_synth_02463,draft_message,0.368,0.316,0.807,0.159,0,low_confidence_default_reject
style_synth_02464,draft_message,0.499,0.493,0.568,0.33,0,low_confidence_default_reject
style_synth_02465,pay_bill,0.861,0.338,0.828,0.517,1,confident_default_accept
style_synth_02466,send_reminder,0.554,0.638,0.605,0.375,0,low_confidence_default_reject
style_synth_02467,draft_message,0.671,0.474,0.991,0.077,0,low_confidence_default_reject
style_synth_02468,send_reminder,0.872,0.68,0.656,0.27,1,confident_default_accept
style_synth_02469,schedule_event,0.885,0.607,0.269,0.4,1,confident_default_accept
style_synth_02470,reorganize_files,0.503,0.778,0.155,0.303,0,risky_irreversible_low_conf
style_synth_02471,pay_bill,0.744,0.558,0.324,0.486,1,confident_default_accept
style_synth_02472,pay_bill,0.671,0.558,0.816,0.081,0,low_confidence_default_reject
style_synth_02473,send_reminder,0.603,0.499,0.057,0.339,1,risky_irreversible_low_conf
style_synth_02474,reorganize_files,0.748,0.486,0.851,0.136,1,confident_default_accept
style_synth_02475,draft_message,0.682,0.325,0.78,0.182,0,low_confidence_default_reject
style_synth_02476,schedule_event,0.792,0.445,0.763,0.432,1,confident_default_accept
style_synth_02477,pay_bill,0.943,0.551,0.111,0.596,1,confident_default_accept
style_synth_02478,draft_message,0.988,0.813,0.448,0.053,1,high_trust_high_conf
style_synth_02479,reorganize_files,0.827,0.469,0.439,0.306,1,confident_default_accept
style_synth_02480,reorganize_files,0.775,0.443,0.868,0.354,1,confident_default_accept
style_synth_02481,send_reminder,0.834,0.708,0.557,0.241,1,high_trust_high_conf
style_synth_02482,send_reminder,0.754,0.644,0.641,0.27,1,confident_default_accept
style_synth_02483,send_reminder,0.636,0.12,0.035,0.287,0,risky_irreversible_low_conf
style_synth_02484,draft_message,0.744,0.563,0.364,0.419,1,confident_default_accept
style_synth_02485,schedule_event,0.93,0.573,0.52,0.575,1,confident_default_accept
style_synth_02486,pay_bill,0.656,0.691,0.995,0.115,0,low_confidence_default_reject
style_synth_02487,pay_bill,0.701,0.697,0.701,0.31,1,confident_default_accept
style_synth_02488,send_reminder,0.881,0.431,0.447,0.231,1,confident_default_accept
style_synth_02489,schedule_event,0.646,0.322,0.532,0.601,0,novel_action_distrust
style_synth_02490,reorganize_files,0.66,0.616,0.21,0.55,0,risky_irreversible_low_conf
style_synth_02491,pay_bill,0.673,0.891,0.289,0.104,0,risky_irreversible_low_conf
style_synth_02492,reorganize_files,0.863,0.645,0.701,0.176,0,confident_default_accept
style_synth_02493,send_reminder,0.822,0.077,0.074,0.166,0,risky_irreversible_low_conf
style_synth_02494,pay_bill,0.533,0.371,0.854,0.148,0,low_confidence_default_reject
style_synth_02495,schedule_event,0.548,0.323,0.287,0.348,0,risky_irreversible_low_conf
style_synth_02496,draft_message,0.959,0.45,0.913,0.102,0,confident_default_accept
style_synth_02497,reorganize_files,0.419,0.551,0.59,0.073,0,low_confidence_default_reject
style_synth_02498,reorganize_files,0.609,0.739,0.826,0.875,0,novel_action_distrust
style_synth_02499,pay_bill,0.647,0.514,0.333,0.287,0,low_confidence_default_reject
style_synth_02500,schedule_event,0.755,0.776,0.042,0.232,0,risky_irreversible_low_conf
style_synth_02501,schedule_event,0.819,0.542,0.079,0.256,0,risky_irreversible_low_conf
style_synth_02502,schedule_event,0.859,0.95,0.636,0.202,0,high_trust_high_conf
style_synth_02503,pay_bill,0.883,0.559,0.641,0.43,1,confident_default_accept
style_synth_02504,pay_bill,0.903,0.474,0.488,0.167,1,confident_default_accept
style_synth_02505,send_reminder,0.955,0.606,0.237,0.112,1,confident_default_accept
style_synth_02506,reorganize_files,0.743,0.803,0.291,0.458,0,risky_irreversible_low_conf
style_synth_02507,pay_bill,0.625,0.602,0.166,0.401,0,risky_irreversible_low_conf
style_synth_02508,schedule_event,0.944,0.549,0.278,0.1,0,confident_default_accept
style_synth_02509,send_reminder,0.702,0.721,0.643,0.137,1,high_trust_high_conf
style_synth_02510,pay_bill,0.611,0.409,0.609,0.197,0,low_confidence_default_reject
style_synth_02511,reorganize_files,0.67,0.711,0.698,0.009,0,low_confidence_default_reject
style_synth_02512,draft_message,0.618,0.795,0.269,0.148,1,risky_irreversible_low_conf
style_synth_02513,reorganize_files,0.887,0.624,0.13,0.341,1,confident_default_accept
style_synth_02514,schedule_event,0.95,0.683,0.072,0.271,0,confident_default_accept
style_synth_02515,send_reminder,0.698,0.643,0.171,0.139,0,risky_irreversible_low_conf
style_synth_02516,reorganize_files,0.707,0.152,0.832,0.16,0,low_trust_user
style_synth_02517,schedule_event,0.747,0.185,0.968,0.142,0,low_trust_user
style_synth_02518,reorganize_files,0.677,0.469,0.163,0.327,0,risky_irreversible_low_conf
style_synth_02519,schedule_event,0.94,0.627,0.942,0.106,1,confident_default_accept
style_synth_02520,schedule_event,0.425,0.697,0.293,0.391,1,risky_irreversible_low_conf
style_synth_02521,reorganize_files,0.671,0.74,0.37,0.398,0,low_confidence_default_reject
style_synth_02522,reorganize_files,0.62,0.835,0.266,0.262,0,risky_irreversible_low_conf
style_synth_02523,pay_bill,0.916,0.311,0.263,0.46,1,confident_default_accept
style_synth_02524,draft_message,0.916,0.559,0.926,0.223,1,confident_default_accept
style_synth_02525,send_reminder,0.726,0.23,0.782,0.679,0,novel_action_distrust
style_synth_02526,schedule_event,0.323,0.728,0.994,0.218,0,low_confidence_default_reject
style_synth_02527,reorganize_files,0.748,0.693,0.405,0.242,1,confident_default_accept
style_synth_02528,send_reminder,0.953,0.503,0.819,0.148,1,confident_default_accept
style_synth_02529,reorganize_files,0.597,0.866,0.886,0.224,0,low_confidence_default_reject
style_synth_02530,reorganize_files,0.736,0.277,0.843,0.226,0,low_trust_user
style_synth_02531,reorganize_files,0.87,0.761,0.946,0.368,1,high_trust_high_conf
style_synth_02532,reorganize_files,0.777,0.672,0.643,0.224,1,confident_default_accept
style_synth_02533,schedule_event,0.942,0.602,0.591,0.167,1,confident_default_accept
style_synth_02534,schedule_event,0.579,0.523,0.699,0.309,0,low_confidence_default_reject
style_synth_02535,schedule_event,0.734,0.741,0.522,0.359,1,high_trust_high_conf
style_synth_02536,schedule_event,0.952,0.769,0.642,0.184,1,high_trust_high_conf
style_synth_02537,pay_bill,0.964,0.462,0.059,0.27,1,confident_default_accept
style_synth_02538,reorganize_files,0.769,0.452,0.979,0.324,1,confident_default_accept
style_synth_02539,schedule_event,0.752,0.88,0.01,0.264,0,risky_irreversible_low_conf
style_synth_02540,reorganize_files,0.686,0.79,0.59,0.272,0,low_confidence_default_reject
style_synth_02541,pay_bill,0.586,0.878,0.648,0.231,0,low_confidence_default_reject
style_synth_02542,schedule_event,0.815,0.67,0.585,0.543,1,confident_default_accept
style_synth_02543,send_reminder,0.624,0.592,0.441,0.141,0,low_confidence_default_reject
style_synth_02544,send_reminder,0.489,0.635,0.218,0.18,0,risky_irreversible_low_conf
style_synth_02545,pay_bill,0.562,0.822,0.426,0.353,0,low_confidence_default_reject
style_synth_02546,pay_bill,0.82,0.718,0.251,0.308,0,risky_irreversible_low_conf
style_synth_02547,schedule_event,0.744,0.587,0.391,0.071,1,confident_default_accept
style_synth_02548,send_reminder,0.934,0.457,0.991,0.283,1,confident_default_accept
style_synth_02549,schedule_event,0.873,0.488,0.646,0.318,1,confident_default_accept
style_synth_02550,send_reminder,0.724,0.838,0.309,0.204,1,high_trust_high_conf
style_synth_02551,schedule_event,0.778,0.972,0.19,0.26,0,risky_irreversible_low_conf
style_synth_02552,reorganize_files,0.813,0.562,0.472,0.056,1,confident_default_accept
style_synth_02553,pay_bill,0.636,0.481,0.417,0.3,0,low_confidence_default_reject
style_synth_02554,reorganize_files,0.759,0.791,0.026,0.443,0,risky_irreversible_low_conf
style_synth_02555,draft_message,0.684,0.758,0.886,0.226,0,low_confidence_default_reject
style_synth_02556,reorganize_files,0.634,0.625,0.014,0.47,0,risky_irreversible_low_conf
style_synth_02557,reorganize_files,0.886,0.374,0.358,0.516,1,confident_default_accept
style_synth_02558,schedule_event,0.419,0.447,0.331,0.404,0,low_confidence_default_reject
style_synth_02559,send_reminder,0.541,0.211,0.899,0.223,0,low_trust_user
style_synth_02560,schedule_event,0.415,0.491,0.385,0.341,0,low_confidence_default_reject
style_synth_02561,send_reminder,0.505,0.435,0.445,0.203,0,low_confidence_default_reject
style_synth_02562,schedule_event,0.63,0.353,0.691,0.063,0,low_confidence_default_reject
style_synth_02563,draft_message,0.731,0.684,0.393,0.113,1,confident_default_accept
style_synth_02564,draft_message,0.74,0.58,0.519,0.463,1,confident_default_accept
style_synth_02565,pay_bill,0.807,0.836,0.239,0.271,0,risky_irreversible_low_conf
style_synth_02566,schedule_event,0.406,0.665,0.782,0.038,0,low_confidence_default_reject
style_synth_02567,schedule_event,0.675,0.652,0.161,0.221,0,risky_irreversible_low_conf
style_synth_02568,pay_bill,0.662,0.765,0.669,0.137,1,low_confidence_default_reject
style_synth_02569,schedule_event,0.823,0.783,0.899,0.223,1,high_trust_high_conf
style_synth_02570,pay_bill,0.735,0.389,0.508,0.189,1,confident_default_accept
style_synth_02571,pay_bill,0.785,0.717,0.761,0.322,1,high_trust_high_conf
style_synth_02572,schedule_event,0.733,0.787,0.723,0.264,1,high_trust_high_conf
style_synth_02573,schedule_event,0.37,0.7,0.984,0.063,0,low_confidence_default_reject
style_synth_02574,send_reminder,0.566,0.333,0.27,0.172,0,risky_irreversible_low_conf
style_synth_02575,draft_message,0.746,0.632,0.739,0.559,1,confident_default_accept
style_synth_02576,schedule_event,0.661,0.617,0.317,0.232,0,low_confidence_default_reject
style_synth_02577,draft_message,0.771,0.802,0.824,0.419,1,high_trust_high_conf
style_synth_02578,draft_message,0.824,0.845,0.414,0.246,1,high_trust_high_conf
style_synth_02579,reorganize_files,0.7,0.522,0.969,0.052,0,low_confidence_default_reject
style_synth_02580,draft_message,0.876,0.747,0.892,0.262,1,high_trust_high_conf
style_synth_02581,schedule_event,0.608,0.536,0.4,0.157,0,low_confidence_default_reject
style_synth_02582,send_reminder,0.701,0.426,0.014,0.516,0,risky_irreversible_low_conf
style_synth_02583,draft_message,0.655,0.883,0.206,0.299,0,risky_irreversible_low_conf
style_synth_02584,reorganize_files,0.607,0.43,0.118,0.138,0,risky_irreversible_low_conf
style_synth_02585,reorganize_files,0.973,0.467,0.85,0.112,1,confident_default_accept
style_synth_02586,draft_message,0.624,0.796,0.155,0.439,0,risky_irreversible_low_conf
style_synth_02587,schedule_event,0.901,0.502,0.885,0.305,0,confident_default_accept
style_synth_02588,reorganize_files,0.913,0.522,0.845,0.149,1,confident_default_accept
style_synth_02589,draft_message,0.763,0.309,0.388,0.247,1,confident_default_accept
style_synth_02590,send_reminder,0.326,0.418,0.571,0.274,0,low_confidence_default_reject
style_synth_02591,pay_bill,0.7,0.505,0.287,0.498,0,risky_irreversible_low_conf
style_synth_02592,draft_message,0.75,0.596,0.975,0.295,1,confident_default_accept
style_synth_02593,schedule_event,0.797,0.502,0.06,0.117,0,risky_irreversible_low_conf
style_synth_02594,pay_bill,0.597,0.418,0.516,0.197,0,low_confidence_default_reject
style_synth_02595,reorganize_files,0.796,0.412,0.185,0.194,0,risky_irreversible_low_conf
style_synth_02596,draft_message,0.851,0.824,0.466,0.315,1,high_trust_high_conf
style_synth_02597,reorganize_files,0.685,0.648,0.452,0.514,0,low_confidence_default_reject
style_synth_02598,schedule_event,0.638,0.36,0.128,0.059,0,risky_irreversible_low_conf
style_synth_02599,schedule_event,0.748,0.752,0.808,0.089,1,high_trust_high_conf
style_synth_02600,reorganize_files,0.704,0.458,0.114,0.272,1,risky_irreversible_low_conf
style_synth_02601,schedule_event,0.513,0.627,0.401,0.207,0,low_confidence_default_reject
style_synth_02602,draft_message,0.536,0.668,0.281,0.234,1,risky_irreversible_low_conf
style_synth_02603,reorganize_files,0.736,0.372,0.774,0.4,1,confident_default_accept
style_synth_02604,pay_bill,0.922,0.564,0.539,0.147,1,confident_default_accept
style_synth_02605,reorganize_files,0.713,0.834,0.102,0.288,0,risky_irreversible_low_conf
style_synth_02606,draft_message,0.657,0.572,0.46,0.545,1,low_confidence_default_reject
style_synth_02607,schedule_event,0.341,0.478,0.638,0.358,0,low_confidence_default_reject
style_synth_02608,draft_message,0.691,0.272,0.749,0.159,0,low_trust_user
style_synth_02609,pay_bill,0.972,0.756,0.714,0.11,1,high_trust_high_conf
style_synth_02610,pay_bill,0.923,0.385,0.839,0.573,1,confident_default_accept
style_synth_02611,draft_message,0.533,0.704,0.253,0.409,0,risky_irreversible_low_conf
style_synth_02612,schedule_event,0.669,0.586,0.83,0.209,0,low_confidence_default_reject
style_synth_02613,reorganize_files,0.519,0.588,0.033,0.602,1,risky_irreversible_low_conf
style_synth_02614,reorganize_files,0.672,0.661,0.932,0.325,0,low_confidence_default_reject
style_synth_02615,reorganize_files,0.616,0.532,0.172,0.223,1,risky_irreversible_low_conf
style_synth_02616,draft_message,0.833,0.353,0.25,0.025,0,risky_irreversible_low_conf
style_synth_02617,reorganize_files,0.717,0.564,0.132,0.206,1,risky_irreversible_low_conf
style_synth_02618,reorganize_files,0.896,0.475,0.294,0.237,1,confident_default_accept
style_synth_02619,schedule_event,0.617,0.544,0.168,0.737,0,risky_irreversible_low_conf
style_synth_02620,draft_message,0.814,0.382,0.071,0.109,0,risky_irreversible_low_conf
style_synth_02621,pay_bill,0.72,0.733,0.071,0.265,0,risky_irreversible_low_conf
style_synth_02622,reorganize_files,0.846,0.607,0.585,0.206,1,confident_default_accept
style_synth_02623,pay_bill,0.488,0.754,0.024,0.153,0,risky_irreversible_low_conf
style_synth_02624,send_reminder,0.579,0.567,0.216,0.385,0,risky_irreversible_low_conf
style_synth_02625,pay_bill,0.691,0.338,0.126,0.233,0,risky_irreversible_low_conf
style_synth_02626,send_reminder,0.924,0.559,0.346,0.242,1,confident_default_accept
style_synth_02627,schedule_event,0.598,0.894,0.394,0.187,0,low_confidence_default_reject
style_synth_02628,pay_bill,0.877,0.599,0.185,0.157,1,confident_default_accept
style_synth_02629,send_reminder,0.568,0.375,0.815,0.36,0,low_confidence_default_reject
style_synth_02630,draft_message,0.617,0.469,0.305,0.489,0,low_confidence_default_reject
style_synth_02631,reorganize_files,0.819,0.66,0.054,0.226,0,risky_irreversible_low_conf
style_synth_02632,schedule_event,0.727,0.392,0.585,0.372,1,confident_default_accept
style_synth_02633,send_reminder,0.829,0.67,0.852,0.131,1,confident_default_accept
style_synth_02634,draft_message,0.331,0.254,0.841,0.121,0,low_trust_user
style_synth_02635,schedule_event,0.849,0.721,0.015,0.428,0,risky_irreversible_low_conf
style_synth_02636,draft_message,0.445,0.468,0.065,0.563,0,risky_irreversible_low_conf
style_synth_02637,draft_message,0.7,0.754,0.133,0.396,0,risky_irreversible_low_conf
style_synth_02638,draft_message,0.64,0.615,0.972,0.351,0,low_confidence_default_reject
style_synth_02639,reorganize_files,0.327,0.392,0.386,0.339,0,low_confidence_default_reject
style_synth_02640,pay_bill,0.682,0.218,0.108,0.43,0,risky_irreversible_low_conf
style_synth_02641,reorganize_files,0.839,0.372,0.645,0.464,1,confident_default_accept
style_synth_02642,schedule_event,0.795,0.724,0.326,0.017,1,high_trust_high_conf
style_synth_02643,send_reminder,0.886,0.595,0.589,0.102,1,confident_default_accept
style_synth_02644,schedule_event,0.784,0.534,0.523,0.236,1,confident_default_accept
style_synth_02645,send_reminder,0.722,0.643,0.871,0.293,1,confident_default_accept
style_synth_02646,reorganize_files,0.902,0.744,0.196,0.403,1,high_trust_high_conf
style_synth_02647,reorganize_files,0.602,0.458,0.807,0.223,0,low_confidence_default_reject
style_synth_02648,send_reminder,0.599,0.324,0.447,0.135,0,low_confidence_default_reject
style_synth_02649,send_reminder,0.841,0.748,0.311,0.147,1,high_trust_high_conf
style_synth_02650,draft_message,0.598,0.459,0.814,0.155,0,low_confidence_default_reject
style_synth_02651,draft_message,0.474,0.776,0.228,0.361,0,risky_irreversible_low_conf
style_synth_02652,send_reminder,0.882,0.643,0.179,0.171,1,confident_default_accept
style_synth_02653,schedule_event,0.838,0.868,0.915,0.27,1,high_trust_high_conf
style_synth_02654,draft_message,0.754,0.405,0.308,0.632,0,novel_action_distrust
style_synth_02655,draft_message,0.703,0.305,0.771,0.233,1,confident_default_accept
style_synth_02656,send_reminder,0.639,0.841,0.651,0.037,0,low_confidence_default_reject
style_synth_02657,pay_bill,0.772,0.346,0.521,0.267,1,confident_default_accept
style_synth_02658,schedule_event,0.301,0.458,0.45,0.186,0,low_confidence_default_reject
style_synth_02659,pay_bill,0.694,0.5,0.306,0.254,0,low_confidence_default_reject
style_synth_02660,draft_message,0.678,0.626,0.376,0.157,0,low_confidence_default_reject
style_synth_02661,schedule_event,0.434,0.361,0.295,0.315,0,risky_irreversible_low_conf
style_synth_02662,send_reminder,0.8,0.351,0.634,0.191,1,confident_default_accept
style_synth_02663,schedule_event,0.889,0.658,0.679,0.146,1,confident_default_accept
style_synth_02664,pay_bill,0.896,0.613,0.508,0.039,1,confident_default_accept
style_synth_02665,send_reminder,0.753,0.743,0.426,0.278,1,high_trust_high_conf
style_synth_02666,send_reminder,0.782,0.412,0.562,0.159,1,confident_default_accept
style_synth_02667,schedule_event,0.689,0.742,0.498,0.265,0,low_confidence_default_reject
style_synth_02668,pay_bill,0.772,0.55,0.323,0.337,1,confident_default_accept
style_synth_02669,schedule_event,0.516,0.714,0.005,0.231,0,risky_irreversible_low_conf
style_synth_02670,draft_message,0.864,0.478,0.407,0.025,1,confident_default_accept
style_synth_02671,pay_bill,0.806,0.48,0.163,0.412,0,risky_irreversible_low_conf
style_synth_02672,pay_bill,0.534,0.676,0.243,0.156,0,risky_irreversible_low_conf
style_synth_02673,send_reminder,0.876,0.498,0.57,0.316,1,confident_default_accept
style_synth_02674,draft_message,0.457,0.632,0.68,0.081,0,low_confidence_default_reject
style_synth_02675,reorganize_files,0.777,0.343,0.424,0.034,0,confident_default_accept
style_synth_02676,schedule_event,0.738,0.553,0.962,0.091,1,confident_default_accept
style_synth_02677,pay_bill,0.747,0.378,0.676,0.552,1,confident_default_accept
style_synth_02678,send_reminder,0.488,0.481,0.121,0.079,0,risky_irreversible_low_conf
style_synth_02679,schedule_event,0.849,0.325,0.76,0.29,1,confident_default_accept
style_synth_02680,draft_message,0.608,0.656,0.671,0.518,0,low_confidence_default_reject
style_synth_02681,schedule_event,0.386,0.228,0.584,0.297,0,low_trust_user
style_synth_02682,pay_bill,0.649,0.558,0.592,0.067,0,low_confidence_default_reject
style_synth_02683,schedule_event,0.481,0.864,0.796,0.525,0,low_confidence_default_reject
style_synth_02684,reorganize_files,0.373,0.491,0.813,0.291,0,low_confidence_default_reject
style_synth_02685,pay_bill,0.948,0.616,0.604,0.276,1,confident_default_accept
style_synth_02686,draft_message,0.943,0.815,0.632,0.362,0,high_trust_high_conf
style_synth_02687,schedule_event,0.514,0.813,0.276,0.213,0,risky_irreversible_low_conf
style_synth_02688,draft_message,0.771,0.402,0.156,0.541,0,risky_irreversible_low_conf
style_synth_02689,schedule_event,0.866,0.738,0.636,0.515,1,high_trust_high_conf
style_synth_02690,pay_bill,0.854,0.524,0.82,0.136,1,confident_default_accept
style_synth_02691,send_reminder,0.493,0.699,0.055,0.339,0,risky_irreversible_low_conf
style_synth_02692,draft_message,0.645,0.771,0.363,0.253,0,low_confidence_default_reject
style_synth_02693,send_reminder,0.76,0.495,0.294,0.166,0,risky_irreversible_low_conf
style_synth_02694,send_reminder,0.727,0.59,0.763,0.329,1,confident_default_accept
style_synth_02695,schedule_event,0.786,0.912,0.069,0.284,1,risky_irreversible_low_conf
style_synth_02696,reorganize_files,0.533,0.695,0.097,0.311,0,risky_irreversible_low_conf
style_synth_02697,pay_bill,0.53,0.849,0.523,0.378,0,low_confidence_default_reject
style_synth_02698,schedule_event,0.539,0.479,0.56,0.272,0,low_confidence_default_reject
style_synth_02699,draft_message,0.819,0.508,0.625,0.106,1,confident_default_accept
style_synth_02700,draft_message,0.36,0.191,0.46,0.184,1,low_trust_user
style_synth_02701,send_reminder,0.852,0.851,0.167,0.257,1,high_trust_high_conf
style_synth_02702,schedule_event,0.581,0.655,0.384,0.372,0,low_confidence_default_reject
style_synth_02703,schedule_event,0.557,0.581,0.931,0.243,0,low_confidence_default_reject
style_synth_02704,pay_bill,0.707,0.765,0.411,0.362,1,high_trust_high_conf
style_synth_02705,reorganize_files,0.871,0.476,0.227,0.106,1,confident_default_accept
style_synth_02706,pay_bill,0.7,0.878,0.955,0.165,0,low_confidence_default_reject
style_synth_02707,pay_bill,0.829,0.537,0.279,0.246,0,risky_irreversible_low_conf
style_synth_02708,send_reminder,0.718,0.702,0.39,0.259,1,high_trust_high_conf
style_synth_02709,draft_message,0.539,0.641,0.375,0.102,0,low_confidence_default_reject
style_synth_02710,schedule_event,0.547,0.738,0.046,0.292,0,risky_irreversible_low_conf
style_synth_02711,pay_bill,0.696,0.626,0.465,0.584,0,low_confidence_default_reject
style_synth_02712,send_reminder,0.829,0.446,0.613,0.26,1,confident_default_accept
style_synth_02713,draft_message,0.605,0.538,0.256,0.246,0,risky_irreversible_low_conf
style_synth_02714,reorganize_files,0.885,0.717,0.886,0.111,1,high_trust_high_conf
style_synth_02715,pay_bill,0.946,0.61,0.439,0.078,1,confident_default_accept
style_synth_02716,draft_message,0.915,0.733,0.204,0.196,1,high_trust_high_conf
style_synth_02717,schedule_event,0.561,0.56,0.97,0.27,0,low_confidence_default_reject
style_synth_02718,schedule_event,0.816,0.87,0.078,0.408,0,risky_irreversible_low_conf
style_synth_02719,reorganize_files,0.791,0.68,0.143,0.265,0,risky_irreversible_low_conf
style_synth_02720,schedule_event,0.854,0.837,0.37,0.418,1,high_trust_high_conf
style_synth_02721,reorganize_files,0.633,0.736,0.169,0.141,1,risky_irreversible_low_conf
style_synth_02722,schedule_event,0.745,0.738,0.726,0.106,0,high_trust_high_conf
style_synth_02723,schedule_event,0.881,0.508,0.744,0.292,1,confident_default_accept
style_synth_02724,send_reminder,0.505,0.314,0.327,0.352,0,low_confidence_default_reject
style_synth_02725,draft_message,0.652,0.963,0.294,0.215,0,risky_irreversible_low_conf
style_synth_02726,send_reminder,0.466,0.456,0.616,0.111,0,low_confidence_default_reject
style_synth_02727,reorganize_files,0.822,0.839,0.299,0.235,0,risky_irreversible_low_conf
style_synth_02728,reorganize_files,0.757,0.367,0.651,0.332,1,confident_default_accept
style_synth_02729,reorganize_files,0.35,0.554,0.909,0.144,0,low_confidence_default_reject
style_synth_02730,pay_bill,0.484,0.537,0.146,0.21,0,risky_irreversible_low_conf
style_synth_02731,draft_message,0.862,0.427,0.73,0.589,1,confident_default_accept
style_synth_02732,draft_message,0.759,0.721,0.306,0.158,1,high_trust_high_conf
style_synth_02733,send_reminder,0.777,0.518,0.665,0.393,1,confident_default_accept
style_synth_02734,send_reminder,0.548,0.621,0.356,0.418,0,low_confidence_default_reject
style_synth_02735,send_reminder,0.539,0.398,0.898,0.554,0,low_confidence_default_reject
style_synth_02736,send_reminder,0.919,0.287,0.062,0.43,0,low_trust_user
style_synth_02737,reorganize_files,0.519,0.531,0.554,0.544,0,low_confidence_default_reject
style_synth_02738,reorganize_files,0.892,0.253,0.229,0.205,0,low_trust_user
style_synth_02739,schedule_event,0.807,0.817,0.995,0.302,1,high_trust_high_conf
style_synth_02740,pay_bill,0.812,0.357,0.311,0.056,1,confident_default_accept
style_synth_02741,send_reminder,0.846,0.761,0.817,0.372,1,high_trust_high_conf
style_synth_02742,draft_message,0.565,0.797,0.473,0.336,0,low_confidence_default_reject
style_synth_02743,schedule_event,0.721,0.804,0.785,0.23,1,high_trust_high_conf
style_synth_02744,schedule_event,0.916,0.59,0.866,0.238,1,confident_default_accept
style_synth_02745,pay_bill,0.763,0.897,0.095,0.182,0,risky_irreversible_low_conf
style_synth_02746,pay_bill,0.787,0.44,0.495,0.143,1,confident_default_accept
style_synth_02747,send_reminder,0.942,0.579,0.331,0.191,1,confident_default_accept
style_synth_02748,pay_bill,0.782,0.516,0.558,0.133,1,confident_default_accept
style_synth_02749,reorganize_files,0.6,0.671,0.642,0.365,0,low_confidence_default_reject
style_synth_02750,send_reminder,0.691,0.873,0.843,0.505,0,low_confidence_default_reject
style_synth_02751,draft_message,0.815,0.67,0.8,0.253,1,confident_default_accept
style_synth_02752,draft_message,0.779,0.761,0.899,0.383,1,high_trust_high_conf
style_synth_02753,schedule_event,0.843,0.815,0.04,0.218,0,risky_irreversible_low_conf
style_synth_02754,schedule_event,0.487,0.287,0.936,0.639,0,novel_action_distrust
style_synth_02755,reorganize_files,0.786,0.26,0.26,0.116,0,risky_irreversible_low_conf
style_synth_02756,reorganize_files,0.846,0.678,0.887,0.091,1,confident_default_accept
style_synth_02757,schedule_event,0.696,0.567,0.332,0.204,0,low_confidence_default_reject
style_synth_02758,schedule_event,0.622,0.48,0.334,0.517,0,low_confidence_default_reject
style_synth_02759,reorganize_files,0.787,0.223,0.569,0.084,0,low_trust_user
style_synth_02760,reorganize_files,0.852,0.513,0.437,0.192,1,confident_default_accept
style_synth_02761,draft_message,0.68,0.837,0.784,0.05,0,low_confidence_default_reject
style_synth_02762,send_reminder,0.688,0.525,0.709,0.198,0,low_confidence_default_reject
style_synth_02763,send_reminder,0.649,0.6,0.9,0.268,0,low_confidence_default_reject
style_synth_02764,send_reminder,0.676,0.855,0.266,0.364,0,risky_irreversible_low_conf
style_synth_02765,pay_bill,0.653,0.678,0.897,0.366,0,low_confidence_default_reject
style_synth_02766,pay_bill,0.779,0.717,0.862,0.092,1,high_trust_high_conf
style_synth_02767,send_reminder,0.534,0.672,0.92,0.146,0,low_confidence_default_reject
style_synth_02768,pay_bill,0.716,0.798,0.508,0.416,1,high_trust_high_conf
style_synth_02769,draft_message,0.72,0.709,0.292,0.361,0,risky_irreversible_low_conf
style_synth_02770,reorganize_files,0.873,0.838,0.649,0.339,1,high_trust_high_conf
style_synth_02771,send_reminder,0.756,0.886,0.385,0.204,1,high_trust_high_conf
style_synth_02772,draft_message,0.466,0.512,0.249,0.176,0,risky_irreversible_low_conf
style_synth_02773,pay_bill,0.95,0.426,0.143,0.434,1,confident_default_accept
style_synth_02774,pay_bill,0.714,0.636,0.512,0.139,1,confident_default_accept
style_synth_02775,send_reminder,0.53,0.242,0.048,0.531,0,risky_irreversible_low_conf
style_synth_02776,pay_bill,0.404,0.779,0.149,0.083,0,risky_irreversible_low_conf
style_synth_02777,reorganize_files,0.64,0.496,0.734,0.054,0,low_confidence_default_reject
style_synth_02778,draft_message,0.719,0.633,0.225,0.109,0,risky_irreversible_low_conf
style_synth_02779,schedule_event,0.677,0.532,0.351,0.054,0,low_confidence_default_reject
style_synth_02780,pay_bill,0.55,0.809,0.591,0.56,0,low_confidence_default_reject
style_synth_02781,schedule_event,0.763,0.359,0.161,0.199,0,risky_irreversible_low_conf
style_synth_02782,pay_bill,0.182,0.607,0.287,0.503,0,risky_irreversible_low_conf
style_synth_02783,send_reminder,0.831,0.467,0.008,0.45,0,risky_irreversible_low_conf
style_synth_02784,reorganize_files,0.443,0.677,0.694,0.176,0,low_confidence_default_reject
style_synth_02785,send_reminder,0.755,0.712,0.306,0.219,1,high_trust_high_conf
style_synth_02786,reorganize_files,0.588,0.459,0.481,0.109,0,low_confidence_default_reject
style_synth_02787,draft_message,0.506,0.673,0.757,0.56,0,low_confidence_default_reject
style_synth_02788,reorganize_files,0.899,0.52,0.123,0.205,1,confident_default_accept
style_synth_02789,reorganize_files,0.469,0.806,0.49,0.587,1,low_confidence_default_reject
style_synth_02790,send_reminder,0.687,0.876,0.78,0.186,0,low_confidence_default_reject
style_synth_02791,pay_bill,0.746,0.534,0.962,0.345,1,confident_default_accept
style_synth_02792,send_reminder,0.511,0.858,0.486,0.115,0,low_confidence_default_reject
style_synth_02793,draft_message,0.894,0.631,0.58,0.05,1,confident_default_accept
style_synth_02794,reorganize_files,0.864,0.688,0.465,0.375,1,confident_default_accept
style_synth_02795,draft_message,0.976,0.725,0.933,0.647,1,high_trust_high_conf
style_synth_02796,send_reminder,0.455,0.747,0.951,0.13,0,low_confidence_default_reject
style_synth_02797,schedule_event,0.674,0.737,0.87,0.171,0,low_confidence_default_reject
style_synth_02798,schedule_event,0.615,0.675,0.873,0.261,0,low_confidence_default_reject
style_synth_02799,draft_message,0.544,0.27,0.498,0.131,0,low_trust_user
style_synth_02800,draft_message,0.681,0.813,0.436,0.262,0,low_confidence_default_reject
style_synth_02801,send_reminder,0.816,0.811,0.564,0.209,1,high_trust_high_conf
style_synth_02802,draft_message,0.971,0.69,0.839,0.06,1,confident_default_accept
style_synth_02803,reorganize_files,0.728,0.775,0.132,0.254,0,risky_irreversible_low_conf
style_synth_02804,send_reminder,0.786,0.419,0.56,0.268,0,confident_default_accept
style_synth_02805,send_reminder,0.636,0.593,0.961,0.163,0,low_confidence_default_reject
style_synth_02806,draft_message,0.847,0.843,0.153,0.035,0,risky_irreversible_low_conf
style_synth_02807,schedule_event,0.832,0.271,0.053,0.27,0,risky_irreversible_low_conf
style_synth_02808,draft_message,0.878,0.537,0.538,0.329,1,confident_default_accept
style_synth_02809,schedule_event,0.365,0.184,0.732,0.083,0,low_trust_user
style_synth_02810,draft_message,0.756,0.659,0.417,0.394,1,confident_default_accept
style_synth_02811,schedule_event,0.933,0.907,0.217,0.148,1,high_trust_high_conf
style_synth_02812,draft_message,0.732,0.883,0.556,0.306,1,high_trust_high_conf
style_synth_02813,reorganize_files,0.87,0.431,0.54,0.32,1,confident_default_accept
style_synth_02814,draft_message,0.909,0.424,0.758,0.521,1,confident_default_accept
style_synth_02815,schedule_event,0.88,0.742,0.396,0.313,1,high_trust_high_conf
style_synth_02816,pay_bill,0.828,0.745,0.352,0.431,1,high_trust_high_conf
style_synth_02817,pay_bill,0.855,0.543,0.614,0.199,1,confident_default_accept
style_synth_02818,send_reminder,0.714,0.76,0.082,0.223,0,risky_irreversible_low_conf
style_synth_02819,reorganize_files,0.806,0.728,0.227,0.516,0,risky_irreversible_low_conf
style_synth_02820,reorganize_files,0.796,0.562,0.635,0.37,1,confident_default_accept
style_synth_02821,draft_message,0.723,0.645,0.407,0.399,1,confident_default_accept
style_synth_02822,draft_message,0.58,0.435,0.126,0.102,0,risky_irreversible_low_conf
style_synth_02823,draft_message,0.338,0.581,0.306,0.126,0,low_confidence_default_reject
style_synth_02824,schedule_event,0.938,0.329,0.351,0.294,1,confident_default_accept
style_synth_02825,send_reminder,0.459,0.319,0.299,0.251,0,risky_irreversible_low_conf
style_synth_02826,draft_message,0.64,0.575,0.845,0.379,0,low_confidence_default_reject
style_synth_02827,reorganize_files,0.923,0.227,0.604,0.32,0,low_trust_user
style_synth_02828,draft_message,0.464,0.384,0.053,0.163,0,risky_irreversible_low_conf
style_synth_02829,reorganize_files,0.605,0.716,0.917,0.214,0,low_confidence_default_reject
style_synth_02830,pay_bill,0.704,0.291,0.209,0.171,0,risky_irreversible_low_conf
style_synth_02831,send_reminder,0.772,0.662,0.458,0.218,1,confident_default_accept
style_synth_02832,pay_bill,0.679,0.518,0.42,0.453,0,low_confidence_default_reject
style_synth_02833,reorganize_files,0.443,0.622,0.851,0.33,0,low_confidence_default_reject
style_synth_02834,draft_message,0.642,0.289,0.458,0.353,0,low_trust_user
style_synth_02835,send_reminder,0.875,0.729,0.245,0.267,1,high_trust_high_conf
style_synth_02836,draft_message,0.453,0.56,0.784,0.149,0,low_confidence_default_reject
style_synth_02837,send_reminder,0.496,0.386,0.064,0.086,0,risky_irreversible_low_conf
style_synth_02838,reorganize_files,0.617,0.665,0.14,0.496,0,risky_irreversible_low_conf
style_synth_02839,send_reminder,0.872,0.68,0.819,0.42,1,confident_default_accept
style_synth_02840,schedule_event,0.754,0.557,0.81,0.382,1,confident_default_accept
style_synth_02841,schedule_event,0.724,0.586,0.269,0.456,0,risky_irreversible_low_conf
style_synth_02842,pay_bill,0.493,0.508,0.138,0.318,1,risky_irreversible_low_conf
style_synth_02843,pay_bill,0.602,0.641,0.078,0.207,0,risky_irreversible_low_conf
style_synth_02844,send_reminder,0.331,0.728,0.682,0.252,0,low_confidence_default_reject
style_synth_02845,schedule_event,0.537,0.437,0.211,0.159,0,risky_irreversible_low_conf
style_synth_02846,send_reminder,0.77,0.601,0.269,0.066,0,risky_irreversible_low_conf
style_synth_02847,schedule_event,0.592,0.592,0.066,0.151,0,risky_irreversible_low_conf
style_synth_02848,draft_message,0.697,0.681,0.521,0.229,0,low_confidence_default_reject
style_synth_02849,draft_message,0.679,0.414,0.895,0.107,0,low_confidence_default_reject
style_synth_02850,send_reminder,0.568,0.406,0.97,0.291,0,low_confidence_default_reject
style_synth_02851,pay_bill,0.921,0.53,0.341,0.42,1,confident_default_accept
style_synth_02852,draft_message,0.821,0.487,0.528,0.224,1,confident_default_accept
style_synth_02853,send_reminder,0.807,0.726,0.884,0.418,1,high_trust_high_conf
style_synth_02854,send_reminder,0.69,0.379,0.686,0.399,0,low_confidence_default_reject
style_synth_02855,schedule_event,0.636,0.635,0.461,0.073,0,low_confidence_default_reject
style_synth_02856,schedule_event,0.533,0.699,0.916,0.115,0,low_confidence_default_reject
style_synth_02857,send_reminder,0.789,0.831,0.197,0.528,0,risky_irreversible_low_conf
style_synth_02858,pay_bill,0.828,0.521,0.859,0.594,1,confident_default_accept
style_synth_02859,pay_bill,0.762,0.71,0.687,0.563,1,high_trust_high_conf
style_synth_02860,reorganize_files,0.686,0.556,0.999,0.133,0,low_confidence_default_reject
style_synth_02861,reorganize_files,0.759,0.843,0.261,0.157,0,risky_irreversible_low_conf
style_synth_02862,schedule_event,0.614,0.733,0.676,0.099,0,low_confidence_default_reject
style_synth_02863,draft_message,0.452,0.815,0.285,0.2,0,risky_irreversible_low_conf
style_synth_02864,reorganize_files,0.718,0.474,0.892,0.137,1,confident_default_accept
style_synth_02865,send_reminder,0.722,0.58,0.355,0.407,1,confident_default_accept
style_synth_02866,pay_bill,0.678,0.386,0.072,0.431,1,risky_irreversible_low_conf
style_synth_02867,draft_message,0.871,0.606,0.043,0.223,1,confident_default_accept
style_synth_02868,reorganize_files,0.791,0.305,0.573,0.359,1,confident_default_accept
style_synth_02869,pay_bill,0.743,0.547,0.626,0.333,1,confident_default_accept
style_synth_02870,send_reminder,0.606,0.771,0.81,0.495,0,low_confidence_default_reject
style_synth_02871,send_reminder,0.826,0.5,0.636,0.639,0,novel_action_distrust
style_synth_02872,schedule_event,0.86,0.776,0.585,0.352,0,high_trust_high_conf
style_synth_02873,draft_message,0.861,0.58,0.57,0.705,0,novel_action_distrust
style_synth_02874,draft_message,0.831,0.779,0.52,0.187,1,high_trust_high_conf
style_synth_02875,reorganize_files,0.854,0.798,0.411,0.099,1,high_trust_high_conf
style_synth_02876,draft_message,0.654,0.726,0.411,0.322,0,low_confidence_default_reject
style_synth_02877,pay_bill,0.941,0.679,0.924,0.541,1,confident_default_accept
style_synth_02878,schedule_event,0.967,0.207,0.338,0.455,1,low_trust_user
style_synth_02879,draft_message,0.868,0.398,0.453,0.248,1,confident_default_accept
style_synth_02880,draft_message,0.75,0.31,0.532,0.212,1,confident_default_accept
style_synth_02881,schedule_event,0.642,0.584,0.216,0.356,0,risky_irreversible_low_conf
style_synth_02882,draft_message,0.759,0.678,0.3,0.408,1,confident_default_accept
style_synth_02883,send_reminder,0.966,0.821,0.214,0.289,1,high_trust_high_conf
style_synth_02884,schedule_event,0.653,0.522,0.796,0.355,0,low_confidence_default_reject
style_synth_02885,schedule_event,0.681,0.515,0.924,0.47,0,low_confidence_default_reject
style_synth_02886,pay_bill,0.962,0.552,0.11,0.363,1,confident_default_accept
style_synth_02887,reorganize_files,0.723,0.564,0.346,0.071,1,confident_default_accept
style_synth_02888,pay_bill,0.733,0.605,0.945,0.348,1,confident_default_accept
style_synth_02889,draft_message,0.872,0.384,0.884,0.174,1,confident_default_accept
style_synth_02890,draft_message,0.223,0.387,0.646,0.327,0,low_confidence_default_reject
style_synth_02891,send_reminder,0.98,0.441,0.841,0.252,1,confident_default_accept
style_synth_02892,send_reminder,0.978,0.827,0.735,0.213,1,high_trust_high_conf
style_synth_02893,draft_message,0.607,0.559,0.917,0.501,0,low_confidence_default_reject
style_synth_02894,schedule_event,0.897,0.725,0.409,0.252,1,high_trust_high_conf
style_synth_02895,reorganize_files,0.532,0.508,0.623,0.213,0,low_confidence_default_reject
style_synth_02896,send_reminder,0.862,0.328,0.472,0.152,1,confident_default_accept
style_synth_02897,schedule_event,0.763,0.223,0.721,0.282,1,low_trust_user
style_synth_02898,draft_message,0.42,0.815,0.017,0.228,0,risky_irreversible_low_conf
style_synth_02899,draft_message,0.911,0.55,0.57,0.216,1,confident_default_accept
style_synth_02900,pay_bill,0.449,0.805,0.718,0.151,0,low_confidence_default_reject
style_synth_02901,schedule_event,0.717,0.455,0.824,0.225,1,confident_default_accept
style_synth_02902,schedule_event,0.67,0.698,0.996,0.342,0,low_confidence_default_reject
style_synth_02903,send_reminder,0.267,0.195,0.68,0.045,0,low_trust_user
style_synth_02904,reorganize_files,0.823,0.57,0.022,0.355,1,risky_irreversible_low_conf
style_synth_02905,reorganize_files,0.762,0.638,0.227,0.276,0,risky_irreversible_low_conf
style_synth_02906,reorganize_files,0.879,0.66,0.53,0.422,1,confident_default_accept
style_synth_02907,send_reminder,0.563,0.516,0.953,0.149,0,low_confidence_default_reject
style_synth_02908,pay_bill,0.679,0.736,0.902,0.39,0,low_confidence_default_reject
style_synth_02909,reorganize_files,0.934,0.726,0.418,0.068,1,high_trust_high_conf
style_synth_02910,reorganize_files,0.64,0.516,0.324,0.421,0,low_confidence_default_reject
style_synth_02911,draft_message,0.777,0.63,0.293,0.063,0,risky_irreversible_low_conf
style_synth_02912,reorganize_files,0.743,0.402,0.053,0.35,0,risky_irreversible_low_conf
style_synth_02913,send_reminder,0.768,0.686,0.995,0.096,1,confident_default_accept
style_synth_02914,reorganize_files,0.945,0.918,0.159,0.742,1,high_trust_high_conf
style_synth_02915,schedule_event,0.521,0.755,0.315,0.325,0,low_confidence_default_reject
style_synth_02916,pay_bill,0.63,0.404,0.39,0.394,0,low_confidence_default_reject
style_synth_02917,draft_message,0.75,0.269,0.564,0.404,0,low_trust_user
style_synth_02918,reorganize_files,0.699,0.506,0.268,0.15,0,risky_irreversible_low_conf
style_synth_02919,schedule_event,0.817,0.589,0.143,0.126,0,risky_irreversible_low_conf
style_synth_02920,send_reminder,0.667,0.539,0.996,0.27,0,low_confidence_default_reject
style_synth_02921,draft_message,0.491,0.806,0.468,0.194,0,low_confidence_default_reject
style_synth_02922,schedule_event,0.921,0.651,0.447,0.337,1,confident_default_accept
style_synth_02923,send_reminder,0.685,0.647,0.136,0.42,0,risky_irreversible_low_conf
style_synth_02924,send_reminder,0.689,0.329,0.776,0.257,0,low_confidence_default_reject
style_synth_02925,pay_bill,0.555,0.506,0.964,0.152,0,low_confidence_default_reject
style_synth_02926,reorganize_files,0.895,0.257,0.725,0.116,0,low_trust_user
style_synth_02927,draft_message,0.527,0.197,0.712,0.183,0,low_trust_user
style_synth_02928,pay_bill,0.868,0.306,0.516,0.081,1,confident_default_accept
style_synth_02929,draft_message,0.785,0.934,0.631,0.279,1,high_trust_high_conf
style_synth_02930,pay_bill,0.626,0.245,0.988,0.413,0,low_trust_user
style_synth_02931,pay_bill,0.701,0.567,0.016,0.092,0,risky_irreversible_low_conf
style_synth_02932,draft_message,0.948,0.419,0.058,0.187,1,confident_default_accept
style_synth_02933,schedule_event,0.774,0.757,0.9,0.161,1,high_trust_high_conf
style_synth_02934,draft_message,0.724,0.744,0.379,0.201,1,high_trust_high_conf
style_synth_02935,schedule_event,0.483,0.584,0.017,0.386,0,risky_irreversible_low_conf
style_synth_02936,send_reminder,0.794,0.55,0.116,0.207,0,risky_irreversible_low_conf
style_synth_02937,reorganize_files,0.61,0.635,0.239,0.146,0,risky_irreversible_low_conf
style_synth_02938,send_reminder,0.814,0.579,0.772,0.219,1,confident_default_accept
style_synth_02939,pay_bill,0.703,0.706,0.542,0.104,1,high_trust_high_conf
style_synth_02940,send_reminder,0.476,0.354,0.961,0.177,1,low_confidence_default_reject
style_synth_02941,draft_message,0.72,0.607,0.627,0.426,1,confident_default_accept
style_synth_02942,reorganize_files,0.78,0.695,0.011,0.61,0,risky_irreversible_low_conf
style_synth_02943,schedule_event,0.664,0.739,0.578,0.328,0,low_confidence_default_reject
style_synth_02944,reorganize_files,0.695,0.458,0.28,0.412,0,risky_irreversible_low_conf
style_synth_02945,send_reminder,0.82,0.181,0.664,0.444,0,low_trust_user
style_synth_02946,draft_message,0.675,0.697,0.915,0.151,0,low_confidence_default_reject
style_synth_02947,pay_bill,0.725,0.686,0.626,0.146,1,confident_default_accept
style_synth_02948,reorganize_files,0.56,0.429,0.066,0.175,0,risky_irreversible_low_conf
style_synth_02949,send_reminder,0.69,0.718,0.018,0.291,0,risky_irreversible_low_conf
style_synth_02950,schedule_event,0.413,0.605,0.289,0.566,0,risky_irreversible_low_conf
style_synth_02951,draft_message,0.89,0.756,0.944,0.351,1,high_trust_high_conf
style_synth_02952,send_reminder,0.399,0.562,0.511,0.089,0,low_confidence_default_reject
style_synth_02953,reorganize_files,0.484,0.717,0.684,0.215,0,low_confidence_default_reject
style_synth_02954,reorganize_files,0.755,0.673,0.905,0.212,1,confident_default_accept
style_synth_02955,draft_message,0.745,0.536,0.133,0.375,0,risky_irreversible_low_conf
style_synth_02956,pay_bill,0.534,0.63,0.338,0.043,0,low_confidence_default_reject
style_synth_02957,reorganize_files,0.336,0.694,0.218,0.376,0,risky_irreversible_low_conf
style_synth_02958,send_reminder,0.869,0.569,0.777,0.342,1,confident_default_accept
style_synth_02959,schedule_event,0.568,0.553,0.346,0.238,0,low_confidence_default_reject
style_synth_02960,draft_message,0.837,0.593,0.293,0.276,0,risky_irreversible_low_conf
style_synth_02961,draft_message,0.6,0.664,0.694,0.303,0,low_confidence_default_reject
style_synth_02962,send_reminder,0.938,0.797,0.268,0.118,1,high_trust_high_conf
style_synth_02963,send_reminder,0.92,0.685,0.109,0.225,1,confident_default_accept
style_synth_02964,draft_message,0.798,0.238,0.087,0.48,0,risky_irreversible_low_conf
style_synth_02965,send_reminder,0.712,0.3,0.001,0.235,0,risky_irreversible_low_conf
style_synth_02966,send_reminder,0.522,0.659,0.274,0.455,0,risky_irreversible_low_conf
style_synth_02967,schedule_event,0.861,0.759,0.379,0.121,1,high_trust_high_conf
style_synth_02968,schedule_event,0.963,0.632,0.904,0.194,1,confident_default_accept
style_synth_02969,schedule_event,0.684,0.567,0.801,0.167,0,low_confidence_default_reject
style_synth_02970,reorganize_files,0.736,0.222,0.113,0.131,0,risky_irreversible_low_conf
style_synth_02971,reorganize_files,0.736,0.657,0.095,0.114,0,risky_irreversible_low_conf
style_synth_02972,pay_bill,0.614,0.572,0.982,0.302,0,low_confidence_default_reject
style_synth_02973,schedule_event,0.56,0.337,0.61,0.235,0,low_confidence_default_reject
style_synth_02974,schedule_event,0.674,0.422,0.231,0.68,0,risky_irreversible_low_conf
style_synth_02975,send_reminder,0.866,0.665,0.611,0.149,1,confident_default_accept
style_synth_02976,draft_message,0.57,0.641,0.632,0.152,0,low_confidence_default_reject
style_synth_02977,draft_message,0.636,0.628,0.922,0.173,0,low_confidence_default_reject
style_synth_02978,reorganize_files,0.648,0.515,0.259,0.353,0,risky_irreversible_low_conf
style_synth_02979,draft_message,0.435,0.496,0.051,0.297,1,risky_irreversible_low_conf
style_synth_02980,send_reminder,0.885,0.248,0.144,0.358,1,low_trust_user
style_synth_02981,pay_bill,0.88,0.522,0.479,0.208,1,confident_default_accept
style_synth_02982,send_reminder,0.889,0.747,0.431,0.089,0,high_trust_high_conf
style_synth_02983,reorganize_files,0.828,0.439,0.542,0.126,1,confident_default_accept
style_synth_02984,send_reminder,0.761,0.292,0.916,0.334,0,low_trust_user
style_synth_02985,schedule_event,0.621,0.189,0.488,0.243,0,low_trust_user
style_synth_02986,schedule_event,0.622,0.756,0.564,0.388,0,low_confidence_default_reject
style_synth_02987,pay_bill,0.776,0.292,0.324,0.338,0,low_trust_user
style_synth_02988,schedule_event,0.416,0.865,0.219,0.443,0,risky_irreversible_low_conf
style_synth_02989,pay_bill,0.73,0.588,0.221,0.475,0,risky_irreversible_low_conf
style_synth_02990,schedule_event,0.544,0.657,0.624,0.356,0,low_confidence_default_reject
style_synth_02991,pay_bill,0.777,0.476,0.991,0.404,1,confident_default_accept
style_synth_02992,schedule_event,0.779,0.576,0.487,0.424,1,confident_default_accept
style_synth_02993,draft_message,0.605,0.42,0.714,0.583,0,low_confidence_default_reject
style_synth_02994,schedule_event,0.92,0.488,0.536,0.179,1,confident_default_accept
style_synth_02995,reorganize_files,0.669,0.532,0.819,0.339,0,low_confidence_default_reject
style_synth_02996,reorganize_files,0.89,0.367,0.162,0.568,1,confident_default_accept
style_synth_02997,draft_message,0.655,0.204,0.733,0.219,0,low_trust_user
style_synth_02998,reorganize_files,0.888,0.71,0.598,0.182,1,high_trust_high_conf
style_synth_02999,reorganize_files,0.84,0.289,0.116,0.603,0,risky_irreversible_low_conf
